source_filename,eventid,iyear,imonth,iday,approxdate,extended,resolution,country,country_txt,region,region_txt,provstate,city,latitude,longitude,specificity,vicinity,location,summary,crit1,crit2,crit3,doubtterr,alternative,alternative_txt,multiple,success,suicide,attacktype1,attacktype1_txt,attacktype2,attacktype2_txt,attacktype3,attacktype3_txt,targtype1,targtype1_txt,targsubtype1,targsubtype1_txt,corp1,target1,natlty1,natlty1_txt,targtype2,targtype2_txt,targsubtype2,targsubtype2_txt,corp2,target2,natlty2,natlty2_txt,targtype3,targtype3_txt,targsubtype3,targsubtype3_txt,corp3,target3,natlty3,natlty3_txt,gname,gsubname,gname2,gsubname2,gname3,gsubname3,motive,guncertain1,guncertain2,guncertain3,individual,nperps,nperpcap,claimed,claimmode,claimmode_txt,claim2,claimmode2,claimmode2_txt,claim3,claimmode3,claimmode3_txt,compclaim,weaptype1,weaptype1_txt,weapsubtype1,weapsubtype1_txt,weaptype2,weaptype2_txt,weapsubtype2,weapsubtype2_txt,weaptype3,weaptype3_txt,weapsubtype3,weapsubtype3_txt,weaptype4,weaptype4_txt,weapsubtype4,weapsubtype4_txt,weapdetail,nkill,nkillus,nkillter,nwound,nwoundus,nwoundte,property,propextent,propextent_txt,propvalue,propcomment,ishostkid,nhostkid,nhostkidus,nhours,ndays,divert,kidhijcountry,ransom,ransomamt,ransomamtus,ransompaid,ransompaidus,ransomnote,hostkidoutcome,hostkidoutcome_txt,nreleased,addnotes,scite1,scite2,scite3,dbsource,INT_LOG,INT_IDEO,INT_MISC,INT_ANY,related,perp_text,narrative_text,iyear_num,formal_name_hit,generic_jihadi_hit,low_info_label_hit,core_text_hit,allegiance_text_hit,exclusion_only_hit,claim_hit,weak_is_signal,is_inspired_score,generic_jihadi_review_hit,low_info_review_hit,review_candidate,is_inspired_class,inclusion_reason
data/globalterrorismdb_0522dist.csv,198305120006,1983,5,12,NA,0,NA,217,United States,1,North America,New York,Hempstead,40.70991,-73.622794,1,0,The incident occurred at an army reserve center near Hofstra college campus in Long Island.,"05/12/1983: A bomb exploded at the Roosevelt Army Reserve Center in Hempstead, Long Island, in New York, United States, causing extensive glass and structural damage. No casualties resulted from the incident, which was claimed by the United Freedom Front (UFF). About twenty-five minutes before the explosion, an anonymous female claiming to speak for the UFF called the Middle Earth Crisis, warning of the bomb, and a similar call was made to the Dunkin Donuts near the reserve center. The device was placed in an attaché case and labeled ""bomb, explosive.""  This incident is linked to the bombing of the U.S. Naval Army Reserve in Queens, New York less than two hours later, also by the UFF (198305130007).",1,1,1,0,NA,NA,1,1,0,3,Bombing/Explosion,NA,NA,NA,NA,4,Military,27,Military Barracks/Base/Headquarters/Checkpost,Roosevelt Army Reserve Center,army reserve center,217,United States,NA,NA,NA,NA,NA,NA,NA,NA,NA,NA,NA,NA,NA,NA,NA,NA,United Freedom Front (UFF),NA,NA,NA,NA,NA,Unknown,0,NA,NA,0,-99,-99,1,10,Unknown,NA,NA,NA,NA,NA,NA,NA,6,Explosives,28,Dynamite/TNT,NA,NA,NA,NA,NA,NA,NA,NA,NA,NA,NA,NA,four sticks of dynamite placed inside attaché case,0,0,0,0,0,0,1,3,Minor (likely < $1 million),-99,extensive glass and structural damage,0,NA,NA,NA,NA,NA,NA,NA,NA,NA,NA,NA,NA,NA,NA,NA,Explosion occurred at 11:00pm.,"""Bombs in Attache Cases Damage Two Military Offices,"" The Associated Press, May 13, 1983.","Leonard Buder, ""F.B.I Is Seeking Terrorist Group For 2 Bombings,"" New York Times, May 14, 1983.","""FBI Analysis of Terrorist Incidents in the United States: 1983,"" Terrorist Research and Analytical Center, Terrorism Section, Criminal Investigative Division, FBI, DOJ, 1983.",Hewitt Project,0,0,0,0,"198305120006, 198305130007",United Freedom Front (UFF) ||  ||  ||  ||  || ,"05/12/1983: A bomb exploded at the Roosevelt Army Reserve Center in Hempstead, Long Island, in New York, United States, causing extensive glass and structural damage. No casualties resulted from the incident, which was claimed by the United Freedom Front (UFF). About twenty-five minutes before the explosion, an anonymous female claiming to speak for the UFF called the Middle Earth Crisis, warning of the bomb, and a similar call was made to the Dunkin Donuts near the reserve center. The device was placed in an attaché case and labeled ""bomb, explosive.""  This incident is linked to the bombing of the U.S. Naval Army Reserve in Queens, New York less than two hours later, also by the UFF (198305130007). || Unknown || Explosion occurred at 11:00pm.",1983,FALSE,FALSE,FALSE,TRUE,FALSE,FALSE,TRUE,TRUE,5,FALSE,FALSE,TRUE,probable_inspired,high_score_text_claim_signal
data/globalterrorismdb_0522dist.csv,199407310007,1994,7,31,NA,0,NA,6,Algeria,10,Middle East & North Africa,Algiers,Unknown,36.782864,3.303249,4,0,NA,NA,1,1,1,0,NA,NA,0,1,0,1,Assassination,NA,NA,NA,NA,2,Government (General),18,"Government Personnel (excluding police, military)",Muslim Fundamentalists,"Group Leader Abdelkader (alias Mouloud) Hattab, 47, his wife & 9 followers",6,Algeria,NA,NA,NA,NA,NA,NA,NA,NA,NA,NA,NA,NA,NA,NA,NA,NA,Movement of the Islamic State (MEI),NA,NA,NA,NA,NA,NA,0,NA,NA,0,NA,NA,NA,NA,NA,NA,NA,NA,NA,NA,NA,NA,5,Firearms,5,Unknown Gun Type,NA,NA,NA,NA,NA,NA,NA,NA,NA,NA,NA,NA,NA,11,0,NA,0,0,NA,0,NA,NA,NA,NA,0,NA,NA,NA,NA,NA,NA,0,NA,NA,NA,NA,NA,NA,NA,NA,NA,NA,NA,NA,PGIS,0,0,0,0,NA,Movement of the Islamic State (MEI) ||  ||  ||  ||  || , ||  || ,1994,FALSE,FALSE,FALSE,TRUE,TRUE,FALSE,FALSE,TRUE,5,FALSE,FALSE,TRUE,probable_inspired,high_score_text_claim_signal
data/globalterrorismdb_0522dist.csv,199905180003,1999,5,18,NA,0,NA,160,Philippines,5,Southeast Asia,Maguindanao,Buldon,7.514969,124.372309,1,0,NA,"05/18/1999: Perpetrators suspected to belong to the Moro Islamic Liberation Front (MILF) fired mortars and rockets at two Philippine Army posts located in the town of Buldon. Philippine Army forces counterattacked, resulting in an hour-long gun battle. There were no casualties in this incident.",1,1,1,1,1,Insurgency/Guerilla Action,0,1,0,2,Armed Assault,NA,NA,NA,NA,4,Military,27,Military Barracks/Base/Headquarters/Checkpost,Philippine Army,Two Philippine Army posts located in the town of Buldon,160,Philippines,NA,NA,NA,NA,NA,NA,NA,NA,NA,NA,NA,NA,NA,NA,NA,NA,Moro Islamic Liberation Front (MILF),NA,NA,NA,NA,NA,Unknown,1,NA,NA,0,NA,0,0,NA,NA,NA,NA,NA,NA,NA,NA,NA,6,Explosives,11,"Projectile (rockets, mortars, RPGs, etc.)",6,Explosives,11,"Projectile (rockets, mortars, RPGs, etc.)",5,Firearms,2,Automatic or Semi-Automatic Rifle,NA,NA,NA,NA,Mortars and B40 rockets were used in the attack.,0,0,0,0,0,0,-9,NA,NA,NA,NA,0,NA,NA,NA,NA,NA,NA,NA,NA,NA,NA,NA,NA,NA,NA,NA,"The Philippine government had been holding peace negotiations with both Islamic and Communist rebels during the time of the attacks. Formal talks with the Moro Islamic Liberation Front (MILF), fighting for a separate Islamic state, had yet to start with the group and Manila was still ironing out differences on the venue of the meetings. Although MILF did not claim responsibility for the attacks, the government believed that they were responsible.","“Soldier, communist rebel killed in southern Philippine clashes,” Deutsche Presse-Agentur, May 18, 1999.",NA,NA,CETIS,0,0,0,0,NA,Moro Islamic Liberation Front (MILF) ||  ||  ||  ||  || ,"05/18/1999: Perpetrators suspected to belong to the Moro Islamic Liberation Front (MILF) fired mortars and rockets at two Philippine Army posts located in the town of Buldon. Philippine Army forces counterattacked, resulting in an hour-long gun battle. There were no casualties in this incident. || Unknown || The Philippine government had been holding peace negotiations with both Islamic and Communist rebels during the time of the attacks. Formal talks with the Moro Islamic Liberation Front (MILF), fighting for a separate Islamic state, had yet to start with the group and Manila was still ironing out differences on the venue of the meetings. Although MILF did not claim responsibility for the attacks, the government believed that they were responsible.",1999,FALSE,FALSE,FALSE,TRUE,TRUE,FALSE,FALSE,TRUE,5,FALSE,FALSE,TRUE,probable_inspired,high_score_text_claim_signal
data/globalterrorismdb_0522dist.csv,199906010008,1999,6,1,NA,0,NA,93,Indonesia,5,Southeast Asia,Aceh,Keudee Geureubak,4.358267,98.175594,1,0,NA,"06/01/1999: Twenty to sixty suspected Islamic separatists, armed with AK-47 rifles and hand grenades, raided the village of Keudee Geureubak in Idi Rayeuh District, Indonesia. The perpetrators also abducted and subsequently killed two soldiers and one civilian. The three bodies were found later that evening with multiple stab wounds, broken necks, and hands bound on a deserted road in Teupin Batee, also in Idi Rayeuh District. The attack occurred in the context of a wave of violence in Aceh Province, due to upcoming elections and the demand by separatists for an independent Islamic State.",1,1,1,0,NA,NA,0,1,0,6,Hostage Taking (Kidnapping),2,Armed Assault,NA,NA,14,Private Citizens & Property,75,Village/City/Town/Suburb,Village of Keudee Geureubak,Village of Keudee Geureubak,93,Indonesia,NA,NA,NA,NA,NA,NA,NA,NA,NA,NA,NA,NA,NA,NA,NA,NA,Separatists,NA,NA,NA,NA,NA,Unknown,1,NA,NA,0,40,0,0,NA,NA,NA,NA,NA,NA,NA,NA,NA,5,Firearms,2,Automatic or Semi-Automatic Rifle,9,Melee,23,Knife or Other Sharp Object,6,Explosives,7,Grenade,NA,NA,NA,NA,NA,3,0,0,NA,0,NA,0,NA,NA,NA,NA,1,3,0,-99,NA,NA,NA,0,NA,NA,NA,NA,NA,4,Hostage(s) killed (not during rescue attempt),0,NA,"""Two soldiers, one civilian killed in Aceh,"" The Jakarta Post, June 10, 1999.","""Two soldiers, one civilian killed in troubled Aceh,"" Associated Press Worldstream, June 10, 1999.",NA,CETIS,-9,-9,0,-9,NA,Separatists ||  ||  ||  ||  || ,"06/01/1999: Twenty to sixty suspected Islamic separatists, armed with AK-47 rifles and hand grenades, raided the village of Keudee Geureubak in Idi Rayeuh District, Indonesia. The perpetrators also abducted and subsequently killed two soldiers and one civilian. The three bodies were found later that evening with multiple stab wounds, broken necks, and hands bound on a deserted road in Teupin Batee, also in Idi Rayeuh District. The attack occurred in the context of a wave of violence in Aceh Province, due to upcoming elections and the demand by separatists for an independent Islamic State. || Unknown || ",1999,FALSE,FALSE,FALSE,TRUE,TRUE,FALSE,FALSE,TRUE,5,FALSE,FALSE,TRUE,probable_inspired,high_score_text_claim_signal
data/globalterrorismdb_0522dist.csv,199906010006,1999,6,1,NA,0,NA,93,Indonesia,5,Southeast Asia,Aceh,Lingkok,5.54999,95.316667,4,0,NA,"06/01/1999: At least four unidentified armed men in camouflage uniforms fired on four soldiers of the Lamlho Military Sector Command in Sakti sub-district, Pidie, Indonesia. Two soldiers were killed and the other two escaped. The attack occurred in the context of a wave of violence in Aceh Province, due to upcoming elections and separatists demanding an independent Islamic State.",1,1,0,1,1,Insurgency/Guerilla Action,0,1,0,2,Armed Assault,NA,NA,NA,NA,4,Military,34,"Military Personnel (soldiers, troops, officers, forces)",Indonesian Military,Lamlho Military Sector Command soldiers,93,Indonesia,NA,NA,NA,NA,NA,NA,NA,NA,NA,NA,NA,NA,NA,NA,NA,NA,Unknown,NA,NA,NA,NA,NA,Unknown,0,NA,NA,0,NA,0,0,NA,NA,NA,NA,NA,NA,NA,NA,NA,5,Firearms,5,Unknown Gun Type,NA,NA,NA,NA,NA,NA,NA,NA,NA,NA,NA,NA,NA,2,0,0,NA,0,NA,0,NA,NA,NA,NA,0,NA,NA,NA,NA,NA,NA,NA,NA,NA,NA,NA,NA,NA,NA,NA,NA,"""Rebel Fighters Kill Official, Two Soldiers In Aceh,"" Banda Aceh Serambi Indonesia (Internet Version), June 3, 1999.","""Gunmen kill 2 soldiers in troubled Aceh,"" Agence France Presse, June 3, 1999.",NA,CETIS,-9,-9,0,-9,NA,Unknown ||  ||  ||  ||  || ,"06/01/1999: At least four unidentified armed men in camouflage uniforms fired on four soldiers of the Lamlho Military Sector Command in Sakti sub-district, Pidie, Indonesia. Two soldiers were killed and the other two escaped. The attack occurred in the context of a wave of violence in Aceh Province, due to upcoming elections and separatists demanding an independent Islamic State. || Unknown || ",1999,FALSE,FALSE,TRUE,TRUE,TRUE,FALSE,FALSE,TRUE,6,FALSE,TRUE,TRUE,probable_inspired,high_score_text_claim_signal
data/globalterrorismdb_0522dist.csv,199906020001,1999,6,2,NA,0,NA,93,Indonesia,5,Southeast Asia,Aceh,Pidie,5.380556,95.954722,1,0,NA,"06/02/1999: Two unidentified soldiers were killed when a group of men in combat fatigues attacked four members of the Kota Bakti Military Sector Command in Pidie, Aceh Province, Indonesia. Some reports also noted a civilian death, but it was not known whether any injuries were suffered as well. The attack occurred in the context of a wave of violence in Aceh Province, due to upcoming elections and separatists demanding an independent Islamic State.",1,1,0,1,1,Insurgency/Guerilla Action,0,1,0,2,Armed Assault,NA,NA,NA,NA,4,Military,27,Military Barracks/Base/Headquarters/Checkpost,Indonesian Military,Kota Bakti Military Sector Command,93,Indonesia,NA,NA,NA,NA,NA,NA,NA,NA,NA,NA,NA,NA,NA,NA,NA,NA,Unknown,NA,NA,NA,NA,NA,Unknown,0,NA,NA,0,NA,0,0,NA,NA,NA,NA,NA,NA,NA,NA,NA,5,Firearms,5,Unknown Gun Type,NA,NA,NA,NA,NA,NA,NA,NA,NA,NA,NA,NA,NA,2,0,0,NA,0,NA,0,NA,NA,NA,NA,0,NA,NA,NA,NA,NA,NA,NA,NA,NA,NA,NA,NA,NA,NA,NA,NA,"""Rebel Fighters Kill Official, Two Soldiers In Aceh,"" Banda Aceh Serambi Indonesia (Internet Version), June 3, 1999.","""Two soldiers, one civilian killed in troubled Aceh,"" Associated Press Worldstream, June 10, 1999.",NA,CETIS,-9,-9,0,-9,NA,Unknown ||  ||  ||  ||  || ,"06/02/1999: Two unidentified soldiers were killed when a group of men in combat fatigues attacked four members of the Kota Bakti Military Sector Command in Pidie, Aceh Province, Indonesia. Some reports also noted a civilian death, but it was not known whether any injuries were suffered as well. The attack occurred in the context of a wave of violence in Aceh Province, due to upcoming elections and separatists demanding an independent Islamic State. || Unknown || ",1999,FALSE,FALSE,TRUE,TRUE,TRUE,FALSE,FALSE,TRUE,6,FALSE,TRUE,TRUE,probable_inspired,high_score_text_claim_signal
data/globalterrorismdb_0522dist.csv,199906020005,1999,6,2,NA,0,NA,93,Indonesia,5,Southeast Asia,Aceh,Trumon,2.64413,97.790807,3,1,NA,"06/02/1999: Two unidentified armed rebels fired on a truck in the Trumon area, which was carrying ballot papers for the upcoming election, killing a local election supervision official and injuring the driver of a mini-bus behind the truck. The attack occurred in the context of a wave of violence in Aceh Province, due to upcoming elections and separatists demanding an independent Islamic State.",1,1,1,0,NA,NA,0,1,0,2,Armed Assault,NA,NA,NA,NA,2,Government (General),19,Election-related,Election Ballots,Truck transporting ballot papers for the upcoming election,93,Indonesia,NA,NA,NA,NA,NA,NA,NA,NA,NA,NA,NA,NA,NA,NA,NA,NA,Unknown,NA,NA,NA,NA,NA,Unknown,0,NA,NA,0,2,0,0,NA,NA,NA,NA,NA,NA,NA,NA,NA,5,Firearms,5,Unknown Gun Type,NA,NA,NA,NA,NA,NA,NA,NA,NA,NA,NA,NA,NA,1,0,0,1,0,0,-9,NA,NA,NA,NA,0,NA,NA,NA,NA,NA,NA,NA,NA,NA,NA,NA,NA,NA,NA,NA,NA,"""Rebel Fighters Kill Official, Two Soldiers In Aceh,"" Banda Aceh Serambi Indonesia (Internet Version), June 3, 1999.","""Aceh Ballot Paper Truct Attacked, 1 Official Killed,"" Kompas (Internet Version), June 4, 1999.",NA,CETIS,-9,-9,0,-9,NA,Unknown ||  ||  ||  ||  || ,"06/02/1999: Two unidentified armed rebels fired on a truck in the Trumon area, which was carrying ballot papers for the upcoming election, killing a local election supervision official and injuring the driver of a mini-bus behind the truck. The attack occurred in the context of a wave of violence in Aceh Province, due to upcoming elections and separatists demanding an independent Islamic State. || Unknown || ",1999,FALSE,FALSE,TRUE,TRUE,TRUE,FALSE,FALSE,TRUE,6,FALSE,TRUE,TRUE,probable_inspired,high_score_text_claim_signal
data/globalterrorismdb_0522dist.csv,200010300004,2000,10,30,NA,0,NA,93,Indonesia,5,Southeast Asia,Aceh,Kuala Langsa,4.503384,98.01066,1,0,NA,"10/30/2000: An outpost of the Water and Air Police in Kuala Langsa, East Aceh, was attacked by some 30 armed civilians believed to be separatist rebels. One policeman and one of the armed civilians were killed.",1,1,1,0,NA,NA,0,1,0,2,Armed Assault,NA,NA,NA,NA,3,Police,22,"Police Building (headquarters, station, school)",Aceh Water and Air Police,"An outpost of the Water and Air Police in Kuala Langsa, East Aceh",93,Indonesia,NA,NA,NA,NA,NA,NA,NA,NA,NA,NA,NA,NA,NA,NA,NA,NA,Free Aceh Movement (GAM),NA,NA,NA,NA,NA,Unknown,1,NA,NA,0,30,0,0,NA,NA,NA,NA,NA,NA,NA,NA,NA,5,Firearms,2,Automatic or Semi-Automatic Rifle,NA,NA,NA,NA,NA,NA,NA,NA,NA,NA,NA,NA,The attackers arrived aboard two fishing boats from two different directions and used AK-47 automatic rifles and mortars resulting in a twenty minute exchange of fire. One grenade launcher and its ammunition was found with the slain attacker.,2,0,1,NA,0,NA,-9,NA,NA,NA,NA,0,NA,NA,NA,NA,NA,NA,NA,NA,NA,NA,NA,NA,NA,NA,NA,"Free Aceh Movement (Aceh Merdeka) has been fighting for a free, Islamic state in Aceh since 1976.","“One policeman, one civilian killed in rebels attack in Aceh,” Agence France Presse, October 31, 2000.",NA,NA,CETIS,0,0,0,0,NA,Free Aceh Movement (GAM) ||  ||  ||  ||  || ,"10/30/2000: An outpost of the Water and Air Police in Kuala Langsa, East Aceh, was attacked by some 30 armed civilians believed to be separatist rebels. One policeman and one of the armed civilians were killed. || Unknown || Free Aceh Movement (Aceh Merdeka) has been fighting for a free, Islamic state in Aceh since 1976.",2000,FALSE,FALSE,FALSE,TRUE,TRUE,FALSE,FALSE,TRUE,5,FALSE,FALSE,TRUE,probable_inspired,high_score_text_claim_signal
data/globalterrorismdb_0522dist.csv,200108010009,2001,8,1,NA,0,NA,107,Kyrgyzstan,7,Central Asia,Batken,Chauvay,40.133486,72.160865,1,0,"This incident occurred near the settlement of Chauvay in the vicinity of Kizilkiya, Kyrgyzstan.","08/01/2001: Ten gunmen attacked a TV station near the town of Kizilkiya, Kyrgyzstan. Security guards responded to the assault and fended off the attackers.",1,1,1,0,NA,NA,0,1,0,7,Facility/Infrastructure Attack,NA,NA,NA,NA,16,Telecommunication,89,Television,Kyrygzstani Television,"TV transmitter and station in Kizilkiya, Kyrgyzstan",107,Kyrgyzstan,NA,NA,NA,NA,NA,NA,NA,NA,NA,NA,NA,NA,NA,NA,NA,NA,Unknown,NA,NA,NA,NA,NA,"The purpose of the TV station's seizure was to broadcast a report on the establishment of an Islamic state or government on CIS territory. The gunmen specially timed the action to coincide with the Sochi presidential summit and Islamic news centers in Afghanistan, Pakistan, and countries of the Persian Gulf were ready to pick up their broadcast.",0,NA,NA,0,10,NA,0,NA,NA,NA,NA,NA,NA,NA,NA,NA,5,Firearms,5,Unknown Gun Type,NA,NA,NA,NA,NA,NA,NA,NA,NA,NA,NA,NA,NA,NA,0,NA,NA,0,NA,1,3,Minor (likely < $1 million),NA,The barbed wired fence surrounding the TV station was damaged.,0,NA,NA,NA,NA,NA,NA,NA,NA,NA,NA,NA,NA,NA,NA,NA,NA,"“State agency confirms attack on TV relay station,” Kabar News Agency, August 1, 2001.","“Gunmen's Failed Attempt to Seize Radio Station Delays Pres Akayev,” Kommersant, August 2, 2001.",NA,CETIS,-9,-9,0,-9,NA,Unknown ||  ||  ||  ||  || ,"08/01/2001: Ten gunmen attacked a TV station near the town of Kizilkiya, Kyrgyzstan. Security guards responded to the assault and fended off the attackers. || The purpose of the TV station's seizure was to broadcast a report on the establishment of an Islamic state or government on CIS territory. The gunmen specially timed the action to coincide with the Sochi presidential summit and Islamic news centers in Afghanistan, Pakistan, and countries of the Persian Gulf were ready to pick up their broadcast. || ",2001,FALSE,FALSE,TRUE,TRUE,TRUE,FALSE,FALSE,TRUE,6,FALSE,TRUE,TRUE,probable_inspired,high_score_text_claim_signal
data/globalterrorismdb_0522dist.csv,200205010009,2002,5,1,NA,0,NA,92,India,6,South Asia,Kerala,Unknown,10.850516,76.271083,4,0,NA,"05/01/2002: Ten members of the group Porattom, which was reported to be the cultural wing of the Maoist Cultural Center (MCC), stormed the Asian Development Bank’s (ADB) consultancy office in Kerala, India, destroying almost all of its property. A Bangladeshi staff worker was assaulted during the attack as well. The attack was said to be a protest against the ADB who was about to extend a large loan to the Kerala State. The attackers made a false claim of having bombs before they were arrested.",1,1,1,0,NA,NA,0,1,0,7,Facility/Infrastructure Attack,NA,NA,NA,NA,1,Business,3,Bank/Commerce,Asian Development Bank,The Asian Development Bank's consulting office in Kerala,92,India,NA,NA,NA,NA,NA,NA,NA,NA,NA,NA,NA,NA,NA,NA,NA,NA,Porattom,NA,NA,NA,NA,NA,"According to the source, the perpetrators committed this act to protest against the Asian Development Bank's move to extend a loan to India's Kerala State, which was undergoing a financial crisis.",0,NA,NA,0,10,10,1,10,Unknown,NA,NA,NA,NA,NA,NA,-9,8,Incendiary,20,Gasoline or Alcohol,NA,NA,NA,NA,NA,NA,NA,NA,NA,NA,NA,NA,Some of the attackers poured engine oil on a worker during the attack. Although the incendiary was not ignited.,0,0,0,1,0,0,1,3,Minor (likely < $1 million),NA,The source stated that almost all of the office's property was destroyed and it detailed that computers and telephones were smashed.,0,NA,NA,NA,NA,NA,NA,NA,NA,NA,NA,NA,NA,NA,NA,NA,"The organization Porattom, reportedly the cultural wing of the Maoist Cultural Center (MCC), was blamed for the incident. The perpetrators were also said to be supportive of Ayankali Pada, the MCC's operational wing. Porattom issued a statement after the incident stating that it wanted imperialist groups from the region expelled.","Mathew Akhel, “Kerala on Alert After Attack on ADB Office,” Gulf News, May 2, 2002.",NA,NA,CETIS,0,0,0,0,NA,Porattom ||  ||  ||  ||  || ,"05/01/2002: Ten members of the group Porattom, which was reported to be the cultural wing of the Maoist Cultural Center (MCC), stormed the Asian Development Bank’s (ADB) consultancy office in Kerala, India, destroying almost all of its property. A Bangladeshi staff worker was assaulted during the attack as well. The attack was said to be a protest against the ADB who was about to extend a large loan to the Kerala State. The attackers made a false claim of having bombs before they were arrested. || According to the source, the perpetrators committed this act to protest against the Asian Development Bank's move to extend a loan to India's Kerala State, which was undergoing a financial crisis. || The organization Porattom, reportedly the cultural wing of the Maoist Cultural Center (MCC), was blamed for the incident. The perpetrators were also said to be supportive of Ayankali Pada, the MCC's operational wing. Porattom issued a statement after the incident stating that it wanted imperialist groups from the region expelled.",2002,FALSE,FALSE,FALSE,TRUE,FALSE,FALSE,TRUE,TRUE,5,FALSE,FALSE,TRUE,probable_inspired,high_score_text_claim_signal
data/globalterrorismdb_0522dist.csv,200706050001,2007,6,5,NA,0,NA,95,Iraq,10,Middle East & North Africa,Al Anbar,Amriyat al-Fallujah,33.163559,43.863106,1,0,At a crowded market.,"06/05/2007: Eighteen Iraqi civilians were killed and 15 were wounded when an Islamic State of Iraq (ISI) perpetrator detonated a suicide truck bomb at approximately 10:40 AM at a crowded market in Amiriyah, Anbar Governorate, Iraq. The bomber may have been targeting a meeting of tribal sheiks of the al-Buissa tribe which was taking place adjacent to the market, although none of these were reported killed. He gained access to the location by claiming he needed to buy some watermelons. ISI claimed credit for the attack in a post to a jihadist website on June 14.",1,1,1,0,NA,NA,0,1,1,3,Bombing/Explosion,NA,NA,NA,NA,14,Private Citizens & Property,71,Race/Ethnicity Identified,Iraqi civilians,Unknown,95,Iraq,NA,NA,NA,NA,NA,NA,NA,NA,NA,NA,NA,NA,NA,NA,NA,NA,Unknown,NA,NA,NA,NA,NA,Unknown,0,NA,NA,0,1,NA,0,NA,NA,NA,NA,NA,NA,NA,NA,NA,6,Explosives,15,Vehicle,NA,NA,NA,NA,NA,NA,NA,NA,NA,NA,NA,NA,NA,19,0,1,15,0,0,-9,NA,NA,NA,NA,0,NA,NA,NA,NA,NA,NA,NA,NA,NA,NA,NA,NA,NA,NA,NA,"The bomber may have been targeting a meeting of tribal sheiks of the al-Buissa tribe which was taking place adjacent to the market, although none of these were reported killed. He gained access to the location by claiming he needed to buy some watermelons.","John Ward Anderson, “Suicide blast kills 15 west of Iraqi capital; police shoot female bomber in Baghdad,” Washington Post, June 6, 2007.","Khalid al-Ansary and Richard A. Oppel Jr., “Suicide attack near Fallujah kills 18 in commercial area,” New York Times, June 6, 2007.","Kim Gamel, “Bombing shows schism among Iraq’s Sunnis,” Associated Press Online, June 5, 2007.",CETIS,-9,-9,0,-9,NA,Unknown ||  ||  ||  ||  || ,"06/05/2007: Eighteen Iraqi civilians were killed and 15 were wounded when an Islamic State of Iraq (ISI) perpetrator detonated a suicide truck bomb at approximately 10:40 AM at a crowded market in Amiriyah, Anbar Governorate, Iraq. The bomber may have been targeting a meeting of tribal sheiks of the al-Buissa tribe which was taking place adjacent to the market, although none of these were reported killed. He gained access to the location by claiming he needed to buy some watermelons. ISI claimed credit for the attack in a post to a jihadist website on June 14. || Unknown || The bomber may have been targeting a meeting of tribal sheiks of the al-Buissa tribe which was taking place adjacent to the market, although none of these were reported killed. He gained access to the location by claiming he needed to buy some watermelons.",2007,FALSE,FALSE,TRUE,TRUE,TRUE,FALSE,FALSE,TRUE,6,FALSE,TRUE,TRUE,probable_inspired,high_score_text_claim_signal
data/globalterrorismdb_0522dist.csv,200706120005,2007,6,12,NA,0,NA,95,Iraq,10,Middle East & North Africa,Al Anbar,Ramadi,33.420948,43.295662,1,1,Adjacent to an Iraqi Police checkpoint west of Ramadi.,"06/12/2007: Three Iraqi Police officers were killed and 15 others were wounded when an Islamic State of Iraq (ISI) suicide car bomber detonated a vehicle-borne improvised explosive device (VBIED) adjacent to an Iraqi Police checkpoint west of Ramadi, al-Anbar Governorate, Iraq. No claim of responsibility was reported.",1,1,1,0,NA,NA,0,1,1,3,Bombing/Explosion,NA,NA,NA,NA,3,Police,24,Police Checkpoint,Iraqi Police Service (IPS),Police officers at a checkpoint west of Ramadi.,95,Iraq,NA,NA,NA,NA,NA,NA,NA,NA,NA,NA,NA,NA,NA,NA,NA,NA,Unknown,NA,NA,NA,NA,NA,Unknown,0,NA,NA,0,NA,NA,0,NA,NA,NA,NA,NA,NA,NA,NA,NA,6,Explosives,15,Vehicle,NA,NA,NA,NA,NA,NA,NA,NA,NA,NA,NA,NA,A suicide car bomber detonated his vehicle.,4,0,1,15,0,0,-9,NA,NA,NA,The car bomb detonated adjacent to a police checkpoint.,0,NA,NA,NA,NA,NA,NA,NA,NA,NA,NA,NA,NA,NA,NA,NA,NA,"“Factbox – security developments in Iraq, June 12,” Reuters, June 12, 2007.","“BBC monitoring Iraq briefing 1500 GMT 12 June 2007,” BBC Monitoring, June 12, 2007.","“Hot issues: Pan-Arab TVs’ reporting – 12 Jun 07,” Pan Arab – OSC Summary, June 12, 2007.",CETIS,-9,-9,0,-9,NA,Unknown ||  ||  ||  ||  || ,"06/12/2007: Three Iraqi Police officers were killed and 15 others were wounded when an Islamic State of Iraq (ISI) suicide car bomber detonated a vehicle-borne improvised explosive device (VBIED) adjacent to an Iraqi Police checkpoint west of Ramadi, al-Anbar Governorate, Iraq. No claim of responsibility was reported. || Unknown || ",2007,FALSE,FALSE,TRUE,TRUE,TRUE,FALSE,FALSE,TRUE,6,FALSE,TRUE,TRUE,probable_inspired,high_score_text_claim_signal
data/globalterrorismdb_0522dist.csv,200801140004,2008,1,14,NA,0,NA,205,Thailand,5,Southeast Asia,Narathiwat,Chanae district,6.057088,101.695444,3,0,NA,"01/14/2008: About 20 separatist rebels killed eight Thai soldiers and tried to decapitate them after ambushing a military convoy in the restive Muslim-majority south. A powerful bomb overturned the soldiers' vehicle in Chanae district in Narathiwat province at around 9:40 am (0240 GMT) and tore a three foot crater in the road as they returned from escorting teachers to school. Those who survived the blast were shot when they tried to escape. Militants attempted to behead all eight soldiers. They decapitated the top officer in the group and left the others with gaping stab wounds to the neck. The officer's head was left near the wreckage of the vehicle. Although no group claimed responsibility for the attack, the insurgents' support base includes Muslim ethnic Malays who want their own Islamic state.",1,1,0,1,1,Insurgency/Guerilla Action,0,1,0,3,Bombing/Explosion,NA,NA,NA,NA,4,Military,35,Military Transportation/Vehicle (excluding convoys),Thai soldiers,Thai soldiers' Humvee,205,Thailand,NA,NA,NA,NA,NA,NA,NA,NA,NA,NA,NA,NA,NA,NA,NA,NA,Unknown,NA,NA,NA,NA,NA,Unknown,0,NA,NA,0,NA,NA,0,NA,NA,NA,NA,NA,NA,NA,NA,NA,6,Explosives,16,Unknown Explosive Type,5,Firearms,5,Unknown Gun Type,9,Melee,23,Knife or Other Sharp Object,NA,NA,NA,NA,NA,8,0,0,0,0,0,0,NA,NA,NA,NA,0,NA,NA,NA,NA,NA,NA,NA,NA,NA,NA,NA,NA,NA,NA,NA,NA,"Rapee Mama, “Eight Thai soldiers killed in rebel ambush; army,” Agence France Presse, January 14, 2008.","Sumeth Panpetch, “Suspected Islamic insurgents behead Thai soldier, kill 7 more troops in rebellious south,” The Associated Press, January 15, 2008.","“THAILAND AT LEAST 8 SOLDIERS KILLED IN THAILAND SEPARATIST VIOLENCE,” Thai Press Reports, January 15, 2008.",CETIS,-9,-9,0,-9,NA,Unknown ||  ||  ||  ||  || ,"01/14/2008: About 20 separatist rebels killed eight Thai soldiers and tried to decapitate them after ambushing a military convoy in the restive Muslim-majority south. A powerful bomb overturned the soldiers' vehicle in Chanae district in Narathiwat province at around 9:40 am (0240 GMT) and tore a three foot crater in the road as they returned from escorting teachers to school. Those who survived the blast were shot when they tried to escape. Militants attempted to behead all eight soldiers. They decapitated the top officer in the group and left the others with gaping stab wounds to the neck. The officer's head was left near the wreckage of the vehicle. Although no group claimed responsibility for the attack, the insurgents' support base includes Muslim ethnic Malays who want their own Islamic state. || Unknown || ",2008,FALSE,FALSE,TRUE,TRUE,TRUE,FALSE,FALSE,TRUE,6,FALSE,TRUE,TRUE,probable_inspired,high_score_text_claim_signal
data/globalterrorismdb_0522dist.csv,200802060001,2008,2,6,NA,0,NA,205,Thailand,5,Southeast Asia,Pattani,Saiburi District,6.717959,101.593027,3,0,NA,"02/06/2008: Suspected Muslim insurgents detonated a bomb near a Chinese shrine in Saiburi district, Thailand, killing one and wounding six. The attack, which came about just before the Chinese Lunar New Year holiday, has not been claimed by any group.",1,1,1,0,NA,NA,0,1,0,3,Bombing/Explosion,NA,NA,NA,NA,15,Religious Figures/Institutions,87,Affiliated Institution,Chinese shrine,Security forces guarding the shrine,205,Thailand,NA,NA,NA,NA,NA,NA,NA,NA,NA,NA,NA,NA,NA,NA,NA,NA,Unknown,NA,NA,NA,NA,NA,Strategy to scare non-Islamic residents from the area,0,NA,NA,0,NA,0,0,NA,NA,NA,NA,NA,NA,NA,NA,NA,6,Explosives,15,Vehicle,NA,NA,NA,NA,NA,NA,NA,NA,NA,NA,NA,NA,NA,1,0,0,6,0,0,0,NA,NA,NA,NA,0,NA,NA,NA,NA,NA,NA,NA,NA,NA,NA,NA,NA,NA,NA,NA,"Thailand's Islamic population, while a national minority, comprises a majority in the southern provinces. It is suspected that Thai Islamic populations are attempting to create a separate Islamic state out of these provinces.","“Suspected Muslim insurgents detonate bomb near Thai Chinese shrine, killing soldier,” The Associated Press, Feb 06, 2008.",NA,NA,CETIS,-9,-9,0,-9,NA,Unknown ||  ||  ||  ||  || ,"02/06/2008: Suspected Muslim insurgents detonated a bomb near a Chinese shrine in Saiburi district, Thailand, killing one and wounding six. The attack, which came about just before the Chinese Lunar New Year holiday, has not been claimed by any group. || Strategy to scare non-Islamic residents from the area || Thailand's Islamic population, while a national minority, comprises a majority in the southern provinces. It is suspected that Thai Islamic populations are attempting to create a separate Islamic state out of these provinces.",2008,FALSE,FALSE,TRUE,TRUE,TRUE,FALSE,FALSE,TRUE,6,FALSE,TRUE,TRUE,probable_inspired,high_score_text_claim_signal
data/globalterrorismdb_0522dist.csv,200907200012,2009,7,20,NA,0,NA,182,Somalia,11,Sub-Saharan Africa,Bay,Unknown,2.81815,43.72379,4,0,NA,"07/20/2009: On Monday, in one of three related attacks, assailants raided the offices of the United Nations (UN) Development Program, UN Department of Safety and Security and the UN Political Office for Somalia in the southern towns of Baidoa, Bay, Somalia and Wadajir, Bakol, Somalia. The assailants prevented a number of UN employees from leaving while they stole vehicles and equipment. Al-Shabaab al-Islamiya claimed responsibility. The attack occurred hours after Al-Shabaab al-Islamiya issued a statement about these offices saying that they were working against the benefit of the Somali Muslim population and against the establishment of an Islamic state in Somalia. According to the Nairobi-based UN office for Somalia, staff was relocated and United Nations operations were temporarily suspended in Baidoa as a result of the raids; however, operations continued in Wajid.",1,1,1,0,NA,NA,1,1,0,9,Unknown,NA,NA,NA,NA,7,Government (Diplomatic),47,"International Organization (peacekeeper, aid agency, compound)",United Nations Development Program,The Somalia United Nations Development Program office,422,International,NA,NA,NA,NA,NA,NA,NA,NA,NA,NA,NA,NA,NA,NA,NA,NA,Al-Shabaab,NA,NA,NA,NA,NA,The attack occurred hours after Al-Shabaab al-Islamiya issued a statement about these offices saying that they were working against the benefit of the Somali Muslim population and against the establishment of an Islamic state in Somalia,0,NA,NA,0,-99,0,1,10,Unknown,NA,NA,NA,NA,NA,NA,NA,13,Unknown,NA,NA,NA,NA,NA,NA,NA,NA,NA,NA,NA,NA,NA,NA,Unknown weapons were used in the attack.,0,0,0,0,0,0,-9,4,Unknown,NA,It is unknown if the attack caused any property damage.,0,NA,NA,NA,NA,NA,NA,NA,NA,NA,NA,NA,NA,NA,NA,NA,"This was one of three related attacks (cf. 200907200022, 200907200023). The available sources listed the locations for these attacks cumulatively as occurring in Baidoa and Wadajir, thereby the location of all three attacks are indistinguishable.","Press TV, ""Somali Militants Attack UN Offices"", presstv.ir (iran), July 20, 2009.","Agence France Presse, ""Somalia's Hardline Al Shabaab Militia Raid Offices of UN Organizations,"" World News Connection, Agence France Presse, December 22, 2009.","Agence France Presse, ""Somalia: UN Temporarily Suspends Humanitarian Work After Al-Shabaab Raids Offices,"" LexisNexis Academic, Agence France Presse, July 21, 2009.",ISVG,0,1,1,1,"200907200012, 200907200022, 200907200023",Al-Shabaab ||  ||  ||  ||  || ,"07/20/2009: On Monday, in one of three related attacks, assailants raided the offices of the United Nations (UN) Development Program, UN Department of Safety and Security and the UN Political Office for Somalia in the southern towns of Baidoa, Bay, Somalia and Wadajir, Bakol, Somalia. The assailants prevented a number of UN employees from leaving while they stole vehicles and equipment. Al-Shabaab al-Islamiya claimed responsibility. The attack occurred hours after Al-Shabaab al-Islamiya issued a statement about these offices saying that they were working against the benefit of the Somali Muslim population and against the establishment of an Islamic state in Somalia. According to the Nairobi-based UN office for Somalia, staff was relocated and United Nations operations were temporarily suspended in Baidoa as a result of the raids; however, operations continued in Wajid. || The attack occurred hours after Al-Shabaab al-Islamiya issued a statement about these offices saying that they were working against the benefit of the Somali Muslim population and against the establishment of an Islamic state in Somalia || This was one of three related attacks (cf. 200907200022, 200907200023). The available sources listed the locations for these attacks cumulatively as occurring in Baidoa and Wadajir, thereby the location of all three attacks are indistinguishable.",2009,FALSE,FALSE,FALSE,TRUE,TRUE,FALSE,TRUE,TRUE,7,FALSE,FALSE,TRUE,probable_inspired,high_score_text_claim_signal
data/globalterrorismdb_0522dist.csv,200907200022,2009,7,20,NA,0,NA,182,Somalia,11,Sub-Saharan Africa,Bay,Unknown,2.81815,43.72379,4,0,NA,"07/20/2009: On Monday, in one of three related attacks, assailants raided the offices of the United Nations (UN) Development Program, UN Department of Safety and Security and the UN Political Office for Somalia in the southern towns of Baidoa, Bay, Somalia and Wadajir, Bakol, Somalia. The assailants prevented a number of UN employees from leaving while they stole vehicles and equipment. Al-Shabaab al-Islamiya claimed responsibility. The attack occurred hours after Al-Shabaab al-Islamiya issued a statement about these offices saying that they were working against the benefit of the Somali Muslim population and against the establishment of an Islamic state in Somalia. According to the Nairobi-based UN office for Somalia, staff was relocated and United Nations operations were temporarily suspended in Baidoa as a result of the raids; however, operations continued in Wajid.",1,1,1,0,NA,NA,1,1,0,9,Unknown,NA,NA,NA,NA,7,Government (Diplomatic),47,"International Organization (peacekeeper, aid agency, compound)",United Nations Department of Safety,The Somalia United Nations Department of Safety and Security office,422,International,NA,NA,NA,NA,NA,NA,NA,NA,NA,NA,NA,NA,NA,NA,NA,NA,Al-Shabaab,NA,NA,NA,NA,NA,The attack occurred hours after Al-Shabaab al-Islamiya issued a statement about these offices saying that they were working against the benefit of the Somali Muslim population and against the establishment of an Islamic state in Somalia,0,NA,NA,0,-99,0,1,10,Unknown,NA,NA,NA,NA,NA,NA,NA,13,Unknown,NA,NA,NA,NA,NA,NA,NA,NA,NA,NA,NA,NA,NA,NA,Unknown weapons were used in the attack.,0,0,0,0,0,0,-9,4,Unknown,NA,It is unknown if the attack caused any property damage.,0,NA,NA,NA,NA,NA,NA,NA,NA,NA,NA,NA,NA,NA,NA,NA,"This was one of three related attacks (cf. 200907200012 and 200907200023). The available sources listed the locations for these attacks cumulatively as occurring in Baidoa and Wadajir, thereby the location of all three attacks are indistinguishable.","Press TV, ""Somali Militants Attack UN Offices"", presstv.ir (iran), July 20, 2009.","Agence France Presse, ""Somalia's Hardline Al Shabaab Militia Raid Offices of UN Organizations,"" World News Connection, Agence France Presse, December 22, 2009.","Agence France Presse, ""Somalia: UN Temporarily Suspends Humanitarian Work After Al-Shabaab Raids Offices,"" LexisNexis Academic, Agence France Presse, July 21, 2009.",ISVG,0,1,1,1,"200907200012, 200907200022, 200907200023",Al-Shabaab ||  ||  ||  ||  || ,"07/20/2009: On Monday, in one of three related attacks, assailants raided the offices of the United Nations (UN) Development Program, UN Department of Safety and Security and the UN Political Office for Somalia in the southern towns of Baidoa, Bay, Somalia and Wadajir, Bakol, Somalia. The assailants prevented a number of UN employees from leaving while they stole vehicles and equipment. Al-Shabaab al-Islamiya claimed responsibility. The attack occurred hours after Al-Shabaab al-Islamiya issued a statement about these offices saying that they were working against the benefit of the Somali Muslim population and against the establishment of an Islamic state in Somalia. According to the Nairobi-based UN office for Somalia, staff was relocated and United Nations operations were temporarily suspended in Baidoa as a result of the raids; however, operations continued in Wajid. || The attack occurred hours after Al-Shabaab al-Islamiya issued a statement about these offices saying that they were working against the benefit of the Somali Muslim population and against the establishment of an Islamic state in Somalia || This was one of three related attacks (cf. 200907200012 and 200907200023). The available sources listed the locations for these attacks cumulatively as occurring in Baidoa and Wadajir, thereby the location of all three attacks are indistinguishable.",2009,FALSE,FALSE,FALSE,TRUE,TRUE,FALSE,TRUE,TRUE,7,FALSE,FALSE,TRUE,probable_inspired,high_score_text_claim_signal
data/globalterrorismdb_0522dist.csv,200907200023,2009,7,20,NA,0,NA,182,Somalia,11,Sub-Saharan Africa,Bay,Unknown,2.81815,43.72379,4,0,NA,"07/20/2009: On Monday, in one of three related attacks, assailants raided the offices of the United Nations (UN) Development Program, UN Department of Safety and Security and the UN Political Office for Somalia in the southern towns of Baidoa, Bay, Somalia and Wadajir, Bakol, Somalia. The assailants prevented a number of UN employees from leaving while they stole vehicles and equipment. Al-Shabaab al-Islamiya claimed responsibility. The attack occurred hours after Al-Shabaab al-Islamiya issued a statement about these offices saying that they were working against the benefit of the Somali Muslim population and against the establishment of an Islamic state in Somalia. According to the Nairobi-based UN office for Somalia, staff was relocated and United Nations operations were temporarily suspended in Baidoa as a result of the raids; however, operations continued in Wajid.",1,1,1,0,NA,NA,1,1,0,9,Unknown,NA,NA,NA,NA,7,Government (Diplomatic),47,"International Organization (peacekeeper, aid agency, compound)",United Nations Political Office,The Somalia United Nations Political office,422,International,NA,NA,NA,NA,NA,NA,NA,NA,NA,NA,NA,NA,NA,NA,NA,NA,Al-Shabaab,NA,NA,NA,NA,NA,The attack occurred hours after Al-Shabaab al-Islamiya issued a statement about these offices saying that they were working against the benefit of the Somali Muslim population and against the establishment of an Islamic state in Somalia,0,NA,NA,0,-99,0,1,10,Unknown,NA,NA,NA,NA,NA,NA,NA,13,Unknown,NA,NA,NA,NA,NA,NA,NA,NA,NA,NA,NA,NA,NA,NA,Unknown weapons were used in the attack.,0,0,0,0,0,0,-9,4,Unknown,NA,It is unknown if the attack caused any property damage.,0,NA,NA,NA,NA,NA,NA,NA,NA,NA,NA,NA,NA,NA,NA,NA,"This was one of three related attacks (cf. 200907200012 and 200907200022). The available sources listed the locations for these attacks cumulatively as occurring in Baidoa and Wadajir, thereby the location of all three attacks are indistinguishable.","Press TV, ""Somali Militants Attack UN Offices"", presstv.ir (iran), July 20, 2009.","Agence France Presse, ""Somalia's Hardline Al Shabaab Militia Raid Offices of UN Organizations,"" World News Connection, Agence France Presse, December 22, 2009.","Agence France Presse, ""Somalia: UN Temporarily Suspends Humanitarian Work After Al-Shabaab Raids Offices,"" LexisNexis Academic, Agence France Presse, July 21, 2009.",ISVG,0,1,1,1,"200907200012, 200907200022, 200907200023",Al-Shabaab ||  ||  ||  ||  || ,"07/20/2009: On Monday, in one of three related attacks, assailants raided the offices of the United Nations (UN) Development Program, UN Department of Safety and Security and the UN Political Office for Somalia in the southern towns of Baidoa, Bay, Somalia and Wadajir, Bakol, Somalia. The assailants prevented a number of UN employees from leaving while they stole vehicles and equipment. Al-Shabaab al-Islamiya claimed responsibility. The attack occurred hours after Al-Shabaab al-Islamiya issued a statement about these offices saying that they were working against the benefit of the Somali Muslim population and against the establishment of an Islamic state in Somalia. According to the Nairobi-based UN office for Somalia, staff was relocated and United Nations operations were temporarily suspended in Baidoa as a result of the raids; however, operations continued in Wajid. || The attack occurred hours after Al-Shabaab al-Islamiya issued a statement about these offices saying that they were working against the benefit of the Somali Muslim population and against the establishment of an Islamic state in Somalia || This was one of three related attacks (cf. 200907200012 and 200907200022). The available sources listed the locations for these attacks cumulatively as occurring in Baidoa and Wadajir, thereby the location of all three attacks are indistinguishable.",2009,FALSE,FALSE,FALSE,TRUE,TRUE,FALSE,TRUE,TRUE,7,FALSE,FALSE,TRUE,probable_inspired,high_score_text_claim_signal
data/globalterrorismdb_0522dist.csv,200908070008,2009,8,7,NA,0,NA,95,Iraq,10,Middle East & North Africa,Nineveh,Jargan,36.632677,43.256512,1,0,"The attack took place in Shirakhan, Ninawa.","08/07/2009: On Friday afternoon at 1300, in Shirakhan, Ninawa, Iraq, a suicide bomber detonated a vehicle-borne improvised explosive device near a Shiite Turkmen mosque as worshippers were leaving a joint prayer and funeral service, killing 39 civilians, wounding 276 others, and destroying the mosque and a dozen surrounding houses. There was no motive reported and no group claimed responsibility, but authorities suspected the Islamic State of Iraq (ISI) was responsible.",1,1,1,0,NA,NA,0,1,1,3,Bombing/Explosion,NA,NA,NA,NA,15,Religious Figures/Institutions,86,Place of Worship,Shiite Turkmen Mosque,A Shiite Turkmen mosque,95,Iraq,NA,NA,NA,NA,NA,NA,NA,NA,NA,NA,NA,NA,NA,NA,NA,NA,Unknown,NA,NA,NA,NA,NA,The specific motive for the attack is unknown.,0,NA,NA,0,1,0,0,NA,NA,NA,NA,NA,NA,NA,NA,NA,6,Explosives,15,Vehicle,NA,NA,NA,NA,NA,NA,NA,NA,NA,NA,NA,NA,A suicide vehicle-borne improvised explosive device was used in the attack.,40,0,1,276,0,0,1,2,Major (likely >= $1 million but < $1 billion),NA,The attack destroyed the mosque and a dozen surrounding houses.,0,NA,NA,NA,NA,NA,NA,NA,NA,NA,NA,NA,NA,NA,NA,NA,"The most recent available sources listed the fatalities for this attack from 36 to 39, and the injuries for this attack from 72 to 276, so the majority casualty figures have been used in order to preserve statistical accuracy in the database.","National Counterterrorism Center, ""39 Civilians Killed, 276 Others Wounded in Suicide VBIED Attack by Suspected ISI in Shirakhan, Ninawa, Iraq,"" Worldwide Incidents Tracking System, January 12, 2010.","presstv.ir, ""Toll from Mosul Mosque Blast on Rise,"" http://www.presstv.ir/detail.aspx?id=102778&sectionid=351020201 (August 07, 2009).","Voice of Iraq, ""Mosul Mosque Blast Death Toll Up to 38, Wounded to 90,"" http://en.aswataliraq.info/?p=117245 (August 07, 2009).",ISVG,-9,-9,0,-9,NA,Unknown ||  ||  ||  ||  || ,"08/07/2009: On Friday afternoon at 1300, in Shirakhan, Ninawa, Iraq, a suicide bomber detonated a vehicle-borne improvised explosive device near a Shiite Turkmen mosque as worshippers were leaving a joint prayer and funeral service, killing 39 civilians, wounding 276 others, and destroying the mosque and a dozen surrounding houses. There was no motive reported and no group claimed responsibility, but authorities suspected the Islamic State of Iraq (ISI) was responsible. || The specific motive for the attack is unknown. || The most recent available sources listed the fatalities for this attack from 36 to 39, and the injuries for this attack from 72 to 276, so the majority casualty figures have been used in order to preserve statistical accuracy in the database.",2009,FALSE,FALSE,TRUE,TRUE,TRUE,FALSE,FALSE,TRUE,6,FALSE,TRUE,TRUE,probable_inspired,high_score_text_claim_signal
data/globalterrorismdb_0522dist.csv,200908100012,2009,8,10,NA,0,NA,95,Iraq,10,Middle East & North Africa,Baghdad,Baghdad,33.303566,44.371773,1,0,The attack took place in the Hayy al 'Amil neighborhood of Baghdad.,"08/10/2009: On Monday morning at 0550, in the Rashid district of Baghdad, Iraq, assailants detonated a vehicle-borne improvised explosive device near a group of Shia day laborers in the southwestern Hayy al 'Amil neighborhood, killing seven civilians and wounding 46 others. There was no motive or damage reported and no group claimed responsibility, but it was widely believed that the Islamic State of Iraq (ISI) perpetrated this attack.",1,1,1,0,NA,NA,0,1,0,3,Bombing/Explosion,NA,NA,NA,NA,14,Private Citizens & Property,67,Unnamed Civilian/Unspecified,NA,Civilians,95,Iraq,NA,NA,NA,NA,NA,NA,NA,NA,NA,NA,NA,NA,NA,NA,NA,NA,Unknown,NA,NA,NA,NA,NA,The specific motive for the attack is unknown.,0,NA,NA,0,-99,0,0,NA,NA,NA,NA,NA,NA,NA,NA,NA,6,Explosives,15,Vehicle,NA,NA,NA,NA,NA,NA,NA,NA,NA,NA,NA,NA,A vehicle-borne improvised explosive device was used in the attack.,7,0,NA,46,0,NA,0,NA,NA,NA,NA,0,NA,NA,NA,NA,NA,NA,NA,NA,NA,NA,NA,NA,NA,NA,NA,NA,"National Counterterrorism Center, ""Seven Civilians Killed, 47 Others Wounded in VBIED Attack by Suspected ISI in Baghdad, Iraq,"" Worldwide Incidents Tracking System, January 13, 2010.","Associated Press Worldstream, ""String of Bombings Kill at Least 42 in Iraq,"" LexisNexis Academic, Associated Press Worldstream, August 10, 2009.","New Zealand Herald, ""String of Bombings Kill at Least 40 in Iraq,"" LexisNexis Academic, New Zealand Herald, August 10, 2009.",ISVG,-9,-9,0,-9,NA,Unknown ||  ||  ||  ||  || ,"08/10/2009: On Monday morning at 0550, in the Rashid district of Baghdad, Iraq, assailants detonated a vehicle-borne improvised explosive device near a group of Shia day laborers in the southwestern Hayy al 'Amil neighborhood, killing seven civilians and wounding 46 others. There was no motive or damage reported and no group claimed responsibility, but it was widely believed that the Islamic State of Iraq (ISI) perpetrated this attack. || The specific motive for the attack is unknown. || ",2009,FALSE,FALSE,TRUE,TRUE,TRUE,FALSE,FALSE,TRUE,6,FALSE,TRUE,TRUE,probable_inspired,high_score_text_claim_signal
data/globalterrorismdb_0522dist.csv,200911040014,2009,11,4,NA,0,NA,95,Iraq,10,Middle East & North Africa,Al Anbar,Abu Ghraib,33.31065,44.038208,1,0,The attack took place in Abu Ghurayb.,"11/04/2009: On Wednesday, in Abu Ghurayb, Al Anbar, Iraq, assailants detonated an improvised explosive device outside the home of the Abu Ghurayb deputy chief of police as he was leaving for work, killing the police officer, his wife, and his daughter and damaging their home. There was no motive reported and the Islamic State of Iraq (ISI) claimed responsibility.",1,1,1,0,NA,NA,0,1,0,1,Assassination,NA,NA,NA,NA,3,Police,25,Police Security Forces/Officers,Iraqi Police Service (IPS),The Abu Ghurayb deputy chief of police,95,Iraq,NA,NA,NA,NA,NA,An off-duty police colonel was targeted in the incident.,NA,NA,NA,NA,NA,NA,NA,NA,NA,NA,Unknown,NA,NA,NA,NA,NA,The specific motive for the attack is unknown.,0,NA,NA,0,-99,0,0,NA,NA,NA,NA,NA,NA,NA,NA,NA,6,Explosives,17,Other Explosive Type,NA,NA,NA,NA,NA,NA,NA,NA,NA,NA,NA,NA,An improvised explosive device was used in the attack.,3,0,NA,NA,0,NA,1,3,Minor (likely < $1 million),NA,The attack caused an unknown amount of property damage to a home.,0,NA,NA,NA,NA,NA,NA,NA,NA,NA,NA,NA,NA,NA,NA,NA,NA,"Press TV, ""Iraqi Colonel Killed in Baghdad Blast,"" http://www.presstv.ir/detail.aspx?id=110426&sectionid=351020201 (December 12, 2009).","Reuters, ""FACTBOX-Security Developments in Iraq, Nov 4,"" http://www.alertnet.org/thenews/newsdesk/L465560.htm (November 4, 2009).","National Counterterrorism Center, ""One Police Officer, One Civilian Killed in IED Attack by ISI in Abu Ghurayb, Al Anbar, Iraq,"" Worldwide Incidents Tracking System, April 22, 2010.",ISVG,-9,-9,0,-9,NA,Unknown ||  ||  ||  ||  || ,"11/04/2009: On Wednesday, in Abu Ghurayb, Al Anbar, Iraq, assailants detonated an improvised explosive device outside the home of the Abu Ghurayb deputy chief of police as he was leaving for work, killing the police officer, his wife, and his daughter and damaging their home. There was no motive reported and the Islamic State of Iraq (ISI) claimed responsibility. || The specific motive for the attack is unknown. || ",2009,FALSE,FALSE,TRUE,TRUE,TRUE,FALSE,FALSE,TRUE,6,FALSE,TRUE,TRUE,probable_inspired,high_score_text_claim_signal
data/globalterrorismdb_0522dist.csv,200911120002,2009,11,12,NA,0,NA,95,Iraq,10,Middle East & North Africa,Baghdad,Baghdad,33.303566,44.371773,1,0,"The attack took place outside a girls school in Sab'ah Nisan district, Baghdad","11/12/2009: On Thursday afternoon at 1300, in the Sab'ah Nisan district of Baghdad, Iraq, in a drive-by shooting, assailants fired upon and killed the principal of the Ma'ali School for Girls outside the school gates in the eastern Ghadir neighborhood. The Islamic State of Iraq claimed responsibility.",1,1,1,0,NA,NA,0,1,0,2,Armed Assault,NA,NA,NA,NA,8,Educational Institution,50,Other Personnel,NA,A school principal was targeted in the incident.,95,Iraq,NA,NA,NA,NA,NA,NA,NA,NA,NA,NA,NA,NA,NA,NA,NA,NA,Unknown,NA,NA,NA,NA,NA,The specific motive for the attack is unknown.,0,NA,NA,0,-99,0,0,NA,NA,NA,NA,NA,NA,NA,NA,NA,5,Firearms,5,Unknown Gun Type,NA,NA,NA,NA,NA,NA,NA,NA,NA,NA,NA,NA,Unknown firearms were used in the attack.,1,0,0,0,0,0,-9,4,Unknown,NA,It is unknown if the attack caused any property damage.,0,NA,NA,NA,NA,NA,NA,NA,NA,NA,NA,NA,NA,NA,NA,NA,NA,"Aswat al Iraq, ""High School Headmistress Shot Down in Baghdad,"" http://en.aswataliraq.info/?p=121890 (December 31, 2009).","McClatchy Newspapers, ""Round-up of Daily Violence in Iraq - Thursday 12 November, 2009,"" http://www.mcclatchydc.com/iraq-daily-violence/story/78779.html (December 31, 2009).","Reuters: alertnet.org,""FACTBOX-Security Developments in Iraq, Nov 12,"" http://www.alertnet.org/thenews/newsdesk/LC350176.htm (November 12, 2009).",ISVG,-9,-9,0,-9,NA,Unknown ||  ||  ||  ||  || ,"11/12/2009: On Thursday afternoon at 1300, in the Sab'ah Nisan district of Baghdad, Iraq, in a drive-by shooting, assailants fired upon and killed the principal of the Ma'ali School for Girls outside the school gates in the eastern Ghadir neighborhood. The Islamic State of Iraq claimed responsibility. || The specific motive for the attack is unknown. || ",2009,FALSE,FALSE,TRUE,TRUE,TRUE,FALSE,FALSE,TRUE,6,FALSE,TRUE,TRUE,probable_inspired,high_score_text_claim_signal
data/globalterrorismdb_0522dist.csv,201005100041,2010,5,10,NA,0,NA,95,Iraq,10,Middle East & North Africa,Wasit,Suwayrah,32.925266,44.770956,1,0,"The attack took place in Suwayrah, Wasit, Iraq.","05/10/2010: On Monday morning at about 1100, in As Suwayrah, Wasit, Iraq, assailants near-simultaneously detonated a vehicle-borne improvised explosive device and an improvised explosive device in a public market. The first bomb exploded at a crowded popular market close to a Shiite mosque in the town of Suwayra, followed by a powerful explosion of a booby- trapped car which took place when Iraqi security forces and civilians were gathering at the scene of the first blast. Killing eight, and wounding 40 civilians, and damaging the market. No group claimed responsibility, although it was widely believed the Islamic State of Iraq (ISI) was responsible.",1,1,1,0,NA,NA,0,1,0,3,Bombing/Explosion,NA,NA,NA,NA,14,Private Citizens & Property,79,"Public Area (garden, parking lot, garage, beach, public building, camp)",NA,A public market,95,Iraq,NA,NA,NA,NA,NA,NA,NA,NA,NA,NA,NA,NA,NA,NA,NA,NA,Unknown,NA,NA,NA,NA,NA,The specific motive for the attack is unknown.,0,NA,NA,0,-99,0,0,NA,NA,NA,NA,NA,NA,NA,NA,NA,6,Explosives,15,Vehicle,6,Explosives,16,Unknown Explosive Type,NA,NA,NA,NA,NA,NA,NA,NA,A vehicle borne improvised explosive device and an improvised explosive device were used in the attack.,8,0,0,40,0,0,1,3,Minor (likely < $1 million),NA,The attack caused an unknown amount of property damage.,0,NA,NA,NA,NA,NA,NA,NA,NA,NA,NA,NA,NA,NA,NA,NA,"The available sources listed the fatalities for this attack from 8 to 13, and the injuries for this attack from 40 to 80, and because no majority figures were reported, the lowest proferred casualty figures were used in order to preserve statistical accuracy in the database.","National Counterterrorism Center, ""Eight Civilians, Eight Police Officers Killed, 80 Civilians Wounded in VBIED and IED Attacks by Suspected ISI in As Suwayrah, Wasit, Iraq,"" Worldwide Incidents Tracking System, October 11, 2010.","Times of Oman, ""Attacks Kill over 100 in Iraq, Al Qaeda Blamed,"" LexisNexis Academic, Times of Oman, May 13, 2010.","Xinhua News Agency, ""At Least Eight Killed, 40 Wounded in Twin Bombings South of Baghdad,"" LexisNexis Academic, Xinhua News Agency, May 10, 2010.",ISVG,-9,-9,0,-9,NA,Unknown ||  ||  ||  ||  || ,"05/10/2010: On Monday morning at about 1100, in As Suwayrah, Wasit, Iraq, assailants near-simultaneously detonated a vehicle-borne improvised explosive device and an improvised explosive device in a public market. The first bomb exploded at a crowded popular market close to a Shiite mosque in the town of Suwayra, followed by a powerful explosion of a booby- trapped car which took place when Iraqi security forces and civilians were gathering at the scene of the first blast. Killing eight, and wounding 40 civilians, and damaging the market. No group claimed responsibility, although it was widely believed the Islamic State of Iraq (ISI) was responsible. || The specific motive for the attack is unknown. || The available sources listed the fatalities for this attack from 8 to 13, and the injuries for this attack from 40 to 80, and because no majority figures were reported, the lowest proferred casualty figures were used in order to preserve statistical accuracy in the database.",2010,FALSE,FALSE,TRUE,TRUE,TRUE,FALSE,FALSE,TRUE,6,FALSE,TRUE,TRUE,probable_inspired,high_score_text_claim_signal
data/globalterrorismdb_0522dist.csv,201005140020,2010,5,14,NA,0,NA,95,Iraq,10,Middle East & North Africa,Nineveh,Tal Afar,36.376823,42.448875,1,0,"The attack took place in Tall  Afar, Ninawa, Iraq.","05/14/2010: On Friday evening at about 1800, in Tall 'Afar, Ninawa, Iraq, assailants carried out a triple suicide attack at a soccer game. A suicide vehicle-borne improvised explosive device was used, and two suicide improvised explosive devices were used in the attack causing 25 deaths and 125 injuries. No group claimed responsibility, although it was believed the Islamic State of Iraq (ISI) was responsible.",1,1,1,0,NA,NA,0,1,1,3,Bombing/Explosion,NA,NA,NA,NA,14,Private Citizens & Property,74,Marketplace/Plaza/Square,NA,Civilians at a soccer match was targeted in the attack.,95,Iraq,NA,NA,NA,NA,NA,NA,NA,NA,NA,NA,NA,NA,NA,NA,NA,NA,Unknown,NA,NA,NA,NA,NA,The specific motive for the attack is unknown.,0,NA,NA,0,-99,0,0,NA,NA,NA,NA,NA,NA,NA,NA,NA,6,Explosives,15,Vehicle,6,Explosives,13,Suicide (carried bodily by human being),NA,NA,NA,NA,NA,NA,NA,NA,A vehicle borne improvised explosive device and an improvised explosive device were used in the attack.,27,0,2,125,0,0,1,3,Minor (likely < $1 million),NA,The attack caused an unknown amount of property damage.,0,NA,NA,NA,NA,NA,NA,NA,NA,NA,NA,NA,NA,NA,NA,NA,NA,"Jane’s Intelligence, ""Suicide Attack Kills 25 in Iraq's Ninawa,"" Terrorism Watch Report, mAY 14, 2010.","Press Tv, ""Bomb Attacks at Iraqi Stadium Kill 25, http://www.presstv.ir/detail.aspx?id=126483&sectionid=351020201 (May 14, 2010).","National Counterterrorism Center, ""Twenty five Civilians Killed, 125 Others Wounded in Suicide IED and VBIED Attacks by Suspected ISI in Tall 'Afar, Ninawa, Iraq,"" Worldwide Incidents Tracking System, October 11, 2010.",ISVG,-9,-9,0,-9,NA,Unknown ||  ||  ||  ||  || ,"05/14/2010: On Friday evening at about 1800, in Tall 'Afar, Ninawa, Iraq, assailants carried out a triple suicide attack at a soccer game. A suicide vehicle-borne improvised explosive device was used, and two suicide improvised explosive devices were used in the attack causing 25 deaths and 125 injuries. No group claimed responsibility, although it was believed the Islamic State of Iraq (ISI) was responsible. || The specific motive for the attack is unknown. || ",2010,FALSE,FALSE,TRUE,TRUE,TRUE,FALSE,FALSE,TRUE,6,FALSE,TRUE,TRUE,probable_inspired,high_score_text_claim_signal
data/globalterrorismdb_0522dist.csv,201006180014,2010,6,18,NA,0,NA,95,Iraq,10,Middle East & North Africa,Kirkuk,Kirkuk,35.45211,44.375465,1,0,"The attack took place in Kirkuk, At Ta'mim, Iraq.","06/18/2010: On Friday afternoon at 1545, in Tozkhurmato, Salah ad Din, Iraq, unidentified assailants detonated a vehicle-borne improvised explosive device. The bomb targeted the residence of a Salah ad Din Provincial Council member, killing 18 civilians, wounding 61 others, ten children, destroying the residence and damaging several others. No group claimed responsibility, although authorities believed the Islamic State of Iraq (ISI) was responsible.",1,1,1,0,NA,NA,0,1,0,3,Bombing/Explosion,NA,NA,NA,NA,2,Government (General),18,"Government Personnel (excluding police, military)",Tozkhurmato Local Government,The bomb targeted the house of a Salah ad Din Provincial Council member.,95,Iraq,NA,NA,NA,NA,NA,NA,NA,NA,NA,NA,NA,NA,NA,NA,NA,NA,Unknown,NA,NA,NA,NA,NA,The specific motive for the attack is unknown.,0,NA,NA,0,-99,0,0,NA,NA,NA,NA,NA,NA,NA,NA,NA,6,Explosives,15,Vehicle,NA,NA,NA,NA,NA,NA,NA,NA,NA,NA,NA,NA,A vehicle borne improvised explosive device was used in the attack.,18,0,0,61,0,0,1,3,Minor (likely < $1 million),NA,The attack caused an unknown amount of property damage.,0,NA,NA,NA,NA,NA,NA,NA,NA,NA,NA,NA,NA,NA,NA,NA,NA,"Reuters, ""Car Bomb in Iraq's Restive North Kills Seven, Wounds 61,"" Reuters, June 18, 2010, http://www.alertnet.org/thenews/newsdesk/LDE65H1E4.htm.","Agence France Presse, ""Iraq Car Bombs Kill Six, Wound 82,"" LexisNexis Academic, Agence France Presse, June 19, 2010.","National Counterterrorism Center, ""Eighteen Civilians Killed, 53 Others, 10 Children Wounded in VBIED Attack by Suspected ISI in Tozkhurmato, Salah Ad Din, Iraq,"" Worldwide Incidents Tracking System, November 21, 2010.",ISVG,-9,-9,0,-9,NA,Unknown ||  ||  ||  ||  || ,"06/18/2010: On Friday afternoon at 1545, in Tozkhurmato, Salah ad Din, Iraq, unidentified assailants detonated a vehicle-borne improvised explosive device. The bomb targeted the residence of a Salah ad Din Provincial Council member, killing 18 civilians, wounding 61 others, ten children, destroying the residence and damaging several others. No group claimed responsibility, although authorities believed the Islamic State of Iraq (ISI) was responsible. || The specific motive for the attack is unknown. || ",2010,FALSE,FALSE,TRUE,TRUE,TRUE,FALSE,FALSE,TRUE,6,FALSE,TRUE,TRUE,probable_inspired,high_score_text_claim_signal
data/globalterrorismdb_0522dist.csv,201009230009,2010,9,23,NA,1,09/24/2010,160,Philippines,5,Southeast Asia,Maguindanao,Matanog,7.468339,124.259128,1,1,NA,"09/23/2010: On Thursday, in Bayanga Norte, Matanog, Maguindanao, Philippines, about 15 unidentified militants in a vehicle blocked another vehicle and kidnapped seven civilians at gunpoint. Later that day the militants released two of the hostages. On 09/24/2010 the remaining five hostages were released at a local crisis management committee. No casualties were reported and no group claimed responsibility for this incident.",1,1,1,0,NA,NA,0,1,0,6,Hostage Taking (Kidnapping),NA,NA,NA,NA,14,Private Citizens & Property,67,Unnamed Civilian/Unspecified,NA,Civilians,160,Philippines,NA,NA,NA,NA,NA,NA,NA,NA,NA,NA,NA,NA,NA,NA,NA,NA,Unknown,NA,NA,NA,NA,NA,The specific motive for the attack is unknown.,0,NA,NA,0,15,0,0,NA,NA,NA,NA,NA,NA,NA,NA,NA,5,Firearms,5,Unknown Gun Type,NA,NA,NA,NA,NA,NA,NA,NA,NA,NA,NA,NA,Unknown firearms were used in the attack.,0,0,0,0,0,0,0,NA,NA,NA,NA,1,7,0,NA,1,NA,NA,0,NA,NA,NA,NA,NA,2,Hostage(s) released by perpetrators,7,NA,"Jane’s Intelligence, “Unidentified Militants Kidnap Seven Civilians in the Philippines' Maguindanao,” Terrorism Watch Report, Philippine Daily Inquirer, September 24, 2010.","Xiong Tong, “Gunmen Kidnap Seven People in S Philippines,” Xinhua News Agency, September 24, 2010, http://news.xinhuanet.com/english2010/world/2010-09/24/c_13527156.htm.","Xiong Tong, “Gunmen Release Five Remaining Kidnapped Victims in S Philippines,” Xinhua News Agency, September 24, 2010, http://news.xinhuanet.com/english2010/world/2010-09/25/c_13528640.htm.",ISVG,-9,-9,0,-9,NA,Unknown ||  ||  ||  ||  || ,"09/23/2010: On Thursday, in Bayanga Norte, Matanog, Maguindanao, Philippines, about 15 unidentified militants in a vehicle blocked another vehicle and kidnapped seven civilians at gunpoint. Later that day the militants released two of the hostages. On 09/24/2010 the remaining five hostages were released at a local crisis management committee. No casualties were reported and no group claimed responsibility for this incident. || The specific motive for the attack is unknown. || ",2010,FALSE,FALSE,TRUE,TRUE,TRUE,FALSE,FALSE,TRUE,6,FALSE,TRUE,TRUE,probable_inspired,high_score_text_claim_signal
data/globalterrorismdb_0522dist.csv,201105160023,2011,5,16,NA,0,NA,95,Iraq,10,Middle East & North Africa,Diyala,Baqubah,33.74324,44.623825,1,0,"The attack took place in Ba'quba, Diyala, Iraq.","05/16/2011: On Monday, in Ba'quba, Diyala, Iraq, an unknown 14 year old teenager working with the Islamic State of Iraq (ISI) was caught and arrested while he was attempting to plant a sticky improvised explosive device on a taxi cab. No damages or casualties were reported as the bomb was safely defused. No group claimed responsibility.",1,1,1,0,NA,NA,0,0,0,3,Bombing/Explosion,NA,NA,NA,NA,19,Transportation,105,Taxi/Rickshaw,NA,A taxi cab,95,Iraq,NA,NA,NA,NA,NA,NA,NA,NA,NA,NA,NA,NA,NA,NA,NA,NA,Unknown,NA,NA,NA,NA,NA,The specific motive for the attack is unknown.,0,NA,NA,0,-99,0,0,NA,NA,NA,NA,NA,NA,NA,NA,NA,6,Explosives,29,Sticky Bomb,NA,NA,NA,NA,NA,NA,NA,NA,NA,NA,NA,NA,A vehicle borne improvised explosive device was used in the attack.,0,0,0,0,0,0,0,NA,NA,NA,NA,0,NA,NA,NA,NA,NA,NA,NA,NA,NA,NA,NA,NA,NA,NA,NA,NA,"Voice of Iraq, ""Teenager Arrested for Planting a Sticky Bomb,"" http://en.aswataliraq.info/Default1.aspx?page=article_page&id=142575&l=1 (May 16, 2011).","Jane's Intelligence, ""Security Forces Arrest Alleged AQI Militants in Iraq's Diyala,"" Terrorism Watch Report, Voice of Iraq, May 17, 2011.",NA,ISVG,-9,-9,0,-9,NA,Unknown ||  ||  ||  ||  || ,"05/16/2011: On Monday, in Ba'quba, Diyala, Iraq, an unknown 14 year old teenager working with the Islamic State of Iraq (ISI) was caught and arrested while he was attempting to plant a sticky improvised explosive device on a taxi cab. No damages or casualties were reported as the bomb was safely defused. No group claimed responsibility. || The specific motive for the attack is unknown. || ",2011,FALSE,FALSE,TRUE,TRUE,TRUE,FALSE,FALSE,TRUE,6,FALSE,TRUE,TRUE,probable_inspired,high_score_text_claim_signal
data/globalterrorismdb_0522dist.csv,201108150011,2011,8,15,NA,0,NA,95,Iraq,10,Middle East & North Africa,Saladin,Tikrit,34.621521,43.668377,1,0,"The attack took place at the headquarters of the Directorate of Terrorism in Tikrit, Salah ad Din, Iraq.","08/15/2011: On Monday, in Tikrit, Salah ad Din, Iraq, two unknown suicide bombers attacked the headquarters of the Directorate of Terrorism, attempting to free suspected Islamic State of Iraq prisoners. One of the suicide bombers detonated his improvised explosive vest at the entrance of the compound, killing a police colonel and a policeman. The second bomber opened fire and threw hand grenades then was killed by police before he could detonate his bomb. The attack killed a total of three police officers, wounded nine others, and caused an unknown amount of property damage. No group claimed responsibility.",1,1,1,0,NA,NA,0,1,1,3,Bombing/Explosion,2,Armed Assault,NA,NA,2,Government (General),20,Intelligence,Iraqi Directorate of Terrorism,The headquarters of the Directorate of Terrorism,95,Iraq,NA,NA,NA,NA,NA,NA,NA,NA,NA,NA,NA,NA,NA,NA,NA,NA,Unknown,NA,NA,NA,NA,NA,The specific motive for the attack was to release suspected Islamic State of Iraq prisoners.,0,NA,NA,0,2,0,0,NA,NA,NA,NA,NA,NA,NA,NA,NA,6,Explosives,13,Suicide (carried bodily by human being),6,Explosives,7,Grenade,5,Firearms,5,Unknown Gun Type,NA,NA,NA,NA,"Two suicide improvised explosive devices, grenades and unknown firearms were used in the attack.",5,0,2,9,0,0,1,3,Minor (likely < $1 million),NA,The attack caused an unknown amount of property damage to the Directorate of Terrorism.,0,NA,NA,NA,NA,NA,NA,NA,NA,NA,NA,NA,NA,NA,NA,NA,NA,"Press TV, ""Scores Killed in Iraq Violence,"" http://www.presstv.ir/detail/194014.html (August 15, 2011).","Reuters, ""FACTBOX-Security Developments in Iraq, August 15,"" Reuters, August 15, 2011, http://www.trust.org/alertnet/news/factbox-security-developments-in-iraq-august-15/.","Voice of Iraq, ""Urgent: Two Suicide Men Brake Through Directorate of Terrorism in Salahal-Din,"" http://en.aswataliraq.info/Default1.aspx?page=article_page&id=144296&l=1 (August 15, 2011).",ISVG,-9,-9,0,-9,NA,Unknown ||  ||  ||  ||  || ,"08/15/2011: On Monday, in Tikrit, Salah ad Din, Iraq, two unknown suicide bombers attacked the headquarters of the Directorate of Terrorism, attempting to free suspected Islamic State of Iraq prisoners. One of the suicide bombers detonated his improvised explosive vest at the entrance of the compound, killing a police colonel and a policeman. The second bomber opened fire and threw hand grenades then was killed by police before he could detonate his bomb. The attack killed a total of three police officers, wounded nine others, and caused an unknown amount of property damage. No group claimed responsibility. || The specific motive for the attack was to release suspected Islamic State of Iraq prisoners. || ",2011,FALSE,FALSE,TRUE,TRUE,TRUE,FALSE,FALSE,TRUE,6,FALSE,TRUE,TRUE,probable_inspired,high_score_text_claim_signal
data/globalterrorismdb_0522dist.csv,201211220034,2012,11,22,NA,1,NA,200,Syria,10,Middle East & North Africa,Idlib,Taftnaz,35.994934,36.781231,1,0,NA,"11/22/2012: Assailants kidnapped James Foley, an American journalist, John Cantlie, a British journalist, and their driver from Taftanaz village, Idlib governorate, Syria. The driver was released shortly after the kidnapping and James Foley was reportedly beheaded on August 19, 2014. The whereabouts of Cantlie are unknown. Islamic State of Iraq and the Levant (ISIL) claimed responsibility for Foley's beheading although, for a brief period of time, Foley was reportedly held by Al-Nusrah Front.",1,1,1,0,NA,NA,0,1,0,6,Hostage Taking (Kidnapping),NA,NA,NA,NA,10,Journalists & Media,NA,NA,Not Applicable,Freelance Journalist: James Foley,217,United States,NA,NA,NA,NA,NA,NA,NA,NA,NA,NA,NA,NA,NA,NA,NA,NA,Al-Nusrah Front,NA,NA,NA,NA,NA,The Islamic State of Iraq and the Levant (ISIL) stated that the group executed James Foley in retaliation for airstrikes carried out by the United States in Iraq.,0,NA,NA,0,-99,0,0,NA,NA,NA,NA,NA,NA,NA,NA,NA,5,Firearms,5,Unknown Gun Type,NA,NA,NA,NA,NA,NA,NA,NA,NA,NA,NA,NA,NA,1,1,0,NA,0,0,0,NA,NA,NA,NA,1,3,1,NA,-99,NA,NA,1,132000000,132000000,0,0,NA,6,Combination,1,Some sources speculated that James Foley may have been abducted by the Syrian government.,"""ISIS executions heighten fears for Western hostages,"" CNN, September 3, 2014.","""In New Hampshire, parents of US journalist missing in Syria appeal to captors for compassion,"" Associated Press Newswires, January 3, 2013.","""Parents of NH journalist missing in Syria to speak,"" The Associated Press State & Local Wire, January 3, 2013.",START Primary Collection,0,1,1,1,NA,Al-Nusrah Front ||  ||  ||  ||  || ,"11/22/2012: Assailants kidnapped James Foley, an American journalist, John Cantlie, a British journalist, and their driver from Taftanaz village, Idlib governorate, Syria. The driver was released shortly after the kidnapping and James Foley was reportedly beheaded on August 19, 2014. The whereabouts of Cantlie are unknown. Islamic State of Iraq and the Levant (ISIL) claimed responsibility for Foley's beheading although, for a brief period of time, Foley was reportedly held by Al-Nusrah Front. || The Islamic State of Iraq and the Levant (ISIL) stated that the group executed James Foley in retaliation for airstrikes carried out by the United States in Iraq. || Some sources speculated that James Foley may have been abducted by the Syrian government.",2012,FALSE,FALSE,FALSE,TRUE,TRUE,FALSE,FALSE,TRUE,5,FALSE,FALSE,TRUE,probable_inspired,high_score_text_claim_signal
data/globalterrorismdb_0522dist.csv,201207180002,2012,7,18,NA,0,NA,200,Syria,10,Middle East & North Africa,Damascus,Damascus,33.515242,36.292083,1,0,NA,"07/18/2012: A suicide bomber detonated an explosive device at a security meeting in Damascus city, Damascus governorate, Syria. Four people died in the blast, including the minister of defense and President Bashar al-Assad's brother-in-law. The bomber was one of Assad's bodyguards. Both the Free Syrian Army and Liwa Al-Islam claimed responsibility for the incident. The Free Syrian Army stated that they blamed Assad's government for carrying out massacres and wanted to topple his regime.",1,1,1,0,NA,NA,0,1,1,1,Assassination,NA,NA,NA,NA,2,Government (General),20,Intelligence,National Security Headquarters,Colonel Mansour Hadi,200,Syria,NA,NA,NA,NA,NA,NA,NA,NA,NA,NA,NA,NA,NA,NA,NA,NA,Free Syrian Army,NA,Liwa al-Islam,NA,NA,NA,"In a statement, the Free Syrian Army claimed responsibility for the attack, which killed the defense minister and the President's brother-in-law, two top Syrian regime figures. The FSA stated that the officials were targeted because they were responsible for massacres. The FSA further elaborated that the ultimate aim of the attack was to bring down the Assad regime in Syria. In a competing claim of responsibility, Liwa al-Islam claimed ownership of the attack and, in a statement on their Facebook page, said that they had targeted the crisis management cell because it contained several key regime figures. Sources noted that the crisis management cell had been charged by President Assad with suppressing the rebellion in Syria.",0,0,NA,0,-99,0,1,8,Personal claim,1,7,"Posted to website, blog, etc.",NA,NA,NA,1,6,Explosives,13,Suicide (carried bodily by human being),NA,NA,NA,NA,NA,NA,NA,NA,NA,NA,NA,NA,NA,5,0,1,NA,0,0,1,3,Minor (likely < $1 million),-99,A building was damaged in this attack.,0,NA,NA,NA,NA,NA,NA,NA,NA,NA,NA,NA,NA,NA,NA,NA,NA,"""302 dead in Syria Thursday, highest toll of revolt: NG0,"" Agence France Presse -- English, July 20, 2012.","""Syrian   rebels   say they carried out Damascus   attack,"" Associated Press Online, July 18, 2012.","""Syrian general killed in Damascus bombing - sources,"" Reuters News, July 18, 2012.",START Primary Collection,0,0,0,0,NA,Free Syrian Army || Liwa al-Islam ||  ||  ||  || ,"07/18/2012: A suicide bomber detonated an explosive device at a security meeting in Damascus city, Damascus governorate, Syria. Four people died in the blast, including the minister of defense and President Bashar al-Assad's brother-in-law. The bomber was one of Assad's bodyguards. Both the Free Syrian Army and Liwa Al-Islam claimed responsibility for the incident. The Free Syrian Army stated that they blamed Assad's government for carrying out massacres and wanted to topple his regime. || In a statement, the Free Syrian Army claimed responsibility for the attack, which killed the defense minister and the President's brother-in-law, two top Syrian regime figures. The FSA stated that the officials were targeted because they were responsible for massacres. The FSA further elaborated that the ultimate aim of the attack was to bring down the Assad regime in Syria. In a competing claim of responsibility, Liwa al-Islam claimed ownership of the attack and, in a statement on their Facebook page, said that they had targeted the crisis management cell because it contained several key regime figures. Sources noted that the crisis management cell had been charged by President Assad with suppressing the rebellion in Syria. || ",2012,FALSE,FALSE,FALSE,TRUE,FALSE,FALSE,TRUE,TRUE,5,FALSE,FALSE,TRUE,probable_inspired,high_score_text_claim_signal
data/globalterrorismdb_0522dist.csv,201211260011,2012,11,26,NA,0,NA,78,Greece,8,Western Europe,Attica,Athens,37.997492,23.762727,1,0,The incident occurred in the Psychiko area of the city.,"11/26/2012: Assailants planted four rigged gas canisters outside of a house belonging to Maria Kaltsa, a former ministry official, in Psychiko area of Athens city, Attica region, Greece. There were no reported injuries in the blast, although the house was damaged. A group calling itself Militant Minority claimed responsibility for the incident.",1,1,1,0,NA,NA,0,1,0,3,Bombing/Explosion,NA,NA,NA,NA,2,Government (General),18,"Government Personnel (excluding police, military)","Greek Ministry of Environment, Energy and Climate Change",Former General Secretary: Maria Kaltsa,78,Greece,NA,NA,NA,NA,NA,NA,NA,NA,NA,NA,NA,NA,NA,NA,NA,NA,Militant Minority (Greece),NA,NA,NA,NA,NA,"The specific motive is unknown; however, sources noted that politicians are a frequent target as the citizenry responds to the economic crisis.",0,NA,NA,0,-99,0,1,10,Unknown,NA,NA,NA,NA,NA,NA,NA,6,Explosives,17,Other Explosive Type,NA,NA,NA,NA,NA,NA,NA,NA,NA,NA,NA,NA,An explosive device consisting of four gas canisters was used in the attack.,0,0,0,0,0,0,1,3,Minor (likely < $1 million),-99,The blast caused minor property damage.,0,NA,NA,NA,NA,NA,NA,NA,NA,NA,NA,NA,NA,NA,NA,NA,NA,"""Small explosion hits home of Greek ex-ministry official,"" Reuters News, November 26, 2012.","""New Group 'Militant Minority' Claims Responsibility for Athens Suburbs Attack,"" Kathimerini Online, November 26, 2012.","""Home-made bomb explodes outside home of woman implicated in Tsohatzopoulos case,"" Athens News Agency, November 26, 2012.",START Primary Collection,0,0,0,0,NA,Militant Minority (Greece) ||  ||  ||  ||  || ,"11/26/2012: Assailants planted four rigged gas canisters outside of a house belonging to Maria Kaltsa, a former ministry official, in Psychiko area of Athens city, Attica region, Greece. There were no reported injuries in the blast, although the house was damaged. A group calling itself Militant Minority claimed responsibility for the incident. || The specific motive is unknown; however, sources noted that politicians are a frequent target as the citizenry responds to the economic crisis. || ",2012,FALSE,FALSE,FALSE,TRUE,FALSE,FALSE,TRUE,TRUE,5,FALSE,FALSE,TRUE,probable_inspired,high_score_text_claim_signal
data/globalterrorismdb_0522dist.csv,201211210012,2012,11,21,NA,0,NA,167,Russia,9,Eastern Europe,Dagestan,Shamil'kala,42.686758,46.871187,1,0,NA,"11/21/2012: An explosive device detonated targeting first repsonders of a previous attack outside of a former bank building in Shamil'kala village, Dagestan republic, Russia. Three people, including two police officers and one civilian, were killed and five more were injured in the attack. This was one of two related attacks in Shamil'kala on this day. No group claimed responsibility for the incident.",1,1,1,0,NA,NA,1,1,0,3,Bombing/Explosion,NA,NA,NA,NA,3,Police,25,Police Security Forces/Officers,Russian Police,Officers,167,Russia,14,Private Citizens & Property,67,Unnamed Civilian/Unspecified,Not Applicable,Civilians,167,Russia,NA,NA,NA,NA,NA,NA,NA,NA,Unknown,NA,NA,NA,NA,NA,"The specific motive is unknown; however, sources noted that many of the attacks perpetrated in the area are designed to further a campaign for an independent Islamic state in the region.",0,NA,NA,0,-99,0,0,NA,NA,NA,NA,NA,NA,NA,NA,NA,6,Explosives,16,Unknown Explosive Type,NA,NA,NA,NA,NA,NA,NA,NA,NA,NA,NA,NA,A first-responder bomb was used in the attack.,3,0,0,5,0,0,1,3,Minor (likely < $1 million),-99,The bank was damaged in this attack.,0,NA,NA,NA,NA,NA,NA,NA,NA,NA,NA,NA,NA,NA,NA,NA,NA,"""Blast kills three in Russia's Dagestan,"" Agence France Presse -- English, November 21, 2012.","""Bomb kills three, wounds five in Russia's North Caucasus,"" Reuters News, November 21, 2012.","""Three Killed In Daghestan Bombing,"" Radio Free Europe, November 21, 2012.",START Primary Collection,-9,-9,0,-9,"201211210012, 201211210013",Unknown ||  ||  ||  ||  || ,"11/21/2012: An explosive device detonated targeting first repsonders of a previous attack outside of a former bank building in Shamil'kala village, Dagestan republic, Russia. Three people, including two police officers and one civilian, were killed and five more were injured in the attack. This was one of two related attacks in Shamil'kala on this day. No group claimed responsibility for the incident. || The specific motive is unknown; however, sources noted that many of the attacks perpetrated in the area are designed to further a campaign for an independent Islamic state in the region. || ",2012,FALSE,FALSE,TRUE,TRUE,TRUE,FALSE,FALSE,TRUE,6,FALSE,TRUE,TRUE,probable_inspired,high_score_text_claim_signal
data/globalterrorismdb_0522dist.csv,201211210013,2012,11,21,NA,0,NA,167,Russia,9,Eastern Europe,Dagestan,Shamil'kala,42.686758,46.871187,1,0,NA,"11/21/2012: An explosive device detonated outside of a former bank building in Shamil'kala village, Dagestan republic, Russia. The building was abandoned at the time, resulting in no reported casualties. This was one of two related attacks in Shamil'kala on this day. No group claimed responsibility for the incident.",1,1,1,0,NA,NA,1,1,0,3,Bombing/Explosion,NA,NA,NA,NA,1,Business,3,Bank/Commerce,Unknown,Bank,167,Russia,NA,NA,NA,NA,NA,NA,NA,NA,NA,NA,NA,NA,NA,NA,NA,NA,Unknown,NA,NA,NA,NA,NA,"The specific motive is unknown; however, sources noted that many of the attacks perpetrated in the area are designed to further a campaign for an independent Islamic state in the region.",0,NA,NA,0,-99,0,0,NA,NA,NA,NA,NA,NA,NA,NA,NA,6,Explosives,16,Unknown Explosive Type,NA,NA,NA,NA,NA,NA,NA,NA,NA,NA,NA,NA,NA,0,0,0,0,0,0,1,3,Minor (likely < $1 million),-99,The bank was damaged in this attack.,0,NA,NA,NA,NA,NA,NA,NA,NA,NA,NA,NA,NA,NA,NA,NA,NA,"""Blast kills three in Russia's Dagestan,"" Agence France Presse -- English, November 21, 2012.","""Bomb kills three, wounds five in Russia's North Caucasus,"" Reuters News, November 21, 2012.","""Chechnya Campaign,"" Russia & CIS Military Weekly, November 23, 2012.",START Primary Collection,-9,-9,0,-9,"201211210012, 201211210013",Unknown ||  ||  ||  ||  || ,"11/21/2012: An explosive device detonated outside of a former bank building in Shamil'kala village, Dagestan republic, Russia. The building was abandoned at the time, resulting in no reported casualties. This was one of two related attacks in Shamil'kala on this day. No group claimed responsibility for the incident. || The specific motive is unknown; however, sources noted that many of the attacks perpetrated in the area are designed to further a campaign for an independent Islamic state in the region. || ",2012,FALSE,FALSE,TRUE,TRUE,TRUE,FALSE,FALSE,TRUE,6,FALSE,TRUE,TRUE,probable_inspired,high_score_text_claim_signal
data/globalterrorismdb_0522dist.csv,201302060011,2013,2,6,NA,0,NA,208,Tunisia,10,Middle East & North Africa,Tunis,Tunis,36.818767,10.165588,1,0,NA,"02/06/2013: Assailants opened fire on Chokri Belaid outside of his private residence in Tunis city, Tunis, Tunisia. Belaid, the General Secretary for the Democratic Patriots party and the coordinator of the Popular Front Coalition, was killed in the assault. No group claimed responsibility; however, officials attributed the attack to Ansar al-Sharia.",1,1,1,0,NA,NA,0,1,0,1,Assassination,NA,NA,NA,NA,14,Private Citizens & Property,84,Political Party Member/Rally,Democratic Patriots' Movement,Secretary-General: Chokri Belaid,208,Tunisia,NA,NA,NA,NA,NA,NA,NA,NA,NA,NA,NA,NA,NA,NA,NA,NA,Ansar al-Sharia (Tunisia),NA,NA,NA,NA,NA,NA,0,NA,NA,0,-99,0,0,NA,NA,NA,NA,NA,NA,NA,NA,NA,5,Firearms,5,Unknown Gun Type,NA,NA,NA,NA,NA,NA,NA,NA,NA,NA,NA,NA,NA,1,0,0,0,0,0,0,NA,NA,NA,NA,0,NA,NA,NA,NA,NA,NA,NA,NA,NA,NA,NA,NA,NA,NA,NA,"The victim, Chokri Belaid, was critical of the Islamist-led government in Tunisia and served as a leader of the opposition party, the Democratic Patriots. Belaid's fellow party members blamed the attack on supporters of the Islamist Ennahda party. Representatives from the Ennahda party denied these claims. The Islamic State of Iraq and the Levant (ISIL) later claimed responsibility for the attack in December of 2014, even though the group was not established until two months after this incident.","""Video claims responsibility for Tunisia killings,"" The Associated Press, December 18, 2014.","""Tunisia releases photos of politician's suspected   assassin,"" Agence France Presse -- English, April 13, 2013.","""LEAD: Senior Tunisian opposition politician assassinated Eds: Adds details,"" dpa International Service in English, February 6, 2013.",START Primary Collection,0,0,0,0,NA,Ansar al-Sharia (Tunisia) ||  ||  ||  ||  || ,"02/06/2013: Assailants opened fire on Chokri Belaid outside of his private residence in Tunis city, Tunis, Tunisia. Belaid, the General Secretary for the Democratic Patriots party and the coordinator of the Popular Front Coalition, was killed in the assault. No group claimed responsibility; however, officials attributed the attack to Ansar al-Sharia. ||  || The victim, Chokri Belaid, was critical of the Islamist-led government in Tunisia and served as a leader of the opposition party, the Democratic Patriots. Belaid's fellow party members blamed the attack on supporters of the Islamist Ennahda party. Representatives from the Ennahda party denied these claims. The Islamic State of Iraq and the Levant (ISIL) later claimed responsibility for the attack in December of 2014, even though the group was not established until two months after this incident.",2013,FALSE,FALSE,FALSE,TRUE,TRUE,FALSE,FALSE,TRUE,5,FALSE,FALSE,TRUE,probable_inspired,high_score_text_claim_signal
data/globalterrorismdb_0522dist.csv,201301110006,2013,1,11,NA,0,NA,78,Greece,8,Western Europe,Attica,Athens,37.997492,23.762727,1,0,The incident occurred in the Agia Paraskevi neighborhood.,"01/11/2013: An incendiary device detonated at Antonis Liaros's private residence in Agia Paraskevi district, Athens city, Attica region, Greece. Liaros, a journalist, was not injured in the attack, although the building was damaged. This was one of five coordinated attacks targeting journalists in the city on the same night. Two groups, Militant Minority (Greece) and Circle of Violators/Nucleus Lovers of Anomy, claimed responsibility for the incidents.",1,1,1,0,NA,NA,1,1,0,7,Facility/Infrastructure Attack,NA,NA,NA,NA,10,Journalists & Media,55,Television Journalist/Staff/Facility,Unknown,Journalist: Antonis Liaros,78,Greece,NA,NA,NA,NA,NA,NA,NA,NA,NA,NA,NA,NA,NA,NA,NA,NA,Militant Minority (Greece),NA,Circle of Violators/Nucleus Lovers of Anomy,NA,NA,NA,"In a statement posted on a website, two groups, Militant Minority and Circle of Violators/Nucleus Lovers of Anomy, jointly claimed responsibility for the attack and stated that media coverage of the ongoing Greek financial crisis was sympathetic to the government.",0,0,NA,0,-99,0,1,7,"Posted to website, blog, etc.",1,7,"Posted to website, blog, etc.",NA,NA,NA,0,8,Incendiary,20,Gasoline or Alcohol,NA,NA,NA,NA,NA,NA,NA,NA,NA,NA,NA,NA,An incendiary device consisting of two gas canisters was used in the attack.,0,0,0,0,0,0,1,3,Minor (likely < $1 million),-99,A civilian home was damaged in this attack.,0,NA,NA,NA,NA,NA,NA,NA,NA,NA,NA,NA,NA,NA,NA,NA,NA,"""Makeshift bombs explode outside homes of Greek journalists,"" Reuters, January 11, 2013.","""Greek media targeted by arsonists,"" BBC, January 11, 2013.","""Greece: Barrage of Fire-Bomb Attacks Occurs Outside Journalists' Homes,"" ANA-MPA, January 11, 2013.",START Primary Collection,0,0,0,0,"201301110006, 201301110007, 201301110008, 201301110009, 201301110010",Militant Minority (Greece) || Circle of Violators/Nucleus Lovers of Anomy ||  ||  ||  || ,"01/11/2013: An incendiary device detonated at Antonis Liaros's private residence in Agia Paraskevi district, Athens city, Attica region, Greece. Liaros, a journalist, was not injured in the attack, although the building was damaged. This was one of five coordinated attacks targeting journalists in the city on the same night. Two groups, Militant Minority (Greece) and Circle of Violators/Nucleus Lovers of Anomy, claimed responsibility for the incidents. || In a statement posted on a website, two groups, Militant Minority and Circle of Violators/Nucleus Lovers of Anomy, jointly claimed responsibility for the attack and stated that media coverage of the ongoing Greek financial crisis was sympathetic to the government. || ",2013,FALSE,FALSE,FALSE,TRUE,FALSE,FALSE,TRUE,TRUE,5,FALSE,FALSE,TRUE,probable_inspired,high_score_text_claim_signal
data/globalterrorismdb_0522dist.csv,201301110007,2013,1,11,NA,0,NA,78,Greece,8,Western Europe,Attica,Athens,37.997492,23.762727,1,0,The incident occurred in the Likavittos area.,"01/11/2013: An incendiary device detonated at journalist George Oikonomeas's former residence in Lykavittos district, Athens city, Attica region, Greece. There were no reported casualties resulting from the attack, although the building was damaged. This was one of five coordinated attacks targeting journalists in the city on the same night. Two groups, Militant Minority (Greece) and Circle of Violators/Nucleus Lovers of Anomy, claimed responsibility for the incidents.",1,1,1,0,NA,NA,1,1,0,7,Facility/Infrastructure Attack,NA,NA,NA,NA,10,Journalists & Media,55,Television Journalist/Staff/Facility,Unknown,Journalist: George Oikonomeas,78,Greece,NA,NA,NA,NA,NA,NA,NA,NA,NA,NA,NA,NA,NA,NA,NA,NA,Militant Minority (Greece),NA,Circle of Violators/Nucleus Lovers of Anomy,NA,NA,NA,"In a statement posted on a website, two groups, Militant Minority and Circle of Violators/Nucleus Lovers of Anomy, jointly claimed responsibility for the attack and stated that media coverage of the ongoing Greek financial crisis was sympathetic to the government.",0,0,NA,0,-99,0,1,7,"Posted to website, blog, etc.",1,7,"Posted to website, blog, etc.",NA,NA,NA,0,8,Incendiary,20,Gasoline or Alcohol,NA,NA,NA,NA,NA,NA,NA,NA,NA,NA,NA,NA,An incendiary device consisting of two gas canisters was used in the attack.,0,0,0,0,0,0,1,3,Minor (likely < $1 million),-99,The entrance to a civilian home was damaged in this attack.,0,NA,NA,NA,NA,NA,NA,NA,NA,NA,NA,NA,NA,NA,NA,NA,NA,"""Greek media targeted by arsonists,"" BBC, January 11, 2013.","""Makeshift bombs explode outside homes of Greek journalists,"" Reuters, January 11, 2013.","""Five Greek Journalists Targeted in Arson Attacks,"" Dow Jones News Service, January 11, 2013.",START Primary Collection,0,0,0,0,"201301110006, 201301110007, 201301110008, 201301110009, 201301110010",Militant Minority (Greece) || Circle of Violators/Nucleus Lovers of Anomy ||  ||  ||  || ,"01/11/2013: An incendiary device detonated at journalist George Oikonomeas's former residence in Lykavittos district, Athens city, Attica region, Greece. There were no reported casualties resulting from the attack, although the building was damaged. This was one of five coordinated attacks targeting journalists in the city on the same night. Two groups, Militant Minority (Greece) and Circle of Violators/Nucleus Lovers of Anomy, claimed responsibility for the incidents. || In a statement posted on a website, two groups, Militant Minority and Circle of Violators/Nucleus Lovers of Anomy, jointly claimed responsibility for the attack and stated that media coverage of the ongoing Greek financial crisis was sympathetic to the government. || ",2013,FALSE,FALSE,FALSE,TRUE,FALSE,FALSE,TRUE,TRUE,5,FALSE,FALSE,TRUE,probable_inspired,high_score_text_claim_signal
data/globalterrorismdb_0522dist.csv,201301110008,2013,1,11,NA,0,NA,78,Greece,8,Western Europe,Attica,Athens,37.997492,23.762727,1,0,The incident occurred in the Penteli neighborhood.,"01/11/2013: An incendiary device detonated at Antonis Skyllakos's private residence in Penteli district, Athens city, Attica region, Greece. Skyllakos, the director of the Athens News Agency, was not injured in the attack, although the building was damaged. This was one of five coordinated attacks targeting journalists in the city on the same night. Two groups, Militant Minority (Greece) and Circle of Violators/Nucleus Lovers of Anomy, claimed responsibility for the incidents.",1,1,1,0,NA,NA,1,1,0,7,Facility/Infrastructure Attack,NA,NA,NA,NA,10,Journalists & Media,55,Television Journalist/Staff/Facility,Athens News Agency,Director: Antonis Skyllakos,78,Greece,NA,NA,NA,NA,NA,NA,NA,NA,NA,NA,NA,NA,NA,NA,NA,NA,Militant Minority (Greece),NA,Circle of Violators/Nucleus Lovers of Anomy,NA,NA,NA,"In a statement posted on a website, two groups, Militant Minority and Circle of Violators/Nucleus Lovers of Anomy, jointly claimed responsibility for the attack and stated that media coverage of the ongoing Greek financial crisis was sympathetic to the government.",0,0,NA,0,-99,0,1,7,"Posted to website, blog, etc.",1,7,"Posted to website, blog, etc.",NA,NA,NA,0,8,Incendiary,20,Gasoline or Alcohol,NA,NA,NA,NA,NA,NA,NA,NA,NA,NA,NA,NA,An incendiary device consisting of two gas canisters was used in the attack.,0,0,0,0,0,0,1,3,Minor (likely < $1 million),-99,The entrance to a civilian home was damaged in this attack.,0,NA,NA,NA,NA,NA,NA,NA,NA,NA,NA,NA,NA,NA,NA,NA,NA,"""Greek media targeted by arsonists,"" BBC, January 11, 2013.","""Makeshift bombs explode outside homes of Greek journalists,"" Reuters, January 11, 2013.","""Five Greek Journalists Targeted in Arson Attacks,"" Dow Jones News Service, January 11, 2013.",START Primary Collection,0,0,0,0,"201301110006, 201301110007, 201301110008, 201301110009, 201301110010",Militant Minority (Greece) || Circle of Violators/Nucleus Lovers of Anomy ||  ||  ||  || ,"01/11/2013: An incendiary device detonated at Antonis Skyllakos's private residence in Penteli district, Athens city, Attica region, Greece. Skyllakos, the director of the Athens News Agency, was not injured in the attack, although the building was damaged. This was one of five coordinated attacks targeting journalists in the city on the same night. Two groups, Militant Minority (Greece) and Circle of Violators/Nucleus Lovers of Anomy, claimed responsibility for the incidents. || In a statement posted on a website, two groups, Militant Minority and Circle of Violators/Nucleus Lovers of Anomy, jointly claimed responsibility for the attack and stated that media coverage of the ongoing Greek financial crisis was sympathetic to the government. || ",2013,FALSE,FALSE,FALSE,TRUE,FALSE,FALSE,TRUE,TRUE,5,FALSE,FALSE,TRUE,probable_inspired,high_score_text_claim_signal
data/globalterrorismdb_0522dist.csv,201301110009,2013,1,11,NA,0,NA,78,Greece,8,Western Europe,Attica,Athens,37.997492,23.762727,1,0,The incident occurred in the Maroussi neighborhood.,"01/11/2013: An incendiary device detonated at Chris Konstas's private residence in Maroussi district, Athens city, Attica region, Greece. Konstas, a journalist, was not injured in the attack, although the building was damaged. This was one of five coordinated attacks targeting journalists in the city on the same night. Two groups, Militant Minority (Greece) and Circle of Violators/Nucleus Lovers of Anomy, claimed responsibility for the incidents.",1,1,1,0,NA,NA,1,1,0,7,Facility/Infrastructure Attack,NA,NA,NA,NA,10,Journalists & Media,55,Television Journalist/Staff/Facility,Unknown,Journalist: Chris Konstas,78,Greece,NA,NA,NA,NA,NA,NA,NA,NA,NA,NA,NA,NA,NA,NA,NA,NA,Militant Minority (Greece),NA,Circle of Violators/Nucleus Lovers of Anomy,NA,NA,NA,"In a statement posted on a website, two groups, Militant Minority and Circle of Violators/Nucleus Lovers of Anomy, jointly claimed responsibility for the attack and stated that media coverage of the ongoing Greek financial crisis was sympathetic to the government.",0,0,NA,0,-99,0,1,7,"Posted to website, blog, etc.",1,7,"Posted to website, blog, etc.",NA,NA,NA,0,8,Incendiary,20,Gasoline or Alcohol,NA,NA,NA,NA,NA,NA,NA,NA,NA,NA,NA,NA,An incendiary device consisting of two gas canisters was used in the attack.,0,0,0,0,0,0,1,3,Minor (likely < $1 million),-99,The entrance to a civilian home was damaged in this attack.,0,NA,NA,NA,NA,NA,NA,NA,NA,NA,NA,NA,NA,NA,NA,NA,NA,"""Greek media targeted by arsonists,"" BBC, January 11, 2013.","""Makeshift bombs explode outside homes of Greek journalists,"" Reuters, January 11, 2013.","""Five Greek Journalists Targeted in Arson Attacks,"" Dow Jones News Service, January 11, 2013.",START Primary Collection,0,0,0,0,"201301110006, 201301110007, 201301110008, 201301110009, 201301110010",Militant Minority (Greece) || Circle of Violators/Nucleus Lovers of Anomy ||  ||  ||  || ,"01/11/2013: An incendiary device detonated at Chris Konstas's private residence in Maroussi district, Athens city, Attica region, Greece. Konstas, a journalist, was not injured in the attack, although the building was damaged. This was one of five coordinated attacks targeting journalists in the city on the same night. Two groups, Militant Minority (Greece) and Circle of Violators/Nucleus Lovers of Anomy, claimed responsibility for the incidents. || In a statement posted on a website, two groups, Militant Minority and Circle of Violators/Nucleus Lovers of Anomy, jointly claimed responsibility for the attack and stated that media coverage of the ongoing Greek financial crisis was sympathetic to the government. || ",2013,FALSE,FALSE,FALSE,TRUE,FALSE,FALSE,TRUE,TRUE,5,FALSE,FALSE,TRUE,probable_inspired,high_score_text_claim_signal
data/globalterrorismdb_0522dist.csv,201301110010,2013,1,11,NA,0,NA,78,Greece,8,Western Europe,Attica,Athens,37.997492,23.762727,1,0,The incident occurred in the Alimos neighborhood.,"01/11/2013: An incendiary device detonated at Petros Karsiotis's private residence in Alimos district, Athens city, Attica region, Greece. Karsiotis, a journalist, was not injured in the attack, although the building was damaged. This was one of five coordinated attacks targeting journalists in the city on the same night. Two groups, Militant Minority (Greece) and Circle of Violators/Nucleus Lovers of Anomy, claimed responsibility for the incidents.",1,1,1,0,NA,NA,1,1,0,7,Facility/Infrastructure Attack,NA,NA,NA,NA,10,Journalists & Media,55,Television Journalist/Staff/Facility,Unknown,Journalist: Petros Karsiotis,78,Greece,NA,NA,NA,NA,NA,NA,NA,NA,NA,NA,NA,NA,NA,NA,NA,NA,Militant Minority (Greece),NA,Circle of Violators/Nucleus Lovers of Anomy,NA,NA,NA,"In a statement posted on a website, two groups, Militant Minority and Circle of Violators/Nucleus Lovers of Anomy, jointly claimed responsibility for the attack and stated that media coverage of the ongoing Greek financial crisis was sympathetic to the government.",0,0,NA,0,-99,0,1,7,"Posted to website, blog, etc.",1,7,"Posted to website, blog, etc.",NA,NA,NA,0,8,Incendiary,20,Gasoline or Alcohol,NA,NA,NA,NA,NA,NA,NA,NA,NA,NA,NA,NA,An incendiary device consisting of two gas canisters was used in the attack.,0,0,0,0,0,0,1,3,Minor (likely < $1 million),-99,The entrance to a civilian home was damaged in this attack.,0,NA,NA,NA,NA,NA,NA,NA,NA,NA,NA,NA,NA,NA,NA,NA,NA,"""Greek media targeted by arsonists,"" BBC, January 11, 2013.","""Makeshift bombs explode outside homes of Greek journalists,"" Reuters, January 11, 2013.","""Five Greek Journalists Targeted in Arson Attacks,"" Dow Jones News Service, January 11, 2013.",START Primary Collection,0,0,0,0,"201301110006, 201301110007, 201301110008, 201301110009, 201301110010",Militant Minority (Greece) || Circle of Violators/Nucleus Lovers of Anomy ||  ||  ||  || ,"01/11/2013: An incendiary device detonated at Petros Karsiotis's private residence in Alimos district, Athens city, Attica region, Greece. Karsiotis, a journalist, was not injured in the attack, although the building was damaged. This was one of five coordinated attacks targeting journalists in the city on the same night. Two groups, Militant Minority (Greece) and Circle of Violators/Nucleus Lovers of Anomy, claimed responsibility for the incidents. || In a statement posted on a website, two groups, Militant Minority and Circle of Violators/Nucleus Lovers of Anomy, jointly claimed responsibility for the attack and stated that media coverage of the ongoing Greek financial crisis was sympathetic to the government. || ",2013,FALSE,FALSE,FALSE,TRUE,FALSE,FALSE,TRUE,TRUE,5,FALSE,FALSE,TRUE,probable_inspired,high_score_text_claim_signal
data/globalterrorismdb_0522dist.csv,201309170007,2013,9,16,NA,0,NA,160,Philippines,5,Southeast Asia,Zamboanga del Sur,Zamboanga City,6.929089,122.078846,1,0,Incident occurred in Barangay Mampang,"09/16/2013: Gunmen abducted three police officers in Zamboanga City, Zamboanga del Sur, Philippines. The victims included Senior Superintendent Jose Chiquito Malayo. Malayo and the two officers convinced the assailants to release them a few hours later and turn themselves over to authorities. The 23 assailants were then arrested. The Moro National Liberation Front (MNLF) claimed responsibility for the incident and declared that an international intervention was necessary now that the group possessed a prisoner of war.",1,1,1,0,NA,NA,0,1,0,6,Hostage Taking (Kidnapping),NA,NA,NA,NA,3,Police,25,Police Security Forces/Officers,Philippine National Police (PNP),Officers,160,Philippines,NA,NA,NA,NA,NA,NA,NA,NA,NA,NA,NA,NA,NA,NA,NA,NA,Moro National Liberation Front (MNLF),NA,NA,NA,NA,NA,The Moro National Liberation Front (MNLF) claimed responsibility for the incident and declared that an international intervention was necessary now that the group possessed a prisoner of war. Sources also noted that the incident occurred amidst an ongoing crisis in Zamboanga City between security forces and members of the Moro National Liberation Front (MNLF).,0,NA,NA,0,23,23,1,10,Unknown,NA,NA,NA,NA,NA,NA,NA,5,Firearms,5,Unknown Gun Type,NA,NA,NA,NA,NA,NA,NA,NA,NA,NA,NA,NA,NA,0,0,0,0,0,0,0,NA,NA,NA,NA,1,3,0,-99,NA,NA,NA,0,NA,NA,NA,NA,NA,2,Hostage(s) released by perpetrators,3,NA,"""How Zambo police chief convinced 23 MNLF men to surrender,"" ABS-CBN News, September 19, 2013.","""Philippines: Captured Zambo police chief released by MNLF,"" Philstar.com, September 17, 2013.","""MNLF rebels abduct police chief in S. Philippines,"" Xinhua News Agency, September 17, 2013.",START Primary Collection,0,0,0,0,NA,Moro National Liberation Front (MNLF) ||  ||  ||  ||  || ,"09/16/2013: Gunmen abducted three police officers in Zamboanga City, Zamboanga del Sur, Philippines. The victims included Senior Superintendent Jose Chiquito Malayo. Malayo and the two officers convinced the assailants to release them a few hours later and turn themselves over to authorities. The 23 assailants were then arrested. The Moro National Liberation Front (MNLF) claimed responsibility for the incident and declared that an international intervention was necessary now that the group possessed a prisoner of war. || The Moro National Liberation Front (MNLF) claimed responsibility for the incident and declared that an international intervention was necessary now that the group possessed a prisoner of war. Sources also noted that the incident occurred amidst an ongoing crisis in Zamboanga City between security forces and members of the Moro National Liberation Front (MNLF). || ",2013,FALSE,FALSE,FALSE,TRUE,FALSE,FALSE,TRUE,TRUE,5,FALSE,FALSE,TRUE,probable_inspired,high_score_text_claim_signal
data/globalterrorismdb_0522dist.csv,201302090028,2013,2,9,NA,1,NA,200,Syria,10,Middle East & North Africa,Aleppo,Jabal Saman district,35.999553,36.915501,3,0,The incident occurred 30 km southwest of Aleppo city.,"02/09/2013: Assailants abducted two priests, Maher Mahfouz and Michael Kayyal, from a bus in Jabal Saman district, Aleppo, Syria. The outcome of the kidnapping is unknown. No group claimed responsibility; however, sources attributed the attack to the Islamic State of Iraq and the Levant (ISIL).",1,1,1,0,NA,NA,0,1,0,6,Hostage Taking (Kidnapping),NA,NA,NA,NA,15,Religious Figures/Institutions,85,Religious Figure,Unknown,Priests: Maher Mahfouz,200,Syria,15,Religious Figures/Institutions,85,Religious Figure,Unknown,Priest: Michael Kayyal,12,Armenia,NA,NA,NA,NA,NA,NA,NA,NA,Unknown,NA,NA,NA,NA,NA,NA,0,NA,NA,0,-99,0,0,NA,NA,NA,NA,NA,NA,NA,NA,NA,13,Unknown,NA,NA,NA,NA,NA,NA,NA,NA,NA,NA,NA,NA,NA,NA,NA,NA,0,0,NA,0,0,0,NA,NA,NA,NA,1,2,0,NA,-99,NA,NA,0,NA,NA,NA,NA,NA,7,Unknown,-99,NA,"""REWARDS FOR JUSTICE: INFORMATION ON ISIS KIDNAPPING NETWORKS,"" US Fed News, July 26, 2019.",NA,NA,START Primary Collection,-9,-9,1,1,NA,Unknown ||  ||  ||  ||  || ,"02/09/2013: Assailants abducted two priests, Maher Mahfouz and Michael Kayyal, from a bus in Jabal Saman district, Aleppo, Syria. The outcome of the kidnapping is unknown. No group claimed responsibility; however, sources attributed the attack to the Islamic State of Iraq and the Levant (ISIL). ||  || ",2013,FALSE,FALSE,TRUE,TRUE,TRUE,FALSE,FALSE,TRUE,6,FALSE,TRUE,TRUE,probable_inspired,high_score_text_claim_signal
data/globalterrorismdb_0522dist.csv,201304230030,2013,4,23,NA,0,NA,95,Iraq,10,Middle East & North Africa,Baghdad,Baghdad,33.303567,44.371771,1,0,The incident took place in the Dora area.,"04/23/2013: Two explosive devices detonated outside of a mosque in Baghdad city, Baghdad governorate, Iraq. Four people were killed and 14 others injured in the attack. No group claimed responsibility for the incident.",1,1,1,0,NA,NA,0,1,0,3,Bombing/Explosion,NA,NA,NA,NA,15,Religious Figures/Institutions,86,Place of Worship,Unknown,Sunni Mosque,95,Iraq,NA,NA,NA,NA,NA,NA,NA,NA,NA,NA,NA,NA,NA,NA,NA,NA,Unknown,NA,NA,NA,NA,NA,"The specific motive is unknown; however, sources note that Islamic State of Iraq and the Levant (ISIL) has carried out similar attacks against Sunni Muslim targets in an effort to stoke sectarian violence between Iraq’s minority Sunni and majority Shia communities.",0,NA,NA,0,-99,0,0,NA,NA,NA,NA,NA,NA,NA,NA,NA,6,Explosives,16,Unknown Explosive Type,NA,NA,NA,NA,NA,NA,NA,NA,NA,NA,NA,NA,Unknown explosives were used in the attack.,4,0,0,14,0,0,0,NA,NA,NA,NA,0,NA,NA,NA,NA,NA,NA,NA,NA,NA,NA,NA,NA,NA,NA,NA,NA,"""Sunni mosque attacks kill 13 in Iraq,"" Agence France Presse -- English, April 23, 2013.","""At least 13 killed in attacks on Sunni mosques in Iraq,"" GlobalPost, April 23, 2013.","""Sunni Mosque Attacks Kill 13 in Iraq,"" Naharnet, April 23, 2013.",START Primary Collection,-9,-9,0,-9,NA,Unknown ||  ||  ||  ||  || ,"04/23/2013: Two explosive devices detonated outside of a mosque in Baghdad city, Baghdad governorate, Iraq. Four people were killed and 14 others injured in the attack. No group claimed responsibility for the incident. || The specific motive is unknown; however, sources note that Islamic State of Iraq and the Levant (ISIL) has carried out similar attacks against Sunni Muslim targets in an effort to stoke sectarian violence between Iraq’s minority Sunni and majority Shia communities. || ",2013,FALSE,FALSE,TRUE,TRUE,TRUE,FALSE,FALSE,TRUE,6,FALSE,TRUE,TRUE,probable_inspired,high_score_text_claim_signal
data/globalterrorismdb_0522dist.csv,201304290015,2013,4,29,NA,0,NA,95,Iraq,10,Middle East & North Africa,Diyala,Madain,33.100528,44.584493,1,0,NA,"04/29/2013: A sniper shot and killed one soldier and injured another in Madain, Diyala governorate, Iraq. No group claimed responsibility for this attack.",1,1,0,1,1,Insurgency/Guerilla Action,0,1,0,2,Armed Assault,NA,NA,NA,NA,4,Military,34,"Military Personnel (soldiers, troops, officers, forces)",Iraqi Armed Forces,Soldiers,95,Iraq,NA,NA,NA,NA,NA,NA,NA,NA,NA,NA,NA,NA,NA,NA,NA,NA,Unknown,NA,NA,NA,NA,NA,"The specific motive is unknown; however, sources note that the incident occurred amid a recent wave of attacks following an Iraqi security forces’ raid of an anti-government Sunni protest camp in the town of Hawijah on April 23, 2013. Moreover, sources indicate that Islamic State of Iraq and the Levant (ISIL) has carried out similar attacks in an effort to stoke sectarian strife between Iraq’s minority Sunni and Shiite majority communities.",0,NA,NA,0,1,0,0,NA,NA,NA,NA,NA,NA,NA,NA,NA,5,Firearms,4,Rifle/Shotgun (non-automatic),NA,NA,NA,NA,NA,NA,NA,NA,NA,NA,NA,NA,An unspecified sniper rifle was used in the attack.,1,0,0,1,0,0,0,NA,NA,NA,NA,0,NA,NA,NA,NA,NA,NA,NA,NA,NA,NA,NA,NA,NA,NA,NA,NA,"""Car bombs, shootings kill 23 across Iraq,"" Reuters, April 29, 2013.",NA,NA,START Primary Collection,-9,-9,0,-9,NA,Unknown ||  ||  ||  ||  || ,"04/29/2013: A sniper shot and killed one soldier and injured another in Madain, Diyala governorate, Iraq. No group claimed responsibility for this attack. || The specific motive is unknown; however, sources note that the incident occurred amid a recent wave of attacks following an Iraqi security forces’ raid of an anti-government Sunni protest camp in the town of Hawijah on April 23, 2013. Moreover, sources indicate that Islamic State of Iraq and the Levant (ISIL) has carried out similar attacks in an effort to stoke sectarian strife between Iraq’s minority Sunni and Shiite majority communities. || ",2013,FALSE,FALSE,TRUE,TRUE,TRUE,FALSE,FALSE,TRUE,6,FALSE,TRUE,TRUE,probable_inspired,high_score_text_claim_signal
data/globalterrorismdb_0522dist.csv,201307110021,2013,7,11,NA,0,NA,95,Iraq,10,Middle East & North Africa,Saladin,Tuz Khormato,34.881348,44.62513,1,0,Incident occurred in the Aq-Sou area of the city.,"07/11/2013: An explosives-laden vehicle detonated in the Turkman neighborhood of Aq-Sou area, Tuz Khormato city, Saladin governorate, Iraq. At least five people were killed and another 29 people were injured in the blast. No group claimed responsibility for the incident.",1,1,1,0,NA,NA,0,1,0,3,Bombing/Explosion,NA,NA,NA,NA,14,Private Citizens & Property,75,Village/City/Town/Suburb,Not Applicable,Aq-Zou Neighborhood,95,Iraq,NA,NA,NA,NA,NA,NA,NA,NA,NA,NA,NA,NA,NA,NA,NA,NA,Unknown,NA,NA,NA,NA,NA,"The specific motive is unknown; however, a source indicates that Shiite Turkmans recently held a rally outside of Tuz-Khurmato city, protesting against Islamic State of Iraq and the Levant (ISIL)’s attacks on their ethno-religious minority group.",0,NA,NA,0,-99,0,0,NA,NA,NA,NA,NA,NA,NA,NA,NA,6,Explosives,15,Vehicle,NA,NA,NA,NA,NA,NA,NA,NA,NA,NA,NA,NA,NA,5,0,0,29,0,0,1,4,Unknown,-99,"A police station, twelve houses, and four vehicles were damaged in this attack.",0,NA,NA,NA,NA,NA,NA,NA,NA,NA,NA,NA,NA,NA,NA,NA,"Casualty numbers for this incident conflict across sources. Following GTD protocol, the lowest estimates are reported here.","""Militants   target Iraq security forces as 40 killed,"" Agence France Presse -- English, July 11, 2013.","""Shias targeted in deadly Iraq attacks,"" Al Jazeera, July 12, 2013.","""A series of bomb attacks, including suicide bombings, mainly targeting the police forces in Iraq on Thursday, killed 20 people and wounded some 69.,"" Xinhua News Agency, July 11, 2013.",START Primary Collection,-9,-9,0,-9,NA,Unknown ||  ||  ||  ||  || ,"07/11/2013: An explosives-laden vehicle detonated in the Turkman neighborhood of Aq-Sou area, Tuz Khormato city, Saladin governorate, Iraq. At least five people were killed and another 29 people were injured in the blast. No group claimed responsibility for the incident. || The specific motive is unknown; however, a source indicates that Shiite Turkmans recently held a rally outside of Tuz-Khurmato city, protesting against Islamic State of Iraq and the Levant (ISIL)’s attacks on their ethno-religious minority group. || Casualty numbers for this incident conflict across sources. Following GTD protocol, the lowest estimates are reported here.",2013,FALSE,FALSE,TRUE,TRUE,TRUE,FALSE,FALSE,TRUE,6,FALSE,TRUE,TRUE,probable_inspired,high_score_text_claim_signal
data/globalterrorismdb_0522dist.csv,201405270034,2014,5,27,NA,0,NA,200,Syria,10,Middle East & North Africa,Raqqah,Raqqah,35.951521,39.009562,1,0,NA,"05/27/2014: An explosives-laden vehicle, targeting a hotel used by the Islamic State of Iraq and the Levant (ISIL), detonated in Raqqah city, Raqqah governorate, Syria. There were an unknown number of casualties in the blast. No group claimed responsibility for the incident; however, the Islamic State of Iraq and the Levant (ISIL) attributed the attack to Al-Nusrah Front.",1,0,1,1,3,Intra/Inter-group Conflict,0,1,0,3,Bombing/Explosion,NA,NA,NA,NA,17,Terrorists/Non-State Militia,93,Terrorist,Islamic State of Iraq and the Levant (ISIL),Headquarters,200,Syria,14,Private Citizens & Property,67,Unnamed Civilian/Unspecified,Not Applicable,Civilians,200,Syria,NA,NA,NA,NA,NA,NA,NA,NA,Al-Nusrah Front,NA,NA,NA,NA,NA,NA,0,NA,NA,0,-99,0,0,NA,NA,NA,NA,NA,NA,NA,NA,NA,6,Explosives,15,Vehicle,NA,NA,NA,NA,NA,NA,NA,NA,NA,NA,NA,NA,An explosive-laden vehicle was used in the attack.,NA,0,0,NA,0,0,1,3,Minor (likely < $1 million),-99,A hotel was damaged in this attack.,0,NA,NA,NA,NA,NA,NA,NA,NA,NA,NA,NA,NA,NA,NA,NA,There is doubt that this incident meets terrorism-related criteria. Sources suggested the incident may have been the result of infighting between Al-Nusrah Front and Islamic State of Iraq and the Levant (ISIL).,"""Air raids on Aleppo kill over 40 in 24 hours,"" The Daily Star Online, May 29, 2014.","""Middle East-North Africa: Situation Update 29 May 2014,"" OSC Report, May 29, 2014.",NA,START Primary Collection,0,0,0,0,NA,Al-Nusrah Front ||  ||  ||  ||  || ,"05/27/2014: An explosives-laden vehicle, targeting a hotel used by the Islamic State of Iraq and the Levant (ISIL), detonated in Raqqah city, Raqqah governorate, Syria. There were an unknown number of casualties in the blast. No group claimed responsibility for the incident; however, the Islamic State of Iraq and the Levant (ISIL) attributed the attack to Al-Nusrah Front. ||  || There is doubt that this incident meets terrorism-related criteria. Sources suggested the incident may have been the result of infighting between Al-Nusrah Front and Islamic State of Iraq and the Levant (ISIL).",2014,FALSE,FALSE,FALSE,TRUE,TRUE,FALSE,FALSE,TRUE,5,FALSE,FALSE,TRUE,probable_inspired,high_score_text_claim_signal
data/globalterrorismdb_0522dist.csv,201406130001,2014,6,12,NA,1,06/30/2014,155,West Bank and Gaza Strip,10,Middle East & North Africa,West Bank,Alon Shvut,31.695183,35.114476,1,1,The incident occurred at the Gush Etzion Junction.,"06/12/2014: Assailants abducted Gil-Ad Shaer, Naftali Fraenkel, and Eyal Yifrah, all teenagers from Israel, in Gush Etzion area, West Bank, West Bank and Gaza Strip. The bodies of Fraenkel, a dual Israeli-United States (US) citizen, Shaer, and Yifrah were discovered on June 30, 2014. Hamas (Islamic Resistance Movement) claimed responsibility for the attack.",1,1,1,0,NA,NA,0,1,0,6,Hostage Taking (Kidnapping),NA,NA,NA,NA,14,Private Citizens & Property,68,Named Civilian,Not Applicable,"Civilians: Gil-Ad Shaer, Naftali Fraenkel, Eyal Yifrah",97,Israel,NA,NA,NA,NA,NA,NA,NA,NA,NA,NA,NA,NA,NA,NA,NA,NA,Hamas (Islamic Resistance Movement),NA,NA,NA,NA,NA,"Al-Aqsa Martyrs Brigade claimed responsibility for the incident and stated that the boys would only be returned in exchange for the release of thousands of prisoners. Separately, the Islamic State of Iraq and the Levant (ISIL) had a pamphlet distributed in its name stating that ISIL kidnapped the boys to support Palestinian detainees as well as to avenge its dead comrades.  Alternatively, Dawlat al-Islam, a sub-group of ISIL, stated that the group had kidnapped the boys in retribution for Israel killing three group members several months prior.",0,NA,NA,0,2,2,1,8,Personal claim,NA,NA,NA,NA,NA,NA,NA,13,Unknown,NA,NA,NA,NA,NA,NA,NA,NA,NA,NA,NA,NA,NA,NA,NA,3,1,0,0,0,0,0,NA,NA,NA,NA,1,3,1,NA,18,NA,NA,0,NA,NA,NA,NA,The assailants demanded the release of thousands of prisoners in exchange for the safe return of the hostages.,4,Hostage(s) killed (not during rescue attempt),0,"Other groups, including Al-Aqsa Martyrs Brigade, the Islamic State of Iraq and the Levant (ISIL), and Dawlat al-Islam, also claimed responsibility for the attack. Al-Aqsa Martyrs Brigade stated that the boys would only be returned in exchange for the release of thousands of prisoners. Separately, the Islamic State of Iraq and the Levant (ISIL) distributed a pamphlet in its name stating that it kidnapped the boys to support Palestinian detainees as well as to avenge its dead comrades. Alternatively, Dawlat al-Islam stated that they had kidnapped the boys in retribution for Israel killing three group members several months prior.","""Israel Gaza raid kills Palestinian militant over rocket fire,"" Agence France Presse -- English, June 29, 2014.","""Israeli authorities name suspects in teens' kidnapping,"" CNN, June 26, 2014.","""Mom speaks out on three abducted teens,"" CNN, June 15, 2014.",START Primary Collection,0,0,0,0,NA,Hamas (Islamic Resistance Movement) ||  ||  ||  ||  || ,"06/12/2014: Assailants abducted Gil-Ad Shaer, Naftali Fraenkel, and Eyal Yifrah, all teenagers from Israel, in Gush Etzion area, West Bank, West Bank and Gaza Strip. The bodies of Fraenkel, a dual Israeli-United States (US) citizen, Shaer, and Yifrah were discovered on June 30, 2014. Hamas (Islamic Resistance Movement) claimed responsibility for the attack. || Al-Aqsa Martyrs Brigade claimed responsibility for the incident and stated that the boys would only be returned in exchange for the release of thousands of prisoners. Separately, the Islamic State of Iraq and the Levant (ISIL) had a pamphlet distributed in its name stating that ISIL kidnapped the boys to support Palestinian detainees as well as to avenge its dead comrades.  Alternatively, Dawlat al-Islam, a sub-group of ISIL, stated that the group had kidnapped the boys in retribution for Israel killing three group members several months prior. || Other groups, including Al-Aqsa Martyrs Brigade, the Islamic State of Iraq and the Levant (ISIL), and Dawlat al-Islam, also claimed responsibility for the attack. Al-Aqsa Martyrs Brigade stated that the boys would only be returned in exchange for the release of thousands of prisoners. Separately, the Islamic State of Iraq and the Levant (ISIL) distributed a pamphlet in its name stating that it kidnapped the boys to support Palestinian detainees as well as to avenge its dead comrades. Alternatively, Dawlat al-Islam stated that they had kidnapped the boys in retribution for Israel killing three group members several months prior.",2014,FALSE,FALSE,FALSE,TRUE,TRUE,FALSE,TRUE,TRUE,7,FALSE,FALSE,TRUE,probable_inspired,high_score_text_claim_signal
data/globalterrorismdb_0522dist.csv,201412150032,2014,12,15,NA,0,NA,14,Australia,12,Australasia & Oceania,New South Wales,Sydney,-33.867979,151.211038,1,0,The incident occurred in the Martin Place neighborhood,"12/15/2014: An assailant, Mon Haron Monis, took 18 people hostage in the Lindt Chocolate cafe in Sydney city, New South Wales state, Australia. Five hostages were able to escape during standoff. After 16 hours, police stormed the cafe and freed the living hostages. In total, Monis and two hostages were killed and four other hostages were wounded in the attack and siege. No group claimed responsibility for the incident.",1,1,1,0,NA,NA,0,1,0,5,Hostage Taking (Barricade Incident),NA,NA,NA,NA,1,Business,2,Restaurant/Bar/Café,Lindt Chocolate Cafe,Cafe,14,Australia,NA,NA,NA,NA,NA,NA,NA,NA,NA,NA,NA,NA,NA,NA,NA,NA,Jihadi-inspired extremists,NA,NA,NA,NA,NA,NA,0,NA,NA,1,1,0,0,NA,NA,NA,NA,NA,NA,NA,NA,NA,5,Firearms,4,Rifle/Shotgun (non-automatic),NA,NA,NA,NA,NA,NA,NA,NA,NA,NA,NA,NA,A sawed-off shotgun was used in the attack.,3,0,1,4,0,0,1,3,Minor (likely < $1 million),-99,A Lindt chocolate shop was damaged in this attack.,1,18,0,16,NA,NA,NA,0,NA,NA,NA,NA,NA,6,Combination,16,"During the standoff, Monis had declared allegiance to the Islamic State of Iraq and the Levant (ISIL).","""Lone   gunman,   two hostages killed in Sydney cafe siege: police,"" Agence France Presse -- English, December 15, 2014.","""2 Hostages and Captor Are Dead in Siege at Sydney Cafe,"" New York Times, December 15, 2014.","""Sydney siege: How the hostage drama played out,"" The Sydney Morning Herald, December 21, 2014.",START Primary Collection,-9,-9,0,-9,NA,Jihadi-inspired extremists ||  ||  ||  ||  || ,"12/15/2014: An assailant, Mon Haron Monis, took 18 people hostage in the Lindt Chocolate cafe in Sydney city, New South Wales state, Australia. Five hostages were able to escape during standoff. After 16 hours, police stormed the cafe and freed the living hostages. In total, Monis and two hostages were killed and four other hostages were wounded in the attack and siege. No group claimed responsibility for the incident. ||  || During the standoff, Monis had declared allegiance to the Islamic State of Iraq and the Levant (ISIL).",2014,FALSE,TRUE,FALSE,TRUE,TRUE,FALSE,FALSE,TRUE,7,TRUE,FALSE,TRUE,probable_inspired,high_score_text_claim_signal
data/globalterrorismdb_0522dist.csv,201412180047,2014,12,18,NA,0,NA,217,United States,1,North America,North Carolina,Morganton,35.740843,-81.700353,1,0,NA,"12/18/2014: An assailant shot and killed John Bailey Clark Jr. and buried him in a grave outside his residence in Morganton, North Carolina, United States. No group claimed responsibility for the incident; however, sources attributed the attack to an individual, identified as Justin Nojan Sullivan. Sources posited that Sullivan, who was arrested in connection to the attack, targeted John Bailey Clark Jr. in order to steal money from the victim, so he could purchase a rifle to carry out an Islamic State of Iraq and the Levant (ISIL) inspired attack.",1,1,1,0,NA,NA,0,1,0,2,Armed Assault,NA,NA,NA,NA,14,Private Citizens & Property,68,Named Civilian,Not Applicable,Civilian: John Bailey Clark Jr.,217,United States,NA,NA,NA,NA,NA,NA,NA,NA,NA,NA,NA,NA,NA,NA,NA,NA,Jihadi-inspired extremists,NA,NA,NA,NA,NA,"The specific motive is unknown; however, sources posited that an individual, identified as Justin Nojan Sullivan, targeted John Bailey Clark Jr. in order to steal money from the victim, so he could purchase a rifle to carry out an Islamic State of Iraq and the Levant (ISIL) inspired attack.",0,NA,NA,1,1,1,0,NA,NA,NA,NA,NA,NA,NA,NA,NA,5,Firearms,4,Rifle/Shotgun (non-automatic),NA,NA,NA,NA,NA,NA,NA,NA,NA,NA,NA,NA,A rifle was used in the attack.,1,1,0,0,0,0,0,NA,NA,NA,NA,0,NA,NA,NA,NA,NA,NA,NA,NA,NA,NA,NA,NA,NA,NA,NA,NA,"""North Carolina teen charged in ISIS-inspired plot to murder 1,000 people now indicted for murdering neighbor,"" New York Daily News, February 1, 2016.","""Prosecutors: Islamic State Inspired N. Carolina Man's Plan - ABC News,"" ABC News, February 1, 2016.","""North Carolina teen, accused of supporting ISIS, indicted in man's killing,"" Fox 8, NC, February 1, 2016.",START Primary Collection,-9,-9,0,-9,NA,Jihadi-inspired extremists ||  ||  ||  ||  || ,"12/18/2014: An assailant shot and killed John Bailey Clark Jr. and buried him in a grave outside his residence in Morganton, North Carolina, United States. No group claimed responsibility for the incident; however, sources attributed the attack to an individual, identified as Justin Nojan Sullivan. Sources posited that Sullivan, who was arrested in connection to the attack, targeted John Bailey Clark Jr. in order to steal money from the victim, so he could purchase a rifle to carry out an Islamic State of Iraq and the Levant (ISIL) inspired attack. || The specific motive is unknown; however, sources posited that an individual, identified as Justin Nojan Sullivan, targeted John Bailey Clark Jr. in order to steal money from the victim, so he could purchase a rifle to carry out an Islamic State of Iraq and the Levant (ISIL) inspired attack. || ",2014,FALSE,TRUE,FALSE,TRUE,TRUE,FALSE,FALSE,TRUE,7,TRUE,FALSE,TRUE,probable_inspired,high_score_text_claim_signal
data/globalterrorismdb_0522dist.csv,201412120078,2014,12,12,NA,0,NA,155,West Bank and Gaza Strip,10,Middle East & North Africa,Gaza Strip,Gaza,31.502407,34.459743,1,0,NA,"12/12/2014: At least one explosive device detonated targeting the French Cultural Center in Gaza city, West Bank and Gaza Strip. No one was injured in the blast, but the building was damaged. Jund Ansar Allah claimed responsibility for the incident and stated that the French Cultural Center was targeted due to France's participation in the alliance against the Islamic State of Iraq and the Levant (ISIL).",1,1,1,0,NA,NA,0,1,0,3,Bombing/Explosion,NA,NA,NA,NA,7,Government (Diplomatic),46,Embassy/Consulate,French Ministry of Foreign Affairs,Cultural Center,69,France,NA,NA,NA,NA,NA,NA,NA,NA,NA,NA,NA,NA,NA,NA,NA,NA,Jund Ansar Allah,NA,NA,NA,NA,NA,Jund Ansar Allah claimed responsibility for the incident and stated that the French Cultural Center was targeted due to France's participation in the alliance against the Islamic State of Iraq and the Levant (ISIL).,0,NA,NA,0,-99,0,1,6,Video,NA,NA,NA,NA,NA,NA,NA,6,Explosives,16,Unknown Explosive Type,NA,NA,NA,NA,NA,NA,NA,NA,NA,NA,NA,NA,Two faulty fuel tanks were used in the attack.,0,0,0,0,0,0,1,3,Minor (likely < $1 million),-99,A French culture center building was damaged in this attack.,0,NA,NA,NA,NA,NA,NA,NA,NA,NA,NA,NA,NA,NA,NA,NA,NA,"""Salafists claim bombing of Gaza's French cultural centre,"" Agence France Presse -- English, December 18, 2014.","""Bomb blast at French cultural centre in Gaza,"" Saudi Gazette, December 15, 2014.","""Blast hits French centre in Gaza City,"" Al Jazeera Online, December 13, 2014.",START Primary Collection,0,1,1,1,NA,Jund Ansar Allah ||  ||  ||  ||  || ,"12/12/2014: At least one explosive device detonated targeting the French Cultural Center in Gaza city, West Bank and Gaza Strip. No one was injured in the blast, but the building was damaged. Jund Ansar Allah claimed responsibility for the incident and stated that the French Cultural Center was targeted due to France's participation in the alliance against the Islamic State of Iraq and the Levant (ISIL). || Jund Ansar Allah claimed responsibility for the incident and stated that the French Cultural Center was targeted due to France's participation in the alliance against the Islamic State of Iraq and the Levant (ISIL). || ",2014,FALSE,FALSE,FALSE,TRUE,TRUE,FALSE,TRUE,TRUE,7,FALSE,FALSE,TRUE,probable_inspired,high_score_text_claim_signal
data/globalterrorismdb_0522dist.csv,201410110073,2014,10,11,NA,0,NA,209,Turkey,10,Middle East & North Africa,Hakkari,Daglica,37.373857,44.085046,1,0,NA,"10/11/2014: Assailants opened fire on a police station in Daglica village, Hakkari province, Turkey. There were no reported casualties in the attack. No group claimed responsibility; however, sources attributed the incident to the Kurdistan Workers' Party (PKK).",1,1,1,0,NA,NA,0,1,0,2,Armed Assault,NA,NA,NA,NA,3,Police,22,"Police Building (headquarters, station, school)",Turkish National Police (EGM),Police Station,209,Turkey,NA,NA,NA,NA,NA,NA,NA,NA,NA,NA,NA,NA,NA,NA,NA,NA,Kurdistan Workers' Party (PKK),NA,NA,NA,NA,NA,"The specific motive is unknown; however, sources suspected the attack was out of frustration at the Turkish government's lack of reaction to Islamic State of Iraq and the Levant (ISIL)'s movements near the Turkish-Syrian border.",0,NA,NA,0,-99,0,0,NA,NA,NA,NA,NA,NA,NA,NA,NA,5,Firearms,5,Unknown Gun Type,NA,NA,NA,NA,NA,NA,NA,NA,NA,NA,NA,NA,NA,0,0,0,0,0,0,-9,NA,NA,NA,It is unknown if a police station was damaged in this attack.,0,NA,NA,NA,NA,NA,NA,NA,NA,NA,NA,NA,NA,NA,NA,NA,NA,"""Turkey bombs Kurdish   rebel   targets in southeast,"" Agence France Presse -- English, October 14, 2014.","""Turkey Bombs Kurdish Rebel Targets in Southeast,"" Outlook India, October 14, 2014.",NA,START Primary Collection,0,0,0,0,NA,Kurdistan Workers' Party (PKK) ||  ||  ||  ||  || ,"10/11/2014: Assailants opened fire on a police station in Daglica village, Hakkari province, Turkey. There were no reported casualties in the attack. No group claimed responsibility; however, sources attributed the incident to the Kurdistan Workers' Party (PKK). || The specific motive is unknown; however, sources suspected the attack was out of frustration at the Turkish government's lack of reaction to Islamic State of Iraq and the Levant (ISIL)'s movements near the Turkish-Syrian border. || ",2014,FALSE,FALSE,FALSE,TRUE,TRUE,FALSE,FALSE,TRUE,5,FALSE,FALSE,TRUE,probable_inspired,high_score_text_claim_signal
data/globalterrorismdb_0522dist.csv,201404080080,2014,4,8,NA,0,NA,229,Democratic Republic of the Congo,11,Sub-Saharan Africa,South Kivu,Misisi,-3.051842,26.867089,2,0,NA,"04/08/2014: Assailants opened fire on a mining site in Misisi area, South Kivu province, Democratic Republic of the Congo. They then moved on to attack three Armed Forces of the Democratic Republic of the Congo (FARDC) positions in the area. Four assailants and four soldiers were killed and six soldiers wounded in the attack. The Mayi Mayi claimed responsibility for the incident.",1,1,1,0,NA,NA,0,1,0,2,Armed Assault,7,Facility/Infrastructure Attack,NA,NA,4,Military,34,"Military Personnel (soldiers, troops, officers, forces)",Armed Forces of the Democratic Republic of the Congo (FARDC),Soldiers,229,Democratic Republic of the Congo,1,Business,10,Mining,Kaza Mining Compnany,Mining Site,229,Democratic Republic of the Congo,NA,NA,NA,NA,NA,NA,NA,NA,Mayi Mayi,Yakutumba Mayi Mayi,NA,NA,NA,NA,NA,0,NA,NA,0,-99,8,1,8,Personal claim,NA,NA,NA,NA,NA,NA,NA,5,Firearms,5,Unknown Gun Type,NA,NA,NA,NA,NA,NA,NA,NA,NA,NA,NA,NA,NA,8,0,4,6,0,0,-9,NA,NA,NA,It is unknown if any property was damaged in this attack.,0,NA,NA,NA,NA,NA,NA,NA,NA,NA,NA,NA,NA,NA,NA,NA,NA,"""DRCongo soldiers,   rebels   fighters killed in attack on military bases in east,"" BBC Monitoring Africa - Political Supplied by BBC Worldwide Monitoring, April 9, 2014.",NA,NA,START Primary Collection,0,0,0,0,NA,Mayi Mayi ||  ||  || Yakutumba Mayi Mayi ||  || ,"04/08/2014: Assailants opened fire on a mining site in Misisi area, South Kivu province, Democratic Republic of the Congo. They then moved on to attack three Armed Forces of the Democratic Republic of the Congo (FARDC) positions in the area. Four assailants and four soldiers were killed and six soldiers wounded in the attack. The Mayi Mayi claimed responsibility for the incident. ||  || ",2014,FALSE,FALSE,FALSE,TRUE,FALSE,FALSE,TRUE,TRUE,5,FALSE,FALSE,TRUE,probable_inspired,high_score_text_claim_signal
data/globalterrorismdb_0522dist.csv,201407200098,2014,7,20,NA,1,07/30/2014,95,Iraq,10,Middle East & North Africa,Diyala,Baqubah,33.743239,44.623824,1,0,NA,"07/20/2014: Assailants kidnapped at least one civilian in Baqubah city, Diyala governorate, Iraq. The captive was executed and hanged from electricity poles with 14 other Sunni captives on July 30, 2014. No group claimed responsibility for the the incident; however, authorities attributed the attack to Shia militias, stating that the attack was designed to send a message to the public not to support Islamic State of Iraq and the Levant (ISIL).",1,1,1,0,NA,NA,0,1,0,6,Hostage Taking (Kidnapping),NA,NA,NA,NA,14,Private Citizens & Property,68,Named Civilian,Not Applicable,Civilian: Basim Amir al-Jubouri,95,Iraq,NA,NA,NA,NA,NA,NA,NA,NA,NA,NA,NA,NA,NA,NA,NA,NA,Muslim extremists,NA,NA,NA,NA,NA,"The specific motive is unknown; however, sources posited that the attack was meant to stop people from supporting the Islamic State of Iraq and the Levant (ISIL).",0,NA,NA,0,-99,0,0,NA,NA,NA,NA,NA,NA,NA,NA,NA,5,Firearms,5,Unknown Gun Type,9,Melee,24,Rope or Other Strangling Device,NA,NA,NA,NA,NA,NA,NA,NA,NA,1,0,0,0,0,0,0,NA,NA,NA,NA,1,1,0,NA,10,NA,NA,0,NA,NA,NA,NA,NA,4,Hostage(s) killed (not during rescue attempt),0,NA,"""Iraqi Shiite militias use hit lists to pick off foes,"" Lebanon Daily Star, July 31, 2014.","""15 Sunni Muslims executed, hanged in Iraq,"" i24news, July 31, 2014.","""Shi'ite Militias Execute 15 Sunnis North of Baghdad,"" Antiwar.com, July 31, 2014.",START Primary Collection,-9,-9,0,-9,NA,Muslim extremists ||  ||  ||  ||  || ,"07/20/2014: Assailants kidnapped at least one civilian in Baqubah city, Diyala governorate, Iraq. The captive was executed and hanged from electricity poles with 14 other Sunni captives on July 30, 2014. No group claimed responsibility for the the incident; however, authorities attributed the attack to Shia militias, stating that the attack was designed to send a message to the public not to support Islamic State of Iraq and the Levant (ISIL). || The specific motive is unknown; however, sources posited that the attack was meant to stop people from supporting the Islamic State of Iraq and the Levant (ISIL). || ",2014,FALSE,TRUE,FALSE,TRUE,TRUE,FALSE,FALSE,TRUE,7,TRUE,FALSE,TRUE,probable_inspired,high_score_text_claim_signal
data/globalterrorismdb_0522dist.csv,201409240071,2014,9,26,NA,0,NA,4,Afghanistan,6,South Asia,Ghazni,Ajristan district,33.529032,67.218291,3,0,NA,"09/26/2014: Assailants attacked a village in Ajristan district, Ghazni province, Afghanistan. This was one of four incidents in Ajristan and one of three villages targeted on the same day. At least 100 people were killed, including 15 by beheading, and an unknown number of people were injured across the three village attacks. The Taliban claimed responsibility for the incidents.",1,1,1,0,NA,NA,1,1,0,6,Hostage Taking (Kidnapping),2,Armed Assault,NA,NA,14,Private Citizens & Property,75,Village/City/Town/Suburb,Unknown,Village,4,Afghanistan,NA,NA,NA,NA,NA,NA,NA,NA,NA,NA,NA,NA,NA,NA,NA,NA,Taliban,NA,NA,NA,NA,NA,"The Taliban claimed responsibility for the incident. Sources suspected that the village of Ghazni was targeted because of its strategic proximity to Kabul, and further posited that those victims beheaded were targeted because they were related to local and national police officers.",0,NA,NA,0,700,0,1,8,Personal claim,NA,NA,NA,NA,NA,NA,NA,8,Incendiary,18,Arson/Fire,9,Melee,23,Knife or Other Sharp Object,NA,NA,NA,NA,NA,NA,NA,NA,NA,41,0,7,5,0,5,1,4,Unknown,-99,Livestock was killed and houses and wheat crops were damaged in this and other related attacks.,1,5,0,-99,NA,NA,NA,0,NA,NA,NA,NA,NA,4,Hostage(s) killed (not during rescue attempt),0,"Casualty numbers for this attack represent an equal division of a cumulative total of killed and wounded across incidents 201409240071, 201409240072, and 201409280028. Casualty numbers for this incident conflict across sources. Following GTD protocol, the majority reliable estimates are reported here. Sources suspect that the Islamic State of Iraq and the Levant (ISIL) may have been involved in the incident.","""ISIS fighters spotted in Ghazni, claim MPs,"" Pajhwok Afghan News English, September 27, 2014.","""Attack   on Ghazni, Afghanistan: 100 killed, 15 beheaded,"" UPI, September 26, 2014.","""Afghanistan: Taliban Behead 15 People After Seizing Ajrestan District,"" International Business Times UK, September 26, 2014.",START Primary Collection,0,0,0,0,"201409240071, 201409240072, 201409260056, 201409280028",Taliban ||  ||  ||  ||  || ,"09/26/2014: Assailants attacked a village in Ajristan district, Ghazni province, Afghanistan. This was one of four incidents in Ajristan and one of three villages targeted on the same day. At least 100 people were killed, including 15 by beheading, and an unknown number of people were injured across the three village attacks. The Taliban claimed responsibility for the incidents. || The Taliban claimed responsibility for the incident. Sources suspected that the village of Ghazni was targeted because of its strategic proximity to Kabul, and further posited that those victims beheaded were targeted because they were related to local and national police officers. || Casualty numbers for this attack represent an equal division of a cumulative total of killed and wounded across incidents 201409240071, 201409240072, and 201409280028. Casualty numbers for this incident conflict across sources. Following GTD protocol, the majority reliable estimates are reported here. Sources suspect that the Islamic State of Iraq and the Levant (ISIL) may have been involved in the incident.",2014,FALSE,FALSE,FALSE,TRUE,TRUE,FALSE,TRUE,TRUE,7,FALSE,FALSE,TRUE,probable_inspired,high_score_text_claim_signal
data/globalterrorismdb_0522dist.csv,201409240072,2014,9,26,NA,0,NA,4,Afghanistan,6,South Asia,Ghazni,Ajristan district,33.529032,67.218291,3,0,NA,"09/26/2014: Assailants attacked a village in Ajristan district, Ghazni province, Afghanistan. This was one of four incidents in Ajristan and one of three villages targeted on the same day. At least 100 people were killed, including 15 by beheading, and an unknown number of people were injured across the three village attacks. The Taliban claimed responsibility for the incidents.",1,1,1,0,NA,NA,1,1,0,6,Hostage Taking (Kidnapping),2,Armed Assault,NA,NA,14,Private Citizens & Property,75,Village/City/Town/Suburb,Unknown,Village,4,Afghanistan,NA,NA,NA,NA,NA,NA,NA,NA,NA,NA,NA,NA,NA,NA,NA,NA,Taliban,NA,NA,NA,NA,NA,"The Taliban claimed responsibility for the incident. Sources suspected that the village of Ghazni was targeted because of its strategic proximity to Kabul, and further posited that those victims beheaded were targeted because they were related to local and national police officers.",0,NA,NA,0,700,0,1,8,Personal claim,NA,NA,NA,NA,NA,NA,NA,8,Incendiary,18,Arson/Fire,9,Melee,23,Knife or Other Sharp Object,NA,NA,NA,NA,NA,NA,NA,NA,NA,40,0,7,4,0,4,1,4,Unknown,-99,Livestock was killed and houses and wheat crops were damaged in this and other related attacks.,1,5,0,-99,NA,NA,NA,0,NA,NA,NA,NA,NA,4,Hostage(s) killed (not during rescue attempt),0,"Casualty numbers for this attack represent an equal division of a cumulative total of killed and wounded across incidents 201409240071, 201409240072, and 201409280028. Casualty numbers for this incident conflict across sources. Following GTD protocol, the majority reliable estimates are reported here. Sources suspect that the Islamic State of Iraq and the Levant (ISIL) may have been involved in the incident.","""ISIS fighters spotted in Ghazni, claim MPs,"" Pajhwok Afghan News English, September 27, 2014.","""Attack   on Ghazni, Afghanistan: 100 killed, 15 beheaded,"" UPI, September 26, 2014.","""Afghanistan: Taliban Behead 15 People After Seizing Ajrestan District,"" International Business Times UK, September 26, 2014.",START Primary Collection,0,0,0,0,"201409240071, 201409240072, 201409260056, 201409280028",Taliban ||  ||  ||  ||  || ,"09/26/2014: Assailants attacked a village in Ajristan district, Ghazni province, Afghanistan. This was one of four incidents in Ajristan and one of three villages targeted on the same day. At least 100 people were killed, including 15 by beheading, and an unknown number of people were injured across the three village attacks. The Taliban claimed responsibility for the incidents. || The Taliban claimed responsibility for the incident. Sources suspected that the village of Ghazni was targeted because of its strategic proximity to Kabul, and further posited that those victims beheaded were targeted because they were related to local and national police officers. || Casualty numbers for this attack represent an equal division of a cumulative total of killed and wounded across incidents 201409240071, 201409240072, and 201409280028. Casualty numbers for this incident conflict across sources. Following GTD protocol, the majority reliable estimates are reported here. Sources suspect that the Islamic State of Iraq and the Levant (ISIL) may have been involved in the incident.",2014,FALSE,FALSE,FALSE,TRUE,TRUE,FALSE,TRUE,TRUE,7,FALSE,FALSE,TRUE,probable_inspired,high_score_text_claim_signal
data/globalterrorismdb_0522dist.csv,201409280028,2014,9,26,NA,0,NA,4,Afghanistan,6,South Asia,Ghazni,Ajristan district,33.529712,67.216262,3,0,NA,"09/26/2014: Assailants attacked a village in Ajristan district, Ghazni province, Afghanistan. This was one of four incidents in Ajristan and one of three villages targeted on the same day. At least 100 people were killed, including 15 by beheading, and an unknown number of people were injured across the three village attacks. The Taliban claimed responsibility for the incidents.",1,1,1,0,NA,NA,1,1,0,6,Hostage Taking (Kidnapping),2,Armed Assault,7,Facility/Infrastructure Attack,14,Private Citizens & Property,75,Village/City/Town/Suburb,Unknown,Village,4,Afghanistan,NA,NA,NA,NA,NA,NA,NA,NA,NA,NA,NA,NA,NA,NA,NA,NA,Taliban,NA,NA,NA,NA,NA,NA,0,NA,NA,0,700,0,1,8,Personal claim,NA,NA,NA,NA,NA,NA,NA,6,Explosives,15,Vehicle,5,Firearms,5,Unknown Gun Type,8,Incendiary,18,Arson/Fire,NA,NA,NA,NA,NA,40,0,7,4,0,4,1,4,Unknown,-99,Livestock was killed and houses and wheat crops were damaged in this and other related attacks.,1,5,0,-99,NA,NA,NA,0,NA,NA,NA,NA,NA,4,Hostage(s) killed (not during rescue attempt),0,"Casualty numbers for this incident conflict across sources. Following GTD protocol, the majority reliable estimates are reported here. Sources suspect that the Islamic State of Iraq and the Levant (ISIL) may have been involved in the incident.","""ISIS fighters spotted in Ghazni, claim MPs,"" Pajhwok Afghan News English, September 27, 2014.","""Attack   on Ghazni, Afghanistan: 100 killed, 15 beheaded,"" UPI, September 26, 2014.","""Afghanistan: Taliban Behead 15 People After Seizing Ajrestan District,"" International Business Times UK, September 26, 2014.",START Primary Collection,0,0,0,0,"201409240071, 201409240072, 201409260056, 201409280028",Taliban ||  ||  ||  ||  || ,"09/26/2014: Assailants attacked a village in Ajristan district, Ghazni province, Afghanistan. This was one of four incidents in Ajristan and one of three villages targeted on the same day. At least 100 people were killed, including 15 by beheading, and an unknown number of people were injured across the three village attacks. The Taliban claimed responsibility for the incidents. ||  || Casualty numbers for this incident conflict across sources. Following GTD protocol, the majority reliable estimates are reported here. Sources suspect that the Islamic State of Iraq and the Levant (ISIL) may have been involved in the incident.",2014,FALSE,FALSE,FALSE,TRUE,TRUE,FALSE,TRUE,TRUE,7,FALSE,FALSE,TRUE,probable_inspired,high_score_text_claim_signal
data/globalterrorismdb_0522dist.csv,201406160006,2014,6,16,NA,1,03/05/2017,153,Pakistan,6,South Asia,Punjab,Multan,30.163641,71.402035,1,0,The incident occurred in the Garden Town area of the city.,"06/16/2014: Assailants abducted Umer Jillani in Garden Town neighborhood, Multan, Punjab, Pakistan. Jillani, the nephew of the Chief Justice of Pakistan, was killed and his body was discovered on March 5, 2017. No group claimed responsibility; however, sources suspected that Tehrik-i-Taliban Pakistan (TTP) was involved in the attack.",1,1,1,0,NA,NA,0,1,0,6,Hostage Taking (Kidnapping),NA,NA,NA,NA,2,Government (General),14,Judge/Attorney/Court,Supreme Court of Pakistan,Nephew of Chief Justice: Umer Jillani,153,Pakistan,NA,NA,NA,NA,NA,NA,NA,NA,NA,NA,NA,NA,NA,NA,NA,NA,Tehrik-i-Taliban Pakistan (TTP),NA,NA,NA,NA,NA,"The specific motive is unknown; however, sources suspected that the abduction may have been carried out in retaliation for the recent military operation in North Waziristan. Moreover, Umer Jillani's body was found in 2017 along with a note with the Islamic State of Iraq and the Levant written on it.",1,NA,NA,0,7,0,0,NA,NA,NA,NA,NA,NA,NA,NA,NA,5,Firearms,5,Unknown Gun Type,NA,NA,NA,NA,NA,NA,NA,NA,NA,NA,NA,NA,NA,1,0,0,0,0,0,0,NA,NA,NA,NA,1,1,0,NA,993,NA,NA,0,NA,NA,NA,NA,NA,4,Hostage(s) killed (not during rescue attempt),0,NA,"""Body of abducted  nephew of ex-CJP  found in Multan,"" The Gulf Today, March 5, 2017.","""Pakistan: Unidentified outlaws kidnap CJP's nephew,"" The Nation Online, June 17, 2014.","""Pakistan: CJP's relative kidnapped in Multan,"" Pakistan Today Online, June 16, 2014.",START Primary Collection,0,0,0,0,NA,Tehrik-i-Taliban Pakistan (TTP) ||  ||  ||  ||  || ,"06/16/2014: Assailants abducted Umer Jillani in Garden Town neighborhood, Multan, Punjab, Pakistan. Jillani, the nephew of the Chief Justice of Pakistan, was killed and his body was discovered on March 5, 2017. No group claimed responsibility; however, sources suspected that Tehrik-i-Taliban Pakistan (TTP) was involved in the attack. || The specific motive is unknown; however, sources suspected that the abduction may have been carried out in retaliation for the recent military operation in North Waziristan. Moreover, Umer Jillani's body was found in 2017 along with a note with the Islamic State of Iraq and the Levant written on it. || ",2014,FALSE,FALSE,FALSE,TRUE,TRUE,FALSE,FALSE,TRUE,5,FALSE,FALSE,TRUE,probable_inspired,high_score_text_claim_signal
data/globalterrorismdb_0522dist.csv,201407080009,2014,7,8,"July 8, 2014",0,NA,95,Iraq,10,Middle East & North Africa,Saladin,Al-Rakah,33.951088,43.973894,2,0,"Incident occurred in Al Rakah, south of Samarra, Saladin governorate.","07/08/2014: A suicide bomber detonated an explosives-laden vehicle in Al-Rakah area, Saladin governorate, Iraq. The blast was targeting a group of volunteers gathered to counter the Islamic State of Iraq and the Levant (ISIL) activities. In addition to the bomber, at least five people were killed and seven more people were injured in the blast. No group claimed responsibility for the incident.",1,1,1,0,NA,NA,0,1,1,3,Bombing/Explosion,NA,NA,NA,NA,17,Terrorists/Non-State Militia,94,Non-State Militia,Iraqi Volunteer Forces,Volunteers,95,Iraq,NA,NA,NA,NA,NA,NA,NA,NA,NA,NA,NA,NA,NA,NA,NA,NA,Unknown,NA,NA,NA,NA,NA,NA,0,NA,NA,0,1,0,0,NA,NA,NA,NA,NA,NA,NA,NA,NA,6,Explosives,15,Vehicle,NA,NA,NA,NA,NA,NA,NA,NA,NA,NA,NA,NA,NA,6,0,1,7,0,0,-9,NA,NA,NA,It is unknown if any property was damaged in this attack.,0,NA,NA,NA,NA,NA,NA,NA,NA,NA,NA,NA,NA,NA,NA,NA,NA,"""Iraq: Roundup of Security Incidents 08-14 July 2014,"" OSC Summary, July 14, 2014.",NA,NA,START Primary Collection,-9,-9,0,-9,NA,Unknown ||  ||  ||  ||  || ,"07/08/2014: A suicide bomber detonated an explosives-laden vehicle in Al-Rakah area, Saladin governorate, Iraq. The blast was targeting a group of volunteers gathered to counter the Islamic State of Iraq and the Levant (ISIL) activities. In addition to the bomber, at least five people were killed and seven more people were injured in the blast. No group claimed responsibility for the incident. ||  || ",2014,FALSE,FALSE,TRUE,TRUE,TRUE,FALSE,FALSE,TRUE,6,FALSE,TRUE,TRUE,probable_inspired,high_score_text_claim_signal
data/globalterrorismdb_0522dist.csv,201410120036,2014,10,12,NA,0,NA,95,Iraq,10,Middle East & North Africa,Al Anbar,Ramadi,33.420949,43.295662,1,0,NA,"10/12/2014: An explosive device detonated targeting a police convoy in Ramadi city, Al Anbar governorate, Iraq. Major General Ahmad Saddaq al-Dulaymi, a police chief, was killed and four other police officers were injured in the blast. No group claimed responsibility for the incident.",1,1,1,0,NA,NA,0,1,0,1,Assassination,NA,NA,NA,NA,3,Police,23,Police Patrol (including vehicles and convoys),Iraqi Police Service (IPS),Convoy of Police Chief: Major General Ahmad Saddaq al-Dulaymi,95,Iraq,NA,NA,NA,NA,NA,NA,NA,NA,NA,NA,NA,NA,NA,NA,NA,NA,Unknown,NA,NA,NA,NA,NA,"The specific motive is unknown; however, sources noted that Major General Ahmad Saddaq al-Dulaymi was known for his military operations against the Islamic State of Iraq and the Levant (ISIL).",0,NA,NA,0,-99,0,0,NA,NA,NA,NA,NA,NA,NA,NA,NA,6,Explosives,16,Unknown Explosive Type,NA,NA,NA,NA,NA,NA,NA,NA,NA,NA,NA,NA,NA,1,0,0,4,0,0,1,3,Minor (likely < $1 million),-99,Vehicles were damaged in this attack.,0,NA,NA,NA,NA,NA,NA,NA,NA,NA,NA,NA,NA,NA,NA,NA,NA,"""Bomb kills Anbar police chief as blasts rock Kurdish-held northeast,"" Middle East Eye, October 12, 2014.","""20 Killed Triple Car Bomb Attack in Iraq,"" VOA News, October 12, 2014.","""Iraq: Security Roundup 1200 GMT 13 October 2014,"" OSC Summary, October 13, 2014.",START Primary Collection,-9,-9,0,-9,NA,Unknown ||  ||  ||  ||  || ,"10/12/2014: An explosive device detonated targeting a police convoy in Ramadi city, Al Anbar governorate, Iraq. Major General Ahmad Saddaq al-Dulaymi, a police chief, was killed and four other police officers were injured in the blast. No group claimed responsibility for the incident. || The specific motive is unknown; however, sources noted that Major General Ahmad Saddaq al-Dulaymi was known for his military operations against the Islamic State of Iraq and the Levant (ISIL). || ",2014,FALSE,FALSE,TRUE,TRUE,TRUE,FALSE,FALSE,TRUE,6,FALSE,TRUE,TRUE,probable_inspired,high_score_text_claim_signal
data/globalterrorismdb_0522dist.csv,201410270034,2014,10,27,NA,0,NA,200,Syria,10,Middle East & North Africa,Deir ez-Zor,Mayadin,35.015778,40.455211,1,1,NA,"10/27/2014: An explosives-laden vehicle detonated near a hospital run by the Islamic State of Iraq and the Levant (ISIL) in Mayadin town, Deir ez-Zor governorate, Syria. At least three people were killed and several others were wounded in the blast. No group claimed responsibility for the attack.",1,0,1,1,3,Intra/Inter-group Conflict,0,1,0,3,Bombing/Explosion,NA,NA,NA,NA,1,Business,6,Medical/Pharmaceutical,Islamic State of Iraq and the Levant (ISIL),Hospital,200,Syria,NA,NA,NA,NA,NA,NA,NA,NA,NA,NA,NA,NA,NA,NA,NA,NA,Unknown,NA,NA,NA,NA,NA,NA,0,NA,NA,0,-99,0,0,NA,NA,NA,NA,NA,NA,NA,NA,NA,6,Explosives,15,Vehicle,NA,NA,NA,NA,NA,NA,NA,NA,NA,NA,NA,NA,NA,3,0,0,NA,0,0,1,3,Minor (likely < $1 million),-99,A hospital and several houses were damaged in this attack.,0,NA,NA,NA,NA,NA,NA,NA,NA,NA,NA,NA,NA,NA,NA,NA,"There is doubt that this incident meets terrorism-related criteria. It was unclear whether the target of the attack was Islamic State of Iraq and the Levant (ISIL), which operates the hospital, or civilians using the facility. Casualty numbers for this incident conflict across sources. Following GTD protocol, the lowest reliable estimates are reported here.","""Nearly 20 Syrian soldiers killed in Idlib - SOHR,"" MENAFN, October 28, 2014.","""Syrian rebels clash with government troops, leaving 35 dead,"" FOXNews.com, October 27, 2014.",NA,START Primary Collection,-9,-9,0,-9,NA,Unknown ||  ||  ||  ||  || ,"10/27/2014: An explosives-laden vehicle detonated near a hospital run by the Islamic State of Iraq and the Levant (ISIL) in Mayadin town, Deir ez-Zor governorate, Syria. At least three people were killed and several others were wounded in the blast. No group claimed responsibility for the attack. ||  || There is doubt that this incident meets terrorism-related criteria. It was unclear whether the target of the attack was Islamic State of Iraq and the Levant (ISIL), which operates the hospital, or civilians using the facility. Casualty numbers for this incident conflict across sources. Following GTD protocol, the lowest reliable estimates are reported here.",2014,FALSE,FALSE,TRUE,TRUE,TRUE,FALSE,FALSE,TRUE,6,FALSE,TRUE,TRUE,probable_inspired,high_score_text_claim_signal
data/globalterrorismdb_0522dist.csv,201411030015,2014,11,3,NA,0,NA,14,Australia,12,Australasia & Oceania,New South Wales,Bankstown,-33.907092,151.057308,1,0,The incident occurred in the Greenacre neighborhood,"11/03/2014: Assailants opened fire on Rasoul Al-Musawi outside of an Islamic prayer center in Bankstown area, New South Wales state, Australia. Musawi, a Shia religious leader, was wounded in the attack. No group claimed responsibility for the incident; however, people chanting pro-Islamic State of Iraq and the Levant (ISIL) statements drove by the center just before the shooting.",1,1,1,0,NA,NA,0,1,0,2,Armed Assault,NA,NA,NA,NA,15,Religious Figures/Institutions,85,Religious Figure,Husainiyah Nabi Akram,Shiite Cleric: Rasoul al-Mousawi,95,Iraq,NA,NA,NA,NA,NA,NA,NA,NA,NA,NA,NA,NA,NA,NA,NA,NA,Unknown,NA,NA,NA,NA,NA,NA,0,NA,NA,0,-99,0,0,NA,NA,NA,NA,NA,NA,NA,NA,NA,5,Firearms,5,Unknown Gun Type,NA,NA,NA,NA,NA,NA,NA,NA,NA,NA,NA,NA,Pellets were used in the attack.,0,0,0,1,0,0,0,NA,NA,NA,NA,0,NA,NA,NA,NA,NA,NA,NA,NA,NA,NA,NA,NA,NA,NA,NA,NA,"""Religious leader shot outside Islamic centre in Greenacre following threats,"" Melbourne Age, November 3, 2014.","""Drive-by shooting in Sydney influenced by Islamic State, Abbott says,"" newsWall.co.za, November 4, 2014.",NA,START Primary Collection,-9,-9,1,1,NA,Unknown ||  ||  ||  ||  || ,"11/03/2014: Assailants opened fire on Rasoul Al-Musawi outside of an Islamic prayer center in Bankstown area, New South Wales state, Australia. Musawi, a Shia religious leader, was wounded in the attack. No group claimed responsibility for the incident; however, people chanting pro-Islamic State of Iraq and the Levant (ISIL) statements drove by the center just before the shooting. ||  || ",2014,FALSE,FALSE,TRUE,TRUE,TRUE,FALSE,FALSE,TRUE,6,FALSE,TRUE,TRUE,probable_inspired,high_score_text_claim_signal
data/globalterrorismdb_0522dist.csv,201411240034,2014,11,24,NA,0,NA,54,Czech Republic,9,Eastern Europe,Prague,Prague,50.075425,14.437622,1,0,NA,"11/24/2014: Assailants mailed an envelope containing poison to the interior minister in Prague city, Prague region, Czech Republic. This was one of two poison-filled envelopes sent to Czech politicians on the same day. Both envelopes were intercepted before they reached their targets. No group claimed responsibility for the incident.",0,1,1,1,2,Other Crime Type,1,0,0,8,Unarmed Assault,NA,NA,NA,NA,2,Government (General),18,"Government Personnel (excluding police, military)",Czech Ministry of the Interior,Minister: Milan Chovanec,54,Czech Republic,NA,NA,NA,NA,NA,NA,NA,NA,NA,NA,NA,NA,NA,NA,NA,NA,Unknown,NA,NA,NA,NA,NA,"The specific motive is unknown; however, sources suspected that the attack may have been carried out in retaliation to the Czech government's support for operations against the Islamic State of Iraq and the Levant (ISIL).",0,NA,NA,0,-99,0,0,NA,NA,NA,NA,NA,NA,NA,NA,NA,2,Chemical,1,Poisoning,NA,NA,NA,NA,NA,NA,NA,NA,NA,NA,NA,NA,A poisoned letter was used in the attack.,0,0,0,0,0,0,0,NA,NA,NA,NA,0,NA,NA,NA,NA,NA,NA,NA,NA,NA,NA,NA,NA,NA,NA,NA,There is doubt that this incident meets terrorism-related criteria. Sources noted the incident may have been a reaction to the Czech government's anti-drug activities or to the government's involvement in Iraq.,"""Czechs raise security after ministers get poison by mail,"" Reuters, November 28, 2014.","""Czech ministers targeted with poison,"" Press TV, November 24, 2014.",NA,START Primary Collection,-9,-9,0,-9,"201411240034, 201411240035",Unknown ||  ||  ||  ||  || ,"11/24/2014: Assailants mailed an envelope containing poison to the interior minister in Prague city, Prague region, Czech Republic. This was one of two poison-filled envelopes sent to Czech politicians on the same day. Both envelopes were intercepted before they reached their targets. No group claimed responsibility for the incident. || The specific motive is unknown; however, sources suspected that the attack may have been carried out in retaliation to the Czech government's support for operations against the Islamic State of Iraq and the Levant (ISIL). || There is doubt that this incident meets terrorism-related criteria. Sources noted the incident may have been a reaction to the Czech government's anti-drug activities or to the government's involvement in Iraq.",2014,FALSE,FALSE,TRUE,TRUE,TRUE,FALSE,FALSE,TRUE,6,FALSE,TRUE,TRUE,probable_inspired,high_score_text_claim_signal
data/globalterrorismdb_0522dist.csv,201411240035,2014,11,24,NA,0,NA,54,Czech Republic,9,Eastern Europe,Prague,Prague,50.075425,14.437622,1,0,NA,"11/24/2014: Assailants mailed an envelope containing poison to the finance minister in Prague city, Prague region, Czech Republic. This was one of two poison-filled envelopes sent to Czech politicians on the same day. Both envelopes were intercepted before they reached their targets. No group claimed responsibility for the incident.",0,1,1,1,2,Other Crime Type,1,0,0,8,Unarmed Assault,NA,NA,NA,NA,2,Government (General),18,"Government Personnel (excluding police, military)",Czech Ministry of Finance,Minister: Andrej Babis,54,Czech Republic,NA,NA,NA,NA,NA,NA,NA,NA,NA,NA,NA,NA,NA,NA,NA,NA,Unknown,NA,NA,NA,NA,NA,"The specific motive is unknown; however, sources suspected that the attack may have been carried out in retaliation to the Czech government's support for operations against the Islamic State of Iraq and the Levant (ISIL).",0,NA,NA,0,-99,0,0,NA,NA,NA,NA,NA,NA,NA,NA,NA,2,Chemical,1,Poisoning,NA,NA,NA,NA,NA,NA,NA,NA,NA,NA,NA,NA,A poisoned letter was used in the attack.,0,0,0,0,0,0,0,NA,NA,NA,NA,0,NA,NA,NA,NA,NA,NA,NA,NA,NA,NA,NA,NA,NA,NA,NA,There is doubt that this incident meets terrorism-related criteria. Sources noted the incident may have been a reaction to the Czech government's anti-drug activities or to the government's involvement in Iraq.,"""Czechs raise security after ministers get poison by mail,"" Reuters, November 28, 2014.","""Czech ministers targeted with poison,"" Press TV, November 24, 2014.",NA,START Primary Collection,-9,-9,0,-9,"201411240034, 201411240035",Unknown ||  ||  ||  ||  || ,"11/24/2014: Assailants mailed an envelope containing poison to the finance minister in Prague city, Prague region, Czech Republic. This was one of two poison-filled envelopes sent to Czech politicians on the same day. Both envelopes were intercepted before they reached their targets. No group claimed responsibility for the incident. || The specific motive is unknown; however, sources suspected that the attack may have been carried out in retaliation to the Czech government's support for operations against the Islamic State of Iraq and the Levant (ISIL). || There is doubt that this incident meets terrorism-related criteria. Sources noted the incident may have been a reaction to the Czech government's anti-drug activities or to the government's involvement in Iraq.",2014,FALSE,FALSE,TRUE,TRUE,TRUE,FALSE,FALSE,TRUE,6,FALSE,TRUE,TRUE,probable_inspired,high_score_text_claim_signal
data/globalterrorismdb_0522dist.csv,201410110069,2014,10,11,NA,0,NA,75,Germany,8,Western Europe,North Rhine-Westphalia,Bad Salzuflen,52.075864,8.760305,1,0,NA,"10/11/2014: Assailants set fire to a mosque in Bad Salzuflen town, Lippe district, North Rhine-Westphalia state, Germany. There were no reports of casualties in the attack, but the door to the mosque was damaged. Two Yazidi Kurds confessed to committing the attack, stating that they had targeted the mosque due to attacks on Yazidis by the Islamic State of Iraq and the Levant (ISIL) in Syria.",1,1,1,0,NA,NA,0,1,0,7,Facility/Infrastructure Attack,NA,NA,NA,NA,15,Religious Figures/Institutions,86,Place of Worship,Unknown,Mosque,75,Germany,NA,NA,NA,NA,NA,NA,NA,NA,NA,NA,NA,NA,NA,NA,NA,NA,Yazidi extremists,NA,NA,NA,NA,NA,"The specific motive is unknown; however, sources posited that the attack was carried out in retaliation to Islamic State of Iraq and the Levant (ISIL) attacks against Yazidis in Syria.",0,NA,NA,0,2,2,1,8,Personal claim,NA,NA,NA,NA,NA,NA,NA,8,Incendiary,18,Arson/Fire,NA,NA,NA,NA,NA,NA,NA,NA,NA,NA,NA,NA,NA,0,0,0,0,0,0,1,3,Minor (likely < $1 million),-99,A mosque was damaged in this attack.,0,NA,NA,NA,NA,NA,NA,NA,NA,NA,NA,NA,NA,NA,NA,NA,NA,"""German Police Arrest Two Yazidi Kurds for 11 October Arson Attack on Mosque,"" Sueddeutsche Zeitung, November 28, 2014.","""Another German Mosque Set on Fire,"" IslamOnline NET, October 13, 2014.",NA,START Primary Collection,-9,-9,0,-9,NA,Yazidi extremists ||  ||  ||  ||  || ,"10/11/2014: Assailants set fire to a mosque in Bad Salzuflen town, Lippe district, North Rhine-Westphalia state, Germany. There were no reports of casualties in the attack, but the door to the mosque was damaged. Two Yazidi Kurds confessed to committing the attack, stating that they had targeted the mosque due to attacks on Yazidis by the Islamic State of Iraq and the Levant (ISIL) in Syria. || The specific motive is unknown; however, sources posited that the attack was carried out in retaliation to Islamic State of Iraq and the Levant (ISIL) attacks against Yazidis in Syria. || ",2014,FALSE,FALSE,FALSE,TRUE,TRUE,FALSE,TRUE,TRUE,7,FALSE,FALSE,TRUE,probable_inspired,high_score_text_claim_signal
data/globalterrorismdb_0522dist.csv,201509300090,2015,9,30,"September 30, 2015",1,NA,182,Somalia,11,Sub-Saharan Africa,Lower Shebelle,Janale,1.808302,44.695142,1,0,NA,"09/30/2015: Assailants abducted five civilians in Janale town, Lower Shebelle region, Somalia. The whereabouts of the victims were unknown. No group claimed responsibility; however, sources attributed the incident to Al-Shabaab and stated that the victims were kidnapped for their interest in joining Islamic State of Iraq and the Levant (ISIL).",1,1,1,0,NA,NA,0,1,0,6,Hostage Taking (Kidnapping),NA,NA,NA,NA,14,Private Citizens & Property,67,Unnamed Civilian/Unspecified,Not Applicable,Civilians,NA,NA,NA,NA,NA,NA,NA,NA,NA,NA,NA,NA,NA,NA,NA,NA,NA,NA,Al-Shabaab,NA,NA,NA,NA,NA,"The specific motive is unknown; however, sources noted that the victims had intentions to join the Islamic State of Iraq and the Levant (ISIL).",0,NA,NA,0,-99,0,0,NA,NA,NA,NA,NA,NA,NA,NA,NA,13,Unknown,NA,NA,NA,NA,NA,NA,NA,NA,NA,NA,NA,NA,NA,NA,NA,NA,0,0,NA,0,0,0,NA,NA,NA,NA,1,5,0,NA,-99,NA,NA,0,NA,NA,NA,NA,NA,7,Unknown,-99,NA,"""Highlights: Somalia Daily Media Highlights 05 October 2015,"" OSC Summary, October 2, 2015.",NA,NA,START Primary Collection,0,1,1,1,NA,Al-Shabaab ||  ||  ||  ||  || ,"09/30/2015: Assailants abducted five civilians in Janale town, Lower Shebelle region, Somalia. The whereabouts of the victims were unknown. No group claimed responsibility; however, sources attributed the incident to Al-Shabaab and stated that the victims were kidnapped for their interest in joining Islamic State of Iraq and the Levant (ISIL). || The specific motive is unknown; however, sources noted that the victims had intentions to join the Islamic State of Iraq and the Levant (ISIL). || ",2015,FALSE,FALSE,FALSE,TRUE,TRUE,FALSE,FALSE,TRUE,5,FALSE,FALSE,TRUE,probable_inspired,high_score_text_claim_signal
data/globalterrorismdb_0522dist.csv,201511120029,2015,11,12,"November 12, 2015",0,NA,182,Somalia,11,Sub-Saharan Africa,Middle Juba,Raam,1.644328,42.451105,2,0,The incident occurred in the Saacow district.,"11/12/2015: Assailants attacked four civilians in Raam area, Saacow district, Middle Juba region, Somalia. The civilians were killed in the attack. No group claimed responsibility for the incident; however, sources attributed to the attack to Al-Shabaab and stated that the civilians were killed for being suspected Islamic State of Iraq and the Levant (ISIL) members or supporters.",1,1,1,0,NA,NA,0,1,0,9,Unknown,NA,NA,NA,NA,14,Private Citizens & Property,67,Unnamed Civilian/Unspecified,Not Applicable,Civilians,182,Somalia,NA,NA,NA,NA,NA,NA,NA,NA,NA,NA,NA,NA,NA,NA,NA,NA,Al-Shabaab,NA,NA,NA,NA,NA,"The specific motive is unknown; however, sources posited that Al-Shabaab suspected that the victims were members of the Islamic State of Iraq and Levant (ISIL).",0,NA,NA,0,-99,0,0,NA,NA,NA,NA,NA,NA,NA,NA,NA,13,Unknown,NA,NA,NA,NA,NA,NA,NA,NA,NA,NA,NA,NA,NA,NA,NA,4,0,0,0,0,0,0,NA,NA,NA,NA,0,NA,NA,NA,NA,NA,NA,NA,NA,NA,NA,NA,NA,NA,NA,NA,NA,"""Highlights: Somalia Daily Media Highlights 16 November 15,"" OSC Summary, November 13, 2015.",NA,NA,START Primary Collection,0,0,0,0,NA,Al-Shabaab ||  ||  ||  ||  || ,"11/12/2015: Assailants attacked four civilians in Raam area, Saacow district, Middle Juba region, Somalia. The civilians were killed in the attack. No group claimed responsibility for the incident; however, sources attributed to the attack to Al-Shabaab and stated that the civilians were killed for being suspected Islamic State of Iraq and the Levant (ISIL) members or supporters. || The specific motive is unknown; however, sources posited that Al-Shabaab suspected that the victims were members of the Islamic State of Iraq and Levant (ISIL). || ",2015,FALSE,FALSE,FALSE,TRUE,TRUE,FALSE,FALSE,TRUE,5,FALSE,FALSE,TRUE,probable_inspired,high_score_text_claim_signal
data/globalterrorismdb_0522dist.csv,201502020102,2015,2,2,NA,0,NA,6,Algeria,10,Middle East & North Africa,Bouira,Laaijba,36.277508,3.9864,2,0,NA,"02/02/2015: Assailants opened fire on two police officers at a checkpoint in Laaijba municipality, Bouira province, Algeria. The officers were killed in the attack. The Algeria Province of the Islamic State claimed responsibility for the incident.",1,1,1,0,NA,NA,0,1,0,2,Armed Assault,NA,NA,NA,NA,3,Police,25,Police Security Forces/Officers,Algerian Police,Officers,6,Algeria,NA,NA,NA,NA,NA,NA,NA,NA,NA,NA,NA,NA,NA,NA,NA,NA,Algeria Province of the Islamic State,NA,NA,NA,NA,NA,NA,0,NA,NA,0,-99,0,1,7,"Posted to website, blog, etc.",NA,NA,NA,NA,NA,NA,NA,5,Firearms,2,Automatic or Semi-Automatic Rifle,NA,NA,NA,NA,NA,NA,NA,NA,NA,NA,NA,NA,Kalashnikov assault rifles were used in the attack.,2,0,0,0,0,0,0,NA,NA,NA,NA,0,NA,NA,NA,NA,NA,NA,NA,NA,NA,NA,NA,NA,NA,NA,NA,NA,"""Web monitoring report for 20 March 2015,"" BBC Monitoring, March 20, 2015.","""""  Terrorists  "" kill two Algerian officers southeast of country,"" BBC Monitoring Middle East - Political Supplied by BBC Worldwide Monitoring, February 4, 2015.",NA,START Primary Collection,0,0,0,0,NA,Algeria Province of the Islamic State ||  ||  ||  ||  || ,"02/02/2015: Assailants opened fire on two police officers at a checkpoint in Laaijba municipality, Bouira province, Algeria. The officers were killed in the attack. The Algeria Province of the Islamic State claimed responsibility for the incident. ||  || ",2015,FALSE,FALSE,FALSE,TRUE,TRUE,FALSE,TRUE,TRUE,7,FALSE,FALSE,TRUE,probable_inspired,high_score_text_claim_signal
data/globalterrorismdb_0522dist.csv,201503060041,2015,3,6,NA,0,NA,6,Algeria,10,Middle East & North Africa,Medea,Tablat,36.412944,3.309458,1,0,NA,"03/06/2015: Assailants opened fire on a police patrol in Tablat town, Medea province, Algeria. Two police officers were injured in the attack. The Algeria Province of the Islamic State claimed responsibility for the incident.",1,1,1,0,NA,NA,0,1,0,2,Armed Assault,NA,NA,NA,NA,3,Police,23,Police Patrol (including vehicles and convoys),Algerian Police,Patrol,6,Algeria,NA,NA,NA,NA,NA,NA,NA,NA,NA,NA,NA,NA,NA,NA,NA,NA,Algeria Province of the Islamic State,NA,NA,NA,NA,NA,NA,0,NA,NA,0,-99,0,1,7,"Posted to website, blog, etc.",NA,NA,NA,NA,NA,NA,NA,5,Firearms,5,Unknown Gun Type,NA,NA,NA,NA,NA,NA,NA,NA,NA,NA,NA,NA,NA,0,0,0,2,0,0,0,NA,NA,NA,NA,0,NA,NA,NA,NA,NA,NA,NA,NA,NA,NA,NA,NA,NA,NA,NA,NA,"""Web monitoring report for 20 March 2015,"" BBC Monitoring, March 20, 2015.","""Algeria Security Daily Digest March 5-11, 2015,"" Algeria Security Digest, March 11, 2015.",NA,START Primary Collection,0,0,0,0,NA,Algeria Province of the Islamic State ||  ||  ||  ||  || ,"03/06/2015: Assailants opened fire on a police patrol in Tablat town, Medea province, Algeria. Two police officers were injured in the attack. The Algeria Province of the Islamic State claimed responsibility for the incident. ||  || ",2015,FALSE,FALSE,FALSE,TRUE,TRUE,FALSE,TRUE,TRUE,7,FALSE,FALSE,TRUE,probable_inspired,high_score_text_claim_signal
data/globalterrorismdb_0522dist.csv,201512180022,2015,12,18,NA,0,NA,6,Algeria,10,Middle East & North Africa,Constantine,Djebel el-Wahch,36.397392,6.658306,1,0,NA,"12/18/2015: An explosive device detonated targeting a People's National Army (ANP) convoy in Djebel el-Wahch area, Constantine, Algeria. At least four soldiers were wounded in the blast. The Algeria Province of the Islamic State claimed responsibility for the incident.",1,1,0,1,1,Insurgency/Guerilla Action,0,1,0,3,Bombing/Explosion,NA,NA,NA,NA,4,Military,29,Military Unit/Patrol/Convoy,People’s National Army (ANP),Convoy,6,Algeria,NA,NA,NA,NA,NA,NA,NA,NA,NA,NA,NA,NA,NA,NA,NA,NA,Algeria Province of the Islamic State,NA,NA,NA,NA,NA,NA,0,NA,NA,0,-99,0,1,8,Personal claim,NA,NA,NA,NA,NA,NA,NA,6,Explosives,16,Unknown Explosive Type,NA,NA,NA,NA,NA,NA,NA,NA,NA,NA,NA,NA,NA,0,0,0,4,0,0,1,4,Unknown,-99,A military vehicle was damaged in this attack.,0,NA,NA,NA,NA,NA,NA,NA,NA,NA,NA,NA,NA,NA,NA,NA,"Casualty numbers for this incident conflict across sources. Following GTD protocol, the majority reliable estimates are reported here.","""Islamic State claim of attack near Algerian city of Constantine does not yet signal new capability,"" IHS Global Insight, December 21, 2015.","""IED attack wounds four soldiers in Algeria's Constantine,"" Jane's, December 29, 2015.","""Algeria Daily Digest December 21, 2015,"" Algeria Digest, December 21, 2015.",START Primary Collection,0,0,0,0,NA,Algeria Province of the Islamic State ||  ||  ||  ||  || ,"12/18/2015: An explosive device detonated targeting a People's National Army (ANP) convoy in Djebel el-Wahch area, Constantine, Algeria. At least four soldiers were wounded in the blast. The Algeria Province of the Islamic State claimed responsibility for the incident. ||  || Casualty numbers for this incident conflict across sources. Following GTD protocol, the majority reliable estimates are reported here.",2015,FALSE,FALSE,FALSE,TRUE,TRUE,FALSE,TRUE,TRUE,7,FALSE,FALSE,TRUE,probable_inspired,high_score_text_claim_signal
data/globalterrorismdb_0522dist.csv,201502030092,2015,2,3,NA,0,NA,69,France,8,Western Europe,Provence-Alpes-Cote d'Azur,Nice,43.697264,7.270508,1,0,The incident occurred at Massena Square,"02/03/2015: An assailant wielding a knife attacked soldiers guarding a Jewish cultural center in Nice, Provence-Alpes-Cote d'Azur, France. At least two soldiers were wounded in the attack. The assailant was arrested and identified as Moussa Coulibaly, who had recently traveled to Turkey allegedly to join the Islamic State of Iraq and the Levant (ISIL).",1,1,1,0,NA,NA,0,1,0,2,Armed Assault,NA,NA,NA,NA,4,Military,34,"Military Personnel (soldiers, troops, officers, forces)",French Armed Forces,Soldiers,69,France,14,Private Citizens & Property,81,Museum/Cultural Center/Cultural House,Unknown,Jewish Cultural Center,69,France,NA,NA,NA,NA,NA,NA,NA,NA,Anti-Semitic extremists,NA,NA,NA,NA,NA,NA,0,NA,NA,1,1,1,0,NA,NA,NA,NA,NA,NA,NA,NA,NA,9,Melee,23,Knife or Other Sharp Object,NA,NA,NA,NA,NA,NA,NA,NA,NA,NA,NA,NA,A knife was used in the attack.,0,0,0,2,0,0,0,NA,NA,NA,NA,0,NA,NA,NA,NA,NA,NA,NA,NA,NA,NA,NA,NA,NA,NA,NA,"Casualty numbers for this incident conflict across sources. Following GTD protocol, the lowest reliable estimates are reported here.","""Minister: Knife attack suspect known to French intelligence,"" CNN Wire, February 4, 2015.","""French soldiers hurt in knife attack,"" BBC, February 3, 2015.","""French soldiers injured in knife attack,"" Al Jazeera, February 3, 2015.",START Primary Collection,-9,-9,0,-9,NA,Anti-Semitic extremists ||  ||  ||  ||  || ,"02/03/2015: An assailant wielding a knife attacked soldiers guarding a Jewish cultural center in Nice, Provence-Alpes-Cote d'Azur, France. At least two soldiers were wounded in the attack. The assailant was arrested and identified as Moussa Coulibaly, who had recently traveled to Turkey allegedly to join the Islamic State of Iraq and the Levant (ISIL). ||  || Casualty numbers for this incident conflict across sources. Following GTD protocol, the lowest reliable estimates are reported here.",2015,FALSE,FALSE,FALSE,TRUE,TRUE,FALSE,FALSE,TRUE,5,FALSE,FALSE,TRUE,probable_inspired,high_score_text_claim_signal
data/globalterrorismdb_0522dist.csv,201509020009,2015,9,2,NA,1,09/30/2015,95,Iraq,10,Middle East & North Africa,Baghdad,Baghdad,33.303567,44.371771,1,0,The incident occurred in the Sadr City neighborhood,"09/02/2015: Assailants kidnapped 20 workers, including 18 Turkish nationals, at a stadium building site in Sadr City neighborhood, Baghdad, Iraq. The kidnappers demanded a ransom equivalent to $20 million, but it was never paid. Two of the victims were released on September 16, 2015 and the remaining captives were released on September 30, 2015. Death Squad (Iraq) claimed responsibility for the incident and demanded border lockdowns against violent groups, an end to oil extraction in the Kurdistan region, and the lifting of sieges targeting Syrian Shia villages. Sources also attributed the attack to Kata'ib Hezbollah.",1,1,1,0,NA,NA,0,1,0,6,Hostage Taking (Kidnapping),NA,NA,NA,NA,1,Business,12,Construction,Nurol Holding,Construction Workers,209,Turkey,1,Business,12,Construction,Nurol Holding,Workers,95,Iraq,NA,NA,NA,NA,NA,NA,NA,NA,Death Squad (Iraq),NA,Kata'ib Hezbollah,NA,NA,NA,"Death Squad claimed responsibility for the incident and demanded border security against the Islamic State of Iraq and the Levant (ISIL), a halt to oil extraction in the Kurdistan region, and a stop to military operations in Syrian Shiite villages.",0,1,NA,0,-99,0,1,6,Video,0,NA,NA,NA,NA,NA,NA,5,Firearms,5,Unknown Gun Type,NA,NA,NA,NA,NA,NA,NA,NA,NA,NA,NA,NA,NA,0,0,0,0,0,0,0,NA,NA,NA,NA,1,20,0,NA,28,NA,NA,1,28000000,0,0,0,NA,2,Hostage(s) released by perpetrators,20,"Casualty numbers for this incident conflict across sources. Following GTD protocol, the lowest reliable estimates are reported here.","""Turkish PM says workers kidnapped in Iraq have been released,"" Reuters, September 30, 2015.","""Two Turkish workers kidnapped in Baghdad are released,"" Reuters, September 16, 2015.","""Iraq: Shiite Militia 'Death Squad' Claims Responsibility for 18 Turkish Workers' Abduction [Video],"" International Business Times India, September 13, 2015.",START Primary Collection,0,1,1,1,NA,Death Squad (Iraq) || Kata'ib Hezbollah ||  ||  ||  || ,"09/02/2015: Assailants kidnapped 20 workers, including 18 Turkish nationals, at a stadium building site in Sadr City neighborhood, Baghdad, Iraq. The kidnappers demanded a ransom equivalent to $20 million, but it was never paid. Two of the victims were released on September 16, 2015 and the remaining captives were released on September 30, 2015. Death Squad (Iraq) claimed responsibility for the incident and demanded border lockdowns against violent groups, an end to oil extraction in the Kurdistan region, and the lifting of sieges targeting Syrian Shia villages. Sources also attributed the attack to Kata'ib Hezbollah. || Death Squad claimed responsibility for the incident and demanded border security against the Islamic State of Iraq and the Levant (ISIL), a halt to oil extraction in the Kurdistan region, and a stop to military operations in Syrian Shiite villages. || Casualty numbers for this incident conflict across sources. Following GTD protocol, the lowest reliable estimates are reported here.",2015,FALSE,FALSE,FALSE,TRUE,TRUE,FALSE,TRUE,TRUE,7,FALSE,FALSE,TRUE,probable_inspired,high_score_text_claim_signal
data/globalterrorismdb_0522dist.csv,201501070002,2015,1,7,NA,0,NA,69,France,8,Western Europe,Ile-de-France,Paris,48.789746,2.287296,1,0,The incident occurred in the Fontenay-aux-Roses area within the city.,"01/07/2015: An assailant shot and injured a jogger in a park in Fontenay-aux-Roses, Paris, France. Security personnel linked the attack to Amedy Coulibaly, a Muslim fundamentalist responsible for the shooting of a police officer on the following day, January 8th, and a supermarket hostage-taking two days later, on January 9th. Coulibaly was killed in the supermarket attack and a video was released posthumously in which he pledged allegiance to the Islamic State of Iraq and the Levant (ISIL).",1,1,1,0,NA,NA,0,1,0,2,Armed Assault,NA,NA,NA,NA,14,Private Citizens & Property,67,Unnamed Civilian/Unspecified,Not Applicable,Civilian,69,France,NA,NA,NA,NA,NA,NA,NA,NA,NA,NA,NA,NA,NA,NA,NA,NA,Jihadi-inspired extremists,NA,NA,NA,NA,NA,"An individual, identified as Amedy Coulibaly, claimed responsibility for the incident and pledged allegiance to the Islamic State of Iraq and the Levant (ISIL) in a video posted online.",0,NA,NA,1,1,0,1,6,Video,NA,NA,NA,NA,NA,NA,NA,5,Firearms,3,Handgun,NA,NA,NA,NA,NA,NA,NA,NA,NA,NA,NA,NA,A Tokarev TT-33 pistol was used in the attack.,0,0,0,1,0,0,0,NA,NA,NA,NA,0,NA,NA,NA,NA,NA,NA,NA,NA,NA,NA,NA,NA,NA,NA,NA,NA,"""Charlie Hebdo attack: Three days of terror,"" BBC, January 14, 2015.","""Charlie Hebdo: Shooting of jogger is linked to store killer,"" Belfast Telegraph, January 12, 2015.","""Charlie Hebdo shooting: Amedy Coulibaly linked to attack on jogger after magazine massacre,"" Australian Broadcasting Corporation (ABC) News, January 11, 2015.",START Primary Collection,-9,-9,0,-9,NA,Jihadi-inspired extremists ||  ||  ||  ||  || ,"01/07/2015: An assailant shot and injured a jogger in a park in Fontenay-aux-Roses, Paris, France. Security personnel linked the attack to Amedy Coulibaly, a Muslim fundamentalist responsible for the shooting of a police officer on the following day, January 8th, and a supermarket hostage-taking two days later, on January 9th. Coulibaly was killed in the supermarket attack and a video was released posthumously in which he pledged allegiance to the Islamic State of Iraq and the Levant (ISIL). || An individual, identified as Amedy Coulibaly, claimed responsibility for the incident and pledged allegiance to the Islamic State of Iraq and the Levant (ISIL) in a video posted online. || ",2015,FALSE,TRUE,FALSE,TRUE,TRUE,FALSE,TRUE,TRUE,9,TRUE,FALSE,TRUE,probable_inspired,high_score_text_claim_signal
data/globalterrorismdb_0522dist.csv,201501080001,2015,1,8,NA,0,NA,69,France,8,Western Europe,Ile-de-France,Paris,48.815309,2.316492,1,0,The incident occurred in the Montrouge area of the city.,"01/08/2015: An assailant shot and killed a police officer and injured a city employee in Montrouge area, Paris, Ile-de-France region, France. Security personnel attributed the attack to Amedy Coulibaly, a Muslim fundamentalist linked to the shooting of a jogger in a park on January 7th and a supermarket hostage-taking the following day, on January 9th. Coulibaly was killed in the supermarket attack and video was released posthumously in which he pledged allegiance to the Islamic State of Iraq and the Levant (ISIL).",1,1,1,0,NA,NA,0,1,0,2,Armed Assault,NA,NA,NA,NA,3,Police,25,Police Security Forces/Officers,French Police,Officer: Clarissa Jean-Philippe,69,France,2,Government (General),18,"Government Personnel (excluding police, military)",Government of Paris,Traffic Official,69,France,NA,NA,NA,NA,NA,NA,NA,NA,Jihadi-inspired extremists,NA,NA,NA,NA,NA,"An individual, identified as Amedy Coulibaly, claimed responsibility for the incident and pledged allegiance to the Islamic State of Iraq and the Levant (ISIL) in a video posted online.",0,NA,NA,1,1,0,1,6,Video,NA,NA,NA,NA,NA,NA,NA,5,Firearms,2,Automatic or Semi-Automatic Rifle,5,Firearms,3,Handgun,NA,NA,NA,NA,NA,NA,NA,NA,A Vz.58 assault rifle and a Tokarev TT-33 pistol were used in the attack.,1,0,0,1,0,0,0,NA,NA,NA,NA,0,NA,NA,NA,NA,NA,NA,NA,NA,NA,NA,NA,NA,NA,NA,NA,NA,"""Charlie Hebdo attack: Three days of terror,"" BBC, January 14, 2015.","""Charlie Hebdo: Shooting of jogger is linked to store killer,"" Belfast Telegraph, January 12, 2015.","""Charlie Hebdo shooting: Amedy Coulibaly linked to attack on jogger after magazine massacre,"" Australian Broadcasting Corporation (ABC) News, January 11, 2015.",START Primary Collection,-9,-9,0,-9,NA,Jihadi-inspired extremists ||  ||  ||  ||  || ,"01/08/2015: An assailant shot and killed a police officer and injured a city employee in Montrouge area, Paris, Ile-de-France region, France. Security personnel attributed the attack to Amedy Coulibaly, a Muslim fundamentalist linked to the shooting of a jogger in a park on January 7th and a supermarket hostage-taking the following day, on January 9th. Coulibaly was killed in the supermarket attack and video was released posthumously in which he pledged allegiance to the Islamic State of Iraq and the Levant (ISIL). || An individual, identified as Amedy Coulibaly, claimed responsibility for the incident and pledged allegiance to the Islamic State of Iraq and the Levant (ISIL) in a video posted online. || ",2015,FALSE,TRUE,FALSE,TRUE,TRUE,FALSE,TRUE,TRUE,9,TRUE,FALSE,TRUE,probable_inspired,high_score_text_claim_signal
data/globalterrorismdb_0522dist.csv,201501090002,2015,1,9,NA,0,NA,69,France,8,Western Europe,Ile-de-France,Paris,48.856642,2.34233,1,0,The incident occurred in the Porte-de-Vincenne neighborhood.,"01/09/2015: A single assailant stormed Hyper Cacher, a kosher supermarket, in Porte de Vincenne area, Paris, Ile-de-France region, France. The gunman took the employees and customers hostage in a standoff against security forces, demanding that brothers Cherif Kouachi and Said Kouachi be allowed to go free. The brothers had attacked employees and police at the offices of Charlie Hebdo, a satirical magazine, two days earlier and were, at the time of the supermarket attack, involved in a standoff with police outside of the city. The supermarket siege ended when elite forces stormed the store, killing the assailant. Four hostages were killed, three people were injured and 15 hostages were released in the attack. This was one of two coordinated attacks. The gunman was identified as Amedy Coulibaly; he pledged allegiance to the Islamic State of Iraq and the Levant (ISIL) in a video that was released posthumously.",1,1,1,0,NA,NA,1,1,0,5,Hostage Taking (Barricade Incident),NA,NA,NA,NA,1,Business,7,Retail/Grocery/Bakery,Unknown,Kosher Deli,69,France,NA,NA,NA,NA,NA,NA,NA,NA,NA,NA,NA,NA,NA,NA,NA,NA,Jihadi-inspired extremists,NA,NA,NA,NA,NA,"An individual, identified as Amedy Coulibaly, claimed responsibility for the incident and pledged allegiance to the Islamic State of Iraq and the Levant (ISIL) in a video posted online. Sources also suspected that Coulibaly carried out the attack in order to negotiate the release of Cherif Kouachi and Said Kouachi.",0,NA,NA,1,1,0,1,6,Video,NA,NA,NA,NA,NA,NA,NA,5,Firearms,2,Automatic or Semi-Automatic Rifle,5,Firearms,3,Handgun,NA,NA,NA,NA,NA,NA,NA,NA,"Vz.58 assault rifles, a Skorpion sub-machine gun, and two Tokarev TT-33 pistols were used in the attack.",5,0,1,3,0,0,1,3,Minor (likely < $1 million),-99,A kosher supermarket was damaged in this attack.,1,19,0,5,NA,NA,NA,0,NA,NA,NA,NA,"The assailant demanded that security forces allow Cherif Kouachi and Said Kouachi, who were involved in another hostage situation on the same day, to go free in exchange for the release of the hostages.",6,Combination,15,NA,"""Charlie Hebdo attack: Three days of terror,"" BBC, January 14, 2015.","""Paris gunman 'stopped' by police days before kosher store attack,"" France24, January 21, 2015.","""Two sieges come to a violent, bloody end,"" New Zealand Herald, January 10, 2015.",START Primary Collection,-9,-9,0,-9,"201501090001, 201501090002",Jihadi-inspired extremists ||  ||  ||  ||  || ,"01/09/2015: A single assailant stormed Hyper Cacher, a kosher supermarket, in Porte de Vincenne area, Paris, Ile-de-France region, France. The gunman took the employees and customers hostage in a standoff against security forces, demanding that brothers Cherif Kouachi and Said Kouachi be allowed to go free. The brothers had attacked employees and police at the offices of Charlie Hebdo, a satirical magazine, two days earlier and were, at the time of the supermarket attack, involved in a standoff with police outside of the city. The supermarket siege ended when elite forces stormed the store, killing the assailant. Four hostages were killed, three people were injured and 15 hostages were released in the attack. This was one of two coordinated attacks. The gunman was identified as Amedy Coulibaly; he pledged allegiance to the Islamic State of Iraq and the Levant (ISIL) in a video that was released posthumously. || An individual, identified as Amedy Coulibaly, claimed responsibility for the incident and pledged allegiance to the Islamic State of Iraq and the Levant (ISIL) in a video posted online. Sources also suspected that Coulibaly carried out the attack in order to negotiate the release of Cherif Kouachi and Said Kouachi. || ",2015,FALSE,TRUE,FALSE,TRUE,TRUE,FALSE,TRUE,TRUE,9,TRUE,FALSE,TRUE,probable_inspired,high_score_text_claim_signal
data/globalterrorismdb_0522dist.csv,201505030003,2015,5,3,NA,0,NA,217,United States,1,North America,Texas,Garland,32.910009,-96.630499,1,0,NA,"05/03/2015: Two assailants opened fire on the Curtis Culwell Center, which was hosting an exhibition of cartoons of the Prophet Muhammad, in Garland, Texas, United States. The assailants were killed and a security guard wounded in the attack. The assailants were identified as Elton Simpson and Nadir Soofi and had claimed response for the attack in twitter statements before the shooting.",1,1,1,0,NA,NA,0,1,0,2,Armed Assault,NA,NA,NA,NA,14,Private Citizens & Property,78,"Procession/Gathering (funeral, wedding, birthday, religious)",American Freedom Defense Initiative (AFDI),Muhammad Art Exhibit and Contest,217,United States,NA,NA,NA,NA,NA,NA,NA,NA,NA,NA,NA,NA,NA,NA,NA,NA,Jihadi-inspired extremists,NA,NA,NA,NA,NA,"The specific motive is unknown; however, sources noted that images depicting the Prophet Muhammad are viewed as un-Islamic by the Muslim community.",0,NA,NA,1,2,0,1,7,"Posted to website, blog, etc.",NA,NA,NA,NA,NA,NA,NA,5,Firearms,2,Automatic or Semi-Automatic Rifle,NA,NA,NA,NA,NA,NA,NA,NA,NA,NA,NA,NA,Assault rifles were used in the attack.,2,2,2,1,1,0,0,NA,NA,NA,NA,0,NA,NA,NA,NA,NA,NA,NA,NA,NA,NA,NA,NA,NA,NA,NA,"Simpson had been indicted in 2010 on charges of lying about wanting to travel to Somalia to join a terrorist group and had pledged allegiance to the ""Commander of the Faithful"", suspected to refer to ISIL leader Abu Bakr Baghdadi.","""Two die at US Prophet cartoon contest,"" BBC, May 4, 2015.","""Islamic State claims responsibility for attack at Texas cartoon event,"" Los Angeles Times, May 6, 2015.","""Texas Gunmen Said to Be Inspired, Not Directed, by Terror Cells,"" Bloomberg, May 5, 2015.",START Primary Collection,-9,-9,0,-9,NA,Jihadi-inspired extremists ||  ||  ||  ||  || ,"05/03/2015: Two assailants opened fire on the Curtis Culwell Center, which was hosting an exhibition of cartoons of the Prophet Muhammad, in Garland, Texas, United States. The assailants were killed and a security guard wounded in the attack. The assailants were identified as Elton Simpson and Nadir Soofi and had claimed response for the attack in twitter statements before the shooting. || The specific motive is unknown; however, sources noted that images depicting the Prophet Muhammad are viewed as un-Islamic by the Muslim community. || Simpson had been indicted in 2010 on charges of lying about wanting to travel to Somalia to join a terrorist group and had pledged allegiance to the ""Commander of the Faithful"", suspected to refer to ISIL leader Abu Bakr Baghdadi.",2015,FALSE,TRUE,FALSE,TRUE,TRUE,FALSE,TRUE,TRUE,9,TRUE,FALSE,TRUE,probable_inspired,high_score_text_claim_signal
data/globalterrorismdb_0522dist.csv,201509290074,2015,9,29,NA,0,NA,55,Denmark,8,Western Europe,Capital,Blovstrod,55.871638,12.400421,1,1,The incident occurred in the Sandholm area near the town.,"09/29/2015: An assailant stabbed and injured a police officer at an asylum center in Sandholm, Blovstrod, Capital, Denmark. The assailant was identified as a Palestinian who was denied asylum. Sources also noted that the assailant may have had sympathies with the Islamic State of Iraq and the Levant (ISIL).",0,1,1,1,2,Other Crime Type,0,1,0,2,Armed Assault,NA,NA,NA,NA,3,Police,25,Police Security Forces/Officers,Police of Denmark,Officer,55,Denmark,NA,NA,NA,NA,NA,NA,NA,NA,NA,NA,NA,NA,NA,NA,NA,NA,Jihadi-inspired extremists,NA,NA,NA,NA,NA,"The specific motive is unknown; however, sources suspected that the unidentified assailant may have sympathized with the Islamic State of Iraq and the Levant (ISIL).",1,NA,NA,1,1,1,0,NA,NA,NA,NA,NA,NA,NA,NA,NA,9,Melee,23,Knife or Other Sharp Object,NA,NA,NA,NA,NA,NA,NA,NA,NA,NA,NA,NA,NA,0,0,0,1,0,0,0,NA,NA,NA,NA,0,NA,NA,NA,NA,NA,NA,NA,NA,NA,NA,NA,NA,NA,NA,NA,"There is doubt that this incident meets terrorism-related criteria. Sources noted that the assailant was denied asylum and that the attack may have been a ""break-in gone awry."" Sources also noted that the assailant had been identified as mentally unstable.","""Palestinian asylum reject charged with stabbing Danish policeman,"" The Telegraph, September 30, 2015.","""Danish police officer stabbed at asylum centre,"" The Local Denmark, September 29, 2015.","""Man charged with police officer stabbing sympathises with IS and previously attacked Swedish minister,"" Copenhagen Post, September 30, 2015.",START Primary Collection,-9,-9,0,-9,NA,Jihadi-inspired extremists ||  ||  ||  ||  || ,"09/29/2015: An assailant stabbed and injured a police officer at an asylum center in Sandholm, Blovstrod, Capital, Denmark. The assailant was identified as a Palestinian who was denied asylum. Sources also noted that the assailant may have had sympathies with the Islamic State of Iraq and the Levant (ISIL). || The specific motive is unknown; however, sources suspected that the unidentified assailant may have sympathized with the Islamic State of Iraq and the Levant (ISIL). || There is doubt that this incident meets terrorism-related criteria. Sources noted that the assailant was denied asylum and that the attack may have been a ""break-in gone awry."" Sources also noted that the assailant had been identified as mentally unstable.",2015,FALSE,TRUE,FALSE,TRUE,TRUE,FALSE,FALSE,TRUE,7,TRUE,FALSE,TRUE,probable_inspired,high_score_text_claim_signal
data/globalterrorismdb_0522dist.csv,201511260057,2015,11,26,NA,0,NA,107,Kyrgyzstan,7,Central Asia,Bishkek,Bishkek,42.816259,74.63668,1,0,The incident occurred in the 12th Microdistrict of the city,"11/26/2015: Assailants stabbed Kadyr Malikov in the 12th Microdistrict of Bishkek, Kyrgyzstan. Malikov, a renowned theologian and vocal opponent of extremism, was injured in the assault. No group claimed responsibility for the incident; however, sources attributed the attack to Jihadi-Inspired extremists.",1,1,1,0,NA,NA,0,1,0,2,Armed Assault,NA,NA,NA,NA,15,Religious Figures/Institutions,85,Religious Figure,Unknown,Theologian: Kadyr Malikov,107,Kyrgyzstan,NA,NA,NA,NA,NA,NA,NA,NA,NA,NA,NA,NA,NA,NA,NA,NA,Jihadi-inspired extremists,NA,NA,NA,NA,NA,"The specific motive is unknown; however, sources noted that the assailants supported the ideology of the Islamic State of Iraq and the Levant (ISIL).",0,NA,NA,1,2,2,0,NA,NA,NA,NA,NA,NA,NA,NA,NA,9,Melee,23,Knife or Other Sharp Object,9,Melee,27,Unknown Weapon Type,NA,NA,NA,NA,NA,NA,NA,NA,A knife and a taser were used in the attack.,0,0,0,1,0,0,0,NA,NA,NA,NA,0,NA,NA,NA,NA,NA,NA,NA,NA,NA,NA,NA,NA,NA,NA,NA,NA,"""Islamist Jailed For Life Over Attack On Kyrgyz Theologian,"" Radio Free Europe / Radio Liberty, June 9, 2016.","""Kyrgyz Religion Expert Gets Knifed, Cries Islamic State,"" EurasiaNet, November 26, 2015.","""Central Asia: Open Source Terrorism Roundup 1-31 August 2017,"" Summary, September 7, 2017.",START Primary Collection,-9,-9,0,-9,NA,Jihadi-inspired extremists ||  ||  ||  ||  || ,"11/26/2015: Assailants stabbed Kadyr Malikov in the 12th Microdistrict of Bishkek, Kyrgyzstan. Malikov, a renowned theologian and vocal opponent of extremism, was injured in the assault. No group claimed responsibility for the incident; however, sources attributed the attack to Jihadi-Inspired extremists. || The specific motive is unknown; however, sources noted that the assailants supported the ideology of the Islamic State of Iraq and the Levant (ISIL). || ",2015,FALSE,TRUE,FALSE,TRUE,TRUE,FALSE,FALSE,TRUE,7,TRUE,FALSE,TRUE,probable_inspired,high_score_text_claim_signal
data/globalterrorismdb_0522dist.csv,201512020012,2015,12,2,NA,0,NA,217,United States,1,North America,California,San Bernardino,34.141683,-117.29459,1,0,NA,"12/02/2015: Two assailants opened fire on a holiday party at the Inland Regional Center for disabled people in San Bernardino, California, United States. The assailants also attempted to trigger an explosive device, which failed to detonate. Fourteen people were killed and at least 17 people were injured in the attack. Both assailants, identified as Syed Rizwan Farook and Tashfeen Malik, fled the scene but were located and killed in a shootout with police later the same day. No group claimed responsibility for the incident, but the assailants were inspired by the Islamic State of Iraq and the Levant (ISIL).",1,1,1,0,NA,NA,0,1,0,3,Bombing/Explosion,2,Armed Assault,NA,NA,2,Government (General),18,"Government Personnel (excluding police, military)",San Bernardino Department of Public Health,Holiday Party,217,United States,NA,NA,NA,NA,NA,NA,NA,NA,NA,NA,NA,NA,NA,NA,NA,NA,Jihadi-inspired extremists,NA,NA,NA,NA,NA,NA,0,NA,NA,1,2,0,0,NA,NA,NA,NA,NA,NA,NA,NA,NA,6,Explosives,12,Remote Trigger,5,Firearms,2,Automatic or Semi-Automatic Rifle,5,Firearms,3,Handgun,NA,NA,NA,NA,"A remote-controlled explosive device containing three pipe bombs, .223 AR-15 semiautomatic rifles, and 9-mm semiautomatic pistols were used in the attack.",16,15,2,17,17,0,0,NA,NA,NA,NA,0,NA,NA,NA,NA,NA,NA,NA,NA,NA,NA,NA,NA,NA,NA,NA,"Casualty numbers for this incident conflict across sources. Following GTD protocol, the majority reliable estimates are reported here.","""ISIS goes global: Mapping 50 ISIS attacks that kill 1,100 in 18 countries,"" CNN Wire, December 17, 2015.","""UPDATE 3-Islamic State says California killers of 14 were their followers,"" Reuters, December 5, 2015.","""San Bernardino shootings: Pipe bombs found in house of suspects Syed Farook and Tashfeen Malik,"" International Business Times UK, December 3, 2015.",START Primary Collection,-9,-9,0,-9,NA,Jihadi-inspired extremists ||  ||  ||  ||  || ,"12/02/2015: Two assailants opened fire on a holiday party at the Inland Regional Center for disabled people in San Bernardino, California, United States. The assailants also attempted to trigger an explosive device, which failed to detonate. Fourteen people were killed and at least 17 people were injured in the attack. Both assailants, identified as Syed Rizwan Farook and Tashfeen Malik, fled the scene but were located and killed in a shootout with police later the same day. No group claimed responsibility for the incident, but the assailants were inspired by the Islamic State of Iraq and the Levant (ISIL). ||  || Casualty numbers for this incident conflict across sources. Following GTD protocol, the majority reliable estimates are reported here.",2015,FALSE,TRUE,FALSE,TRUE,TRUE,FALSE,FALSE,TRUE,7,TRUE,FALSE,TRUE,probable_inspired,high_score_text_claim_signal
data/globalterrorismdb_0522dist.csv,201512050019,2015,12,5,NA,0,NA,603,United Kingdom,8,Western Europe,England,London,51.504385,-0.140041,1,0,The incident occurred in the Leytonstone area of the city.,"12/05/2015: An assailant armed with a machete attacked tube passengers in Leytonstone area, London, England, United Kingdom. At least three people were injured in the attack. An individual, identified as Muhaydin Mire, claimed responsibility for the incident and stated that the attack was carried out in retaliation for Western operations targeting the Islamic State of Iraq and the Levant (ISIL) in Syria.",1,1,1,1,4,Lack of Intentionality,0,1,0,2,Armed Assault,NA,NA,NA,NA,19,Transportation,102,Subway,London Underground,Subway Station,216,Great Britain,NA,NA,NA,NA,NA,NA,NA,NA,NA,NA,NA,NA,NA,NA,NA,NA,Jihadi-inspired extremists,NA,NA,NA,NA,NA,"An individual, identified as Muhaydin Mire, claimed responsibility for the incident and stated that the attack was carried out in retaliation for Western operations targeting the Islamic State of Iraq and the Levant (ISIL) in Syria.",0,NA,NA,1,1,1,1,8,Personal claim,NA,NA,NA,NA,NA,NA,NA,9,Melee,23,Knife or Other Sharp Object,NA,NA,NA,NA,NA,NA,NA,NA,NA,NA,NA,NA,A knife was used in the attack.,0,0,0,3,0,0,0,NA,NA,NA,NA,0,NA,NA,NA,NA,NA,NA,NA,NA,NA,NA,NA,NA,NA,NA,NA,"There is doubt this incident meets terrorism-related criteria. The offender was later determined to suffer mental health issues. Casualty numbers for this incident conflict across sources. Following GTD protocol, the most recent reliable estimates are reported here.","""London - Police charge suspect in London Tube stabbing,"" AFP (North European Service), December 7, 2015.","""Leytonstone Tube station 'terror attack': Police appeal for footage,"" BBC Online, December 6, 2015.","""Syria war-inspired knifeman jailed over London tube attack,"" Middle East Eye, August 1, 2016.",START Primary Collection,-9,-9,1,1,NA,Jihadi-inspired extremists ||  ||  ||  ||  || ,"12/05/2015: An assailant armed with a machete attacked tube passengers in Leytonstone area, London, England, United Kingdom. At least three people were injured in the attack. An individual, identified as Muhaydin Mire, claimed responsibility for the incident and stated that the attack was carried out in retaliation for Western operations targeting the Islamic State of Iraq and the Levant (ISIL) in Syria. || An individual, identified as Muhaydin Mire, claimed responsibility for the incident and stated that the attack was carried out in retaliation for Western operations targeting the Islamic State of Iraq and the Levant (ISIL) in Syria. || There is doubt this incident meets terrorism-related criteria. The offender was later determined to suffer mental health issues. Casualty numbers for this incident conflict across sources. Following GTD protocol, the most recent reliable estimates are reported here.",2015,FALSE,TRUE,FALSE,TRUE,TRUE,FALSE,TRUE,TRUE,9,TRUE,FALSE,TRUE,probable_inspired,high_score_text_claim_signal
data/globalterrorismdb_0522dist.csv,201507220004,2015,7,22,NA,0,NA,209,Turkey,10,Middle East & North Africa,Istanbul,Istanbul,41.106178,28.689863,1,0,NA,"07/22/2015: Assailants opened fire on a civilian in Istanbul city, Istanbul province, Turkey. The civilian was killed in the attack. The Kurdistan Workers' Party (PKK) claimed responsibility for the incident and stated that Mursel Gul was targeted because the PKK believed he was an Islamic State of Iraq and the Levant (ISIL) member.",1,1,1,0,NA,NA,0,1,0,2,Armed Assault,NA,NA,NA,NA,14,Private Citizens & Property,68,Named Civilian,Not Applicable,Civilian: Mursel Gul,209,Turkey,NA,NA,NA,NA,NA,NA,NA,NA,NA,NA,NA,NA,NA,NA,NA,NA,Kurdistan Workers' Party (PKK),NA,NA,NA,NA,NA,The Kurdistan Workers' Party (PKK) claimed responsibility for the incident and stated that Mursel Gul was targeted because the PKK believed he was an Islamic State of Iraq and the Levant (ISIL) member.,0,NA,NA,0,-99,0,1,8,Personal claim,NA,NA,NA,NA,NA,NA,NA,5,Firearms,5,Unknown Gun Type,NA,NA,NA,NA,NA,NA,NA,NA,NA,NA,NA,NA,NA,1,0,0,0,0,0,0,NA,NA,NA,NA,0,NA,NA,NA,NA,NA,NA,NA,NA,NA,NA,NA,NA,NA,NA,NA,NA,"""IS militants kill Turkish soldier near Syria border,"" Associated Press, July 23, 2015.","""Istanbul ISIS Supporter Assassinated By Kurdish Militants In Retaliation For Monday's Bloody Suruc Bombing,"" International Business Times, July 23, 2015.",NA,START Primary Collection,0,0,0,0,NA,Kurdistan Workers' Party (PKK) ||  ||  ||  ||  || ,"07/22/2015: Assailants opened fire on a civilian in Istanbul city, Istanbul province, Turkey. The civilian was killed in the attack. The Kurdistan Workers' Party (PKK) claimed responsibility for the incident and stated that Mursel Gul was targeted because the PKK believed he was an Islamic State of Iraq and the Levant (ISIL) member. || The Kurdistan Workers' Party (PKK) claimed responsibility for the incident and stated that Mursel Gul was targeted because the PKK believed he was an Islamic State of Iraq and the Levant (ISIL) member. || ",2015,FALSE,FALSE,FALSE,TRUE,TRUE,FALSE,TRUE,TRUE,7,FALSE,FALSE,TRUE,probable_inspired,high_score_text_claim_signal
data/globalterrorismdb_0522dist.csv,201507220025,2015,7,22,NA,0,NA,209,Turkey,10,Middle East & North Africa,Adana,Adana,36.993096,35.274784,1,0,The incident occurred in the Seyhan district of the city.,"07/22/2015: Assailants opened fire on a civilian in Seyhan district, Adana city, Adana province, Turkey. The civilian was killed in the attack. The Kurdistan Workers' Party (PKK) claimed responsibility for the incident and stated that Ethem Turkben was targeted because the PKK believed he was an Islamic State of Iraq and the Levant (ISIL) supporter.",1,1,1,0,NA,NA,0,1,0,2,Armed Assault,NA,NA,NA,NA,14,Private Citizens & Property,68,Named Civilian,Not Applicable,Civilian: Ethem Turkben,209,Turkey,NA,NA,NA,NA,NA,NA,NA,NA,NA,NA,NA,NA,NA,NA,NA,NA,Kurdistan Workers' Party (PKK),NA,NA,NA,NA,NA,The Kurdistan Workers' Party (PKK) claimed responsibility for the incident and stated that Ethem Turkben was targeted because the PKK believed he was an Islamic State of Iraq and the Levant (ISIL) supporter.,0,NA,NA,0,-99,0,1,7,"Posted to website, blog, etc.",NA,NA,NA,NA,NA,NA,NA,5,Firearms,5,Unknown Gun Type,NA,NA,NA,NA,NA,NA,NA,NA,NA,NA,NA,NA,NA,1,0,0,0,0,0,0,NA,NA,NA,NA,0,NA,NA,NA,NA,NA,NA,NA,NA,NA,NA,NA,NA,NA,NA,NA,NA,"""Istanbul ISIS Supporter Assassinated By Kurdish Militants In Retaliation For Monday's Bloody Suruc Bombing,"" International Business Times, July 23, 2015.","""Outlawed PKK executes two civilians claiming ISIS affiliation,"" Daily Sabah, July 23, 2015.","""Member of Islamist Hüda-Par assassinated in Adana,"" Zaman, July 23, 2015.",START Primary Collection,0,0,0,0,NA,Kurdistan Workers' Party (PKK) ||  ||  ||  ||  || ,"07/22/2015: Assailants opened fire on a civilian in Seyhan district, Adana city, Adana province, Turkey. The civilian was killed in the attack. The Kurdistan Workers' Party (PKK) claimed responsibility for the incident and stated that Ethem Turkben was targeted because the PKK believed he was an Islamic State of Iraq and the Levant (ISIL) supporter. || The Kurdistan Workers' Party (PKK) claimed responsibility for the incident and stated that Ethem Turkben was targeted because the PKK believed he was an Islamic State of Iraq and the Levant (ISIL) supporter. || ",2015,FALSE,FALSE,FALSE,TRUE,TRUE,FALSE,TRUE,TRUE,7,FALSE,FALSE,TRUE,probable_inspired,high_score_text_claim_signal
data/globalterrorismdb_0522dist.csv,201503250042,2015,3,25,NA,0,NA,209,Turkey,10,Middle East & North Africa,Istanbul,Istanbul,41.106178,28.689863,1,0,The incident occurred in Kagithane neighborhood,"03/25/2015: An explosive device detonated outside the offices of Adimlar, an anti-United States and pro-Islamic State of Iraq and the Levant (ISIL) magazine, in Kagithane neighborhood, Istanbul city, Istanbul province, Turkey. At least one person, a writer, was killed and three others, including the editor-in-chief, were wounded in the blast. The People's Defense Unit (Turkey) claimed responsibility and stated that it targeted the magazine for their justification of mass murders carried out by ISIL.",1,1,1,0,NA,NA,0,1,0,3,Bombing/Explosion,NA,NA,NA,NA,10,Journalists & Media,53,Newspaper Journalist/Staff/Facility,Adimlar,Magazine Offices,209,Turkey,NA,NA,NA,NA,NA,NA,NA,NA,NA,NA,NA,NA,NA,NA,NA,NA,People's Defense Unit (Turkey),NA,NA,NA,NA,NA,The People's Defense Unit (Turkey) claimed responsibility for the incident and stated that they attacked Adimlar Magazine in retaliation for their justification of mass murders.,1,NA,NA,0,-99,0,1,7,"Posted to website, blog, etc.",NA,NA,NA,NA,NA,NA,NA,6,Explosives,10,Pressure Trigger,NA,NA,NA,NA,NA,NA,NA,NA,NA,NA,NA,NA,NA,1,0,0,3,0,0,1,3,Minor (likely < $1 million),-99,An office building was damaged in this attack.,0,NA,NA,NA,NA,NA,NA,NA,NA,NA,NA,NA,NA,NA,NA,NA,NA,"""Pro-ISIS magazine in Istanbul bombed,"" CNN.com, March 26, 2015.","""One killed in Istanbul magazine bombing,"" Breaking News.ie, March 26, 2015.","""Bomb Kills Journalist in Istanbul, 3 Injured,"" Sofia News Agency, March 26, 2015.",START Primary Collection,0,0,0,0,NA,People's Defense Unit (Turkey) ||  ||  ||  ||  || ,"03/25/2015: An explosive device detonated outside the offices of Adimlar, an anti-United States and pro-Islamic State of Iraq and the Levant (ISIL) magazine, in Kagithane neighborhood, Istanbul city, Istanbul province, Turkey. At least one person, a writer, was killed and three others, including the editor-in-chief, were wounded in the blast. The People's Defense Unit (Turkey) claimed responsibility and stated that it targeted the magazine for their justification of mass murders carried out by ISIL. || The People's Defense Unit (Turkey) claimed responsibility for the incident and stated that they attacked Adimlar Magazine in retaliation for their justification of mass murders. || ",2015,FALSE,FALSE,FALSE,TRUE,TRUE,FALSE,TRUE,TRUE,7,FALSE,FALSE,TRUE,probable_inspired,high_score_text_claim_signal
data/globalterrorismdb_0522dist.csv,201509290001,2015,9,29,NA,0,NA,97,Israel,10,Middle East & North Africa,Southern,Ashdod,31.821443,34.66517,1,0,NA,"09/29/2015: Assailants fired a rocket that was intercepted by the Iron Dome missile defense system over Ashdod city, Southern district, Israel. The Sheikh Omar Hadid Brigade claimed responsibility and stated that the attack was in response to the recent death of a Palestinian woman at a checkpoint in Hebron and to honor a woman on trial for attempting to join the Islamic State of Iraq and the Levant (ISIL). Sources also attributed the attack to the Palestinian Islamic Jihad (PIJ).",1,1,1,0,NA,NA,0,0,0,3,Bombing/Explosion,NA,NA,NA,NA,14,Private Citizens & Property,75,Village/City/Town/Suburb,Ashdod City,City,97,Israel,NA,NA,NA,NA,NA,NA,NA,NA,NA,NA,NA,NA,NA,NA,NA,NA,Sheikh Omar Hadid Brigade,NA,Palestinian Islamic Jihad (PIJ),NA,NA,NA,"Sheikh Omar Hadid Brigade claimed responsibility for the incident and stated that the attack was carried out in retaliation for the death of a Palestinian woman in Hebron city, who attempted to attack a soldier at a checkpoint and the arrest of Iman Kanjou, who allegedly tried to become a member of the Islamic State of Iraq and the Levant (ISIL).",0,0,NA,0,-99,0,1,7,"Posted to website, blog, etc.",0,NA,NA,NA,NA,NA,NA,6,Explosives,11,"Projectile (rockets, mortars, RPGs, etc.)",NA,NA,NA,NA,NA,NA,NA,NA,NA,NA,NA,NA,A long-range Grad rocket was used in the attack.,0,0,0,0,0,0,0,NA,NA,NA,NA,0,NA,NA,NA,NA,NA,NA,NA,NA,NA,NA,NA,NA,NA,NA,NA,NA,"""Israeli military attacks Gaza 'terror' sites after rocket fired on Ashdod,"" JTA, September 30, 2015.","""At least one rocket intercepted over southern Israel,"" Haaretz, September 29, 2015.","""Israel: Mainstream, Social Media Coverage of ISIL-Related Issues 27 September - 6 October 2015,"" OSC Summary, September 27, 2015.",START Primary Collection,1,0,0,1,NA,Sheikh Omar Hadid Brigade || Palestinian Islamic Jihad (PIJ) ||  ||  ||  || ,"09/29/2015: Assailants fired a rocket that was intercepted by the Iron Dome missile defense system over Ashdod city, Southern district, Israel. The Sheikh Omar Hadid Brigade claimed responsibility and stated that the attack was in response to the recent death of a Palestinian woman at a checkpoint in Hebron and to honor a woman on trial for attempting to join the Islamic State of Iraq and the Levant (ISIL). Sources also attributed the attack to the Palestinian Islamic Jihad (PIJ). || Sheikh Omar Hadid Brigade claimed responsibility for the incident and stated that the attack was carried out in retaliation for the death of a Palestinian woman in Hebron city, who attempted to attack a soldier at a checkpoint and the arrest of Iman Kanjou, who allegedly tried to become a member of the Islamic State of Iraq and the Levant (ISIL). || ",2015,FALSE,FALSE,FALSE,TRUE,TRUE,TRUE,TRUE,TRUE,7,FALSE,FALSE,TRUE,probable_inspired,high_score_text_claim_signal
data/globalterrorismdb_0522dist.csv,201501260052,2015,1,26,NA,1,NA,95,Iraq,10,Middle East & North Africa,Nineveh,Rabiah,36.80398,42.093944,1,1,"The incident occurred in the Al Jarua village, near Rabiah.","01/26/2015: Assailants attacked residents and buildings in Al Jarua village, near Rabia town, Nineveh governorate, Iraq. This was one of four coordinated raids on villages in the area on the same day. At least 25 civilians were killed, 27 people were kidnapped, and the villages were set on fire. The outcome of the kidnapping is unknown. No group claimed responsibility for the incidents.",1,1,1,0,NA,NA,1,1,0,6,Hostage Taking (Kidnapping),2,Armed Assault,7,Facility/Infrastructure Attack,14,Private Citizens & Property,75,Village/City/Town/Suburb,Al Jarua Village,Village,95,Iraq,NA,NA,NA,NA,NA,NA,NA,NA,NA,NA,NA,NA,NA,NA,NA,NA,Unknown,NA,NA,NA,NA,NA,"The specific motive is unknown; however, sources suspected that the incident was carried out in retaliation for the Islamic State of Iraq and the Levant (ISIL)'s ill treatment of the Yazidis.",0,NA,NA,0,-99,0,0,NA,NA,NA,NA,NA,NA,NA,NA,NA,5,Firearms,5,Unknown Gun Type,8,Incendiary,18,Arson/Fire,NA,NA,NA,NA,NA,NA,NA,NA,NA,7,0,0,NA,0,0,1,3,Minor (likely < $1 million),-99,Unspecified property was damaged in this attack.,1,7,0,NA,-99,NA,NA,0,NA,NA,NA,NA,NA,7,Unknown,-99,"Casualty and hostage numbers for this attack represent a division of a cumulative total of killed across incidents 201501260052, 201501260053, 201501260054, and 201501260055.","""Yazidi militias kill 25 Arab civilians in retaliation,"" EFE, January 27, 2015.","""Yazidi militias kill 25 Arab civilians in retaliation,"" Yahoo! India, January 27, 2015.",NA,START Primary Collection,-9,-9,0,-9,"201501260052, 201501260053, 201501260054, 201501260055",Unknown ||  ||  ||  ||  || ,"01/26/2015: Assailants attacked residents and buildings in Al Jarua village, near Rabia town, Nineveh governorate, Iraq. This was one of four coordinated raids on villages in the area on the same day. At least 25 civilians were killed, 27 people were kidnapped, and the villages were set on fire. The outcome of the kidnapping is unknown. No group claimed responsibility for the incidents. || The specific motive is unknown; however, sources suspected that the incident was carried out in retaliation for the Islamic State of Iraq and the Levant (ISIL)'s ill treatment of the Yazidis. || Casualty and hostage numbers for this attack represent a division of a cumulative total of killed across incidents 201501260052, 201501260053, 201501260054, and 201501260055.",2015,FALSE,FALSE,TRUE,TRUE,TRUE,FALSE,FALSE,TRUE,6,FALSE,TRUE,TRUE,probable_inspired,high_score_text_claim_signal
data/globalterrorismdb_0522dist.csv,201501260053,2015,1,26,NA,1,NA,95,Iraq,10,Middle East & North Africa,Nineveh,Rabiah,36.80398,42.093944,1,1,"The incident occurred in the Al Sayer village, near Rabiah.","01/26/2015: Assailants attacked residents and buildings in Al Sayer village, near Rabia town, Nineveh governorate, Iraq. This was one of four coordinated raids on villages in the area on the same day. At least 25 civilians were killed, 27 people were kidnapped, and the villages were set on fire. The outcome of the kidnapping is unknown. No group claimed responsibility for the incidents.",1,1,1,0,NA,NA,1,1,0,6,Hostage Taking (Kidnapping),2,Armed Assault,7,Facility/Infrastructure Attack,14,Private Citizens & Property,75,Village/City/Town/Suburb,Al Sayer Village,Village,95,Iraq,NA,NA,NA,NA,NA,NA,NA,NA,NA,NA,NA,NA,NA,NA,NA,NA,Unknown,NA,NA,NA,NA,NA,"The specific motive is unknown; however, sources suspected that the incident was carried out in retaliation for the Islamic State of Iraq and the Levant (ISIL)'s ill treatment of the Yazidis.",0,NA,NA,0,-99,0,0,NA,NA,NA,NA,NA,NA,NA,NA,NA,5,Firearms,5,Unknown Gun Type,8,Incendiary,18,Arson/Fire,NA,NA,NA,NA,NA,NA,NA,NA,NA,7,0,0,NA,0,0,1,3,Minor (likely < $1 million),-99,Unspecified property was damaged in this attack.,1,7,0,NA,-99,NA,NA,0,NA,NA,NA,NA,NA,7,Unknown,-99,"Casualty and hostage numbers for this attack represent a division of a cumulative total of killed across incidents 201501260052, 201501260053, 201501260054, and 201501260055.","""Yazidi militias kill 25 Arab civilians in retaliation,"" EFE, January 27, 2015.","""Yazidi militias kill 25 Arab civilians in retaliation,"" Yahoo! India, January 27, 2015.",NA,START Primary Collection,-9,-9,0,-9,"201501260052, 201501260053, 201501260054, 201501260055",Unknown ||  ||  ||  ||  || ,"01/26/2015: Assailants attacked residents and buildings in Al Sayer village, near Rabia town, Nineveh governorate, Iraq. This was one of four coordinated raids on villages in the area on the same day. At least 25 civilians were killed, 27 people were kidnapped, and the villages were set on fire. The outcome of the kidnapping is unknown. No group claimed responsibility for the incidents. || The specific motive is unknown; however, sources suspected that the incident was carried out in retaliation for the Islamic State of Iraq and the Levant (ISIL)'s ill treatment of the Yazidis. || Casualty and hostage numbers for this attack represent a division of a cumulative total of killed across incidents 201501260052, 201501260053, 201501260054, and 201501260055.",2015,FALSE,FALSE,TRUE,TRUE,TRUE,FALSE,FALSE,TRUE,6,FALSE,TRUE,TRUE,probable_inspired,high_score_text_claim_signal
data/globalterrorismdb_0522dist.csv,201501260054,2015,1,26,NA,1,NA,95,Iraq,10,Middle East & North Africa,Nineveh,Khazuka,36.595833,41.866111,1,0,NA,"01/26/2015: Assailants attacked residents and buildings in Khazuka village, Nineveh governorate, Iraq. This was one of four coordinated raids on villages in the area on the same day. At least 25 civilians were killed, 27 people were kidnapped, and the villages were set on fire. The outcome of the kidnapping is unknown. No group claimed responsibility for the incidents.",1,1,1,0,NA,NA,1,1,0,6,Hostage Taking (Kidnapping),2,Armed Assault,7,Facility/Infrastructure Attack,14,Private Citizens & Property,75,Village/City/Town/Suburb,Khazuka Village,Village,95,Iraq,NA,NA,NA,NA,NA,NA,NA,NA,NA,NA,NA,NA,NA,NA,NA,NA,Unknown,NA,NA,NA,NA,NA,"The specific motive is unknown; however, sources suspected that the incident was carried out in retaliation for the Islamic State of Iraq and the Levant (ISIL)'s ill treatment of the Yazidis.",0,NA,NA,0,-99,0,0,NA,NA,NA,NA,NA,NA,NA,NA,NA,5,Firearms,5,Unknown Gun Type,8,Incendiary,18,Arson/Fire,NA,NA,NA,NA,NA,NA,NA,NA,NA,6,0,0,NA,0,0,1,3,Minor (likely < $1 million),-99,Unspecified property was damaged in this attack.,1,7,0,NA,-99,NA,NA,0,NA,NA,NA,NA,NA,7,Unknown,-99,"Casualty and hostage numbers for this attack represent a division of a cumulative total of killed across incidents 201501260052, 201501260053, 201501260054, and 201501260055.","""Yazidi militias kill 25 Arab civilians in retaliation,"" EFE, January 27, 2015.","""Yazidi militias kill 25 Arab civilians in retaliation,"" Yahoo! India, January 27, 2015.",NA,START Primary Collection,-9,-9,0,-9,"201501260052, 201501260053, 201501260054, 201501260055",Unknown ||  ||  ||  ||  || ,"01/26/2015: Assailants attacked residents and buildings in Khazuka village, Nineveh governorate, Iraq. This was one of four coordinated raids on villages in the area on the same day. At least 25 civilians were killed, 27 people were kidnapped, and the villages were set on fire. The outcome of the kidnapping is unknown. No group claimed responsibility for the incidents. || The specific motive is unknown; however, sources suspected that the incident was carried out in retaliation for the Islamic State of Iraq and the Levant (ISIL)'s ill treatment of the Yazidis. || Casualty and hostage numbers for this attack represent a division of a cumulative total of killed across incidents 201501260052, 201501260053, 201501260054, and 201501260055.",2015,FALSE,FALSE,TRUE,TRUE,TRUE,FALSE,FALSE,TRUE,6,FALSE,TRUE,TRUE,probable_inspired,high_score_text_claim_signal
data/globalterrorismdb_0522dist.csv,201501260055,2015,1,26,NA,1,NA,95,Iraq,10,Middle East & North Africa,Nineveh,Sibaya,36.584047,41.951962,1,0,NA,"01/26/2015: Assailants attacked residents and buildings in Sibaya village, Nineveh governorate, Iraq. This was one of four coordinated raids on villages in the area on the same day. At least 25 civilians were killed, 27 people were kidnapped, and the villages were set on fire. The outcome of the kidnapping is unknown. No group claimed responsibility for the incidents.",1,1,1,0,NA,NA,1,1,0,6,Hostage Taking (Kidnapping),2,Armed Assault,7,Facility/Infrastructure Attack,14,Private Citizens & Property,75,Village/City/Town/Suburb,Sibaya Village,Village,95,Iraq,NA,NA,NA,NA,NA,NA,NA,NA,NA,NA,NA,NA,NA,NA,NA,NA,Unknown,NA,NA,NA,NA,NA,"The specific motive is unknown; however, sources suspected that the incident was carried out in retaliation for the Islamic State of Iraq and the Levant (ISIL)'s ill treatment of the Yazidis.",0,NA,NA,0,-99,0,0,NA,NA,NA,NA,NA,NA,NA,NA,NA,5,Firearms,5,Unknown Gun Type,8,Incendiary,18,Arson/Fire,NA,NA,NA,NA,NA,NA,NA,NA,NA,5,0,0,NA,0,0,1,3,Minor (likely < $1 million),-99,Unspecified property was damaged in this attack.,1,6,0,NA,-99,NA,NA,0,NA,NA,NA,NA,NA,7,Unknown,-99,"Casualty and hostage numbers for this attack represent a division of a cumulative total of killed across incidents 201501260052, 201501260053, 201501260054, and 201501260055.","""Yazidi militias kill 25 Arab civilians in retaliation,"" EFE, January 27, 2015.","""Yazidi militias kill 25 Arab civilians in retaliation,"" Yahoo! India, January 27, 2015.",NA,START Primary Collection,-9,-9,0,-9,"201501260052, 201501260053, 201501260054, 201501260055",Unknown ||  ||  ||  ||  || ,"01/26/2015: Assailants attacked residents and buildings in Sibaya village, Nineveh governorate, Iraq. This was one of four coordinated raids on villages in the area on the same day. At least 25 civilians were killed, 27 people were kidnapped, and the villages were set on fire. The outcome of the kidnapping is unknown. No group claimed responsibility for the incidents. || The specific motive is unknown; however, sources suspected that the incident was carried out in retaliation for the Islamic State of Iraq and the Levant (ISIL)'s ill treatment of the Yazidis. || Casualty and hostage numbers for this attack represent a division of a cumulative total of killed across incidents 201501260052, 201501260053, 201501260054, and 201501260055.",2015,FALSE,FALSE,TRUE,TRUE,TRUE,FALSE,FALSE,TRUE,6,FALSE,TRUE,TRUE,probable_inspired,high_score_text_claim_signal
data/globalterrorismdb_0522dist.csv,201504140078,2015,4,14,NA,0,NA,110,Lebanon,10,Middle East & North Africa,Beqaa,Arsal,34.184603,36.424013,1,0,NA,"04/14/2015: Assailants opened fire on Syrian nationals in Arsal town, Beqaa governorate, Lebanon. One person was killed and another was wounded in the attack. No group claimed responsibility for the incident.",1,1,1,0,NA,NA,0,1,0,2,Armed Assault,NA,NA,NA,NA,14,Private Citizens & Property,68,Named Civilian,Not Applicable,"Civilians: Moussa Haidar, Qassem Wehbi",200,Syria,NA,NA,NA,NA,NA,NA,NA,NA,NA,NA,NA,NA,NA,NA,NA,NA,Unknown,NA,NA,NA,NA,NA,"The specific motive is unknown; however, sources noted that one of the victims, Moussa Haidar, was the brother of an Islamic State of Iraq and the Levant (ISIL) commander.",0,NA,NA,0,-99,0,0,NA,NA,NA,NA,NA,NA,NA,NA,NA,5,Firearms,5,Unknown Gun Type,NA,NA,NA,NA,NA,NA,NA,NA,NA,NA,NA,NA,NA,1,0,0,1,0,0,0,NA,NA,NA,NA,0,NA,NA,NA,NA,NA,NA,NA,NA,NA,NA,NA,NA,NA,NA,NA,NA,"""Syrian man killed, another wounded in Arsal shooting,"" The Daily Star Online, April 14, 2015.",NA,NA,START Primary Collection,-9,-9,1,1,NA,Unknown ||  ||  ||  ||  || ,"04/14/2015: Assailants opened fire on Syrian nationals in Arsal town, Beqaa governorate, Lebanon. One person was killed and another was wounded in the attack. No group claimed responsibility for the incident. || The specific motive is unknown; however, sources noted that one of the victims, Moussa Haidar, was the brother of an Islamic State of Iraq and the Levant (ISIL) commander. || ",2015,FALSE,FALSE,TRUE,TRUE,TRUE,FALSE,FALSE,TRUE,6,FALSE,TRUE,TRUE,probable_inspired,high_score_text_claim_signal
data/globalterrorismdb_0522dist.csv,201505080061,2015,5,8,NA,0,NA,95,Iraq,10,Middle East & North Africa,Saladin,Tikrit,34.621521,43.668375,1,0,The incident occurred in northern Tikrit,"05/08/2015: A suicide bomber detonated an explosives-laden vehicle targeting Anad al-Jabouri in northern Tikrit, Saladin, Iraq. Jabouri, the Saladin governor, was not harmed; however, one guard and the assailant were killed and three guards were injured in the blast. No group claimed responsibility for the incident.",1,1,1,0,NA,NA,0,0,1,1,Assassination,NA,NA,NA,NA,2,Government (General),15,Politician or Political Party Movement/Meeting/Rally,Government of Saladin,Governor: Anad al-Jabouri,95,Iraq,NA,NA,NA,NA,NA,NA,NA,NA,NA,NA,NA,NA,NA,NA,NA,NA,Unknown,NA,NA,NA,NA,NA,"The specific motive is unknown; however, sources suspected that Anad al-Jabouri may have been targeted in retaliation for the killing of an Islamic State of Iraq and the Levant (ISIL) commander.",0,NA,NA,0,1,0,0,NA,NA,NA,NA,NA,NA,NA,NA,NA,6,Explosives,15,Vehicle,NA,NA,NA,NA,NA,NA,NA,NA,NA,NA,NA,NA,NA,2,0,1,3,0,0,0,NA,NA,NA,NA,0,NA,NA,NA,NA,NA,NA,NA,NA,NA,NA,NA,NA,NA,NA,NA,NA,"""Iraq: Salahuddin Governor Escapes Assassination Attempt in Tikrit,"" Thai News Service, May 11, 2015.","""Salahuddin Governor Escapes Assassination Attempt in Tikrit,"" Fars News Agency, May 8, 2015.",NA,START Primary Collection,-9,-9,0,-9,NA,Unknown ||  ||  ||  ||  || ,"05/08/2015: A suicide bomber detonated an explosives-laden vehicle targeting Anad al-Jabouri in northern Tikrit, Saladin, Iraq. Jabouri, the Saladin governor, was not harmed; however, one guard and the assailant were killed and three guards were injured in the blast. No group claimed responsibility for the incident. || The specific motive is unknown; however, sources suspected that Anad al-Jabouri may have been targeted in retaliation for the killing of an Islamic State of Iraq and the Levant (ISIL) commander. || ",2015,FALSE,FALSE,TRUE,TRUE,TRUE,FALSE,FALSE,TRUE,6,FALSE,TRUE,TRUE,probable_inspired,high_score_text_claim_signal
data/globalterrorismdb_0522dist.csv,201508070082,2015,8,7,NA,0,NA,167,Russia,9,Eastern Europe,Moscow,Moscow,55.751378,37.579914,1,1,The incident occurred near the Ryazansky Prospekt metro station,"08/07/2015: Assailants attacked and stabbed Khairiddin Abdullah near Ryazansky Prospekt metro station in Moscow city, Russia. Abdullah, a Tajik Muslim cleric, was wounded in the attack. No group claimed responsibility for the incident.",1,1,1,0,NA,NA,0,1,0,2,Armed Assault,NA,NA,NA,NA,15,Religious Figures/Institutions,85,Religious Figure,Unknown,Cleric: Khairiddin Abdullah,202,Tajikistan,NA,NA,NA,NA,NA,NA,NA,NA,NA,NA,NA,NA,NA,NA,NA,NA,Unknown,NA,NA,NA,NA,NA,"The specific motive is unknown; however, sources noted that Khairiddin Abdullah was critical of the Islamic State of Iraq and the Levant (ISIL).",0,NA,NA,0,-99,0,0,NA,NA,NA,NA,NA,NA,NA,NA,NA,9,Melee,23,Knife or Other Sharp Object,NA,NA,NA,NA,NA,NA,NA,NA,NA,NA,NA,NA,Knives were used in the attack.,0,0,0,1,0,0,0,NA,NA,NA,NA,0,NA,NA,NA,NA,NA,NA,NA,NA,NA,NA,NA,NA,NA,NA,NA,NA,"""Tajik cleric assaulted in Moscow,"" World Bulletin, August 11, 2015.","""Tajikistan concerned about Moscow attack on religious scholar urging fighting of Islamic State,"" Central Asia General Newswire, August 10, 2015.",NA,START Primary Collection,-9,-9,1,1,NA,Unknown ||  ||  ||  ||  || ,"08/07/2015: Assailants attacked and stabbed Khairiddin Abdullah near Ryazansky Prospekt metro station in Moscow city, Russia. Abdullah, a Tajik Muslim cleric, was wounded in the attack. No group claimed responsibility for the incident. || The specific motive is unknown; however, sources noted that Khairiddin Abdullah was critical of the Islamic State of Iraq and the Levant (ISIL). || ",2015,FALSE,FALSE,TRUE,TRUE,TRUE,FALSE,FALSE,TRUE,6,FALSE,TRUE,TRUE,probable_inspired,high_score_text_claim_signal
data/globalterrorismdb_0522dist.csv,201511150060,2015,11,15,NA,0,NA,603,United Kingdom,8,Western Europe,Scotland,Methil,56.184843,-3.016402,1,0,NA,"11/15/2015: Assailants assaulted a Muslim restaurant owner outside a fast food restaurant in Methil city, Scotland, United Kingdom. The restaurant owner and his wife were injured in the assault. No group claimed responsibility for the incident; however, sources noted that the assailants shouted anti-Muslim slurs and referenced the recent attacks in Paris.",1,1,1,0,NA,NA,0,1,0,8,Unarmed Assault,NA,NA,NA,NA,14,Private Citizens & Property,69,Religion Identified,Not Applicable,Muslim Civilian: Mohammed Khalid,216,Great Britain,NA,NA,NA,NA,NA,NA,NA,NA,NA,NA,NA,NA,NA,NA,NA,NA,Unknown,NA,NA,NA,NA,NA,"The specific motive is unknown; however, sources noted that the assailants referenced the Paris attacks and the Islamic State of Iraq and the Levant (ISIL) during the attack.",0,NA,NA,0,15,2,0,NA,NA,NA,NA,NA,NA,NA,NA,NA,9,Melee,22,"Hands, Feet, Fists",NA,NA,NA,NA,NA,NA,NA,NA,NA,NA,NA,NA,NA,0,0,0,2,0,0,0,NA,NA,NA,NA,0,NA,NA,NA,NA,NA,NA,NA,NA,NA,NA,NA,NA,NA,NA,NA,NA,"""A Scottish Man Hospitalised After His Family Was Attacked Outside Of His Restaurant,"" BuzzFeed, November 17, 2015.","""Paris attacks: Fife takeaway owner seriously injured in 'revenge' assault,"" International Business Times UK, November 16, 2015.","""Shocking moment Muslim takeaway workers are attacked by gang of thugs 'shouting ISIS' 24 hours after Paris terror attacks,"" Mail Online UK, November 18, 2015.",START Primary Collection,-9,-9,1,1,NA,Unknown ||  ||  ||  ||  || ,"11/15/2015: Assailants assaulted a Muslim restaurant owner outside a fast food restaurant in Methil city, Scotland, United Kingdom. The restaurant owner and his wife were injured in the assault. No group claimed responsibility for the incident; however, sources noted that the assailants shouted anti-Muslim slurs and referenced the recent attacks in Paris. || The specific motive is unknown; however, sources noted that the assailants referenced the Paris attacks and the Islamic State of Iraq and the Levant (ISIL) during the attack. || ",2015,FALSE,FALSE,TRUE,TRUE,TRUE,FALSE,FALSE,TRUE,6,FALSE,TRUE,TRUE,probable_inspired,high_score_text_claim_signal
data/globalterrorismdb_0522dist.csv,201512220028,2015,12,22,NA,0,NA,60,Egypt,10,Middle East & North Africa,North Sinai,Arish,31.126646,33.800864,1,0,The incident occurred along July 23 Street.,"12/22/2015: An explosive device detonated targeting an armored police vehicle on July 23 Street, Arish city, North Sinai governorate, Egypt. A civilian and a police officer were injured in the blast. No group claimed responsibility for the incident.",1,1,1,0,NA,NA,0,1,0,3,Bombing/Explosion,NA,NA,NA,NA,3,Police,23,Police Patrol (including vehicles and convoys),Central Security Forces (CSF),Armed Personnel Carrier,60,Egypt,14,Private Citizens & Property,67,Unnamed Civilian/Unspecified,Not Applicable,Civilian,60,Egypt,NA,NA,NA,NA,NA,NA,NA,NA,Unknown,NA,NA,NA,NA,NA,"The specific motive is unknown; however, sources suspected that the attack may have been carried out in response to the death of Sinai Province of the Islamic State members the previous day.",0,NA,NA,0,-99,0,0,NA,NA,NA,NA,NA,NA,NA,NA,NA,6,Explosives,12,Remote Trigger,NA,NA,NA,NA,NA,NA,NA,NA,NA,NA,NA,NA,A roadside remote-detonated explosive device was used in the attack.,0,0,0,2,0,0,-9,NA,NA,NA,It is unknown if any property was damaged in this attack.,0,NA,NA,NA,NA,NA,NA,NA,NA,NA,NA,NA,NA,NA,NA,NA,"Casualty numbers for this attack conflict across sources. Following GTD protocol, the lowest reliable estimates are reported here.","""Separate Sinai explosions injure 10, including conscripts and civilians,"" MENAFN, December 23, 2015.","""Soldier, civilian injured in Arish IED blast,"" Egypt Independent, December 22, 2015.","""Egypt: Roadside Bomb Reportedly Injures Policeman, Civilian in North Sinai,"" Ahram Online, December 22, 2015.",START Primary Collection,-9,-9,0,-9,NA,Unknown ||  ||  ||  ||  || ,"12/22/2015: An explosive device detonated targeting an armored police vehicle on July 23 Street, Arish city, North Sinai governorate, Egypt. A civilian and a police officer were injured in the blast. No group claimed responsibility for the incident. || The specific motive is unknown; however, sources suspected that the attack may have been carried out in response to the death of Sinai Province of the Islamic State members the previous day. || Casualty numbers for this attack conflict across sources. Following GTD protocol, the lowest reliable estimates are reported here.",2015,FALSE,FALSE,TRUE,TRUE,TRUE,FALSE,FALSE,TRUE,6,FALSE,TRUE,TRUE,probable_inspired,high_score_text_claim_signal
data/globalterrorismdb_0522dist.csv,201512220029,2015,12,22,NA,0,NA,60,Egypt,10,Middle East & North Africa,North Sinai,Sheikh Zuweid,31.212225,34.117064,1,0,NA,"12/22/2015: An explosive device detonated targeting a military vehicle in Sheikh Zuweid, North Sinai governorate, Egypt. Seven soldiers were injured in the blast. No group claimed responsibility for the incident.",1,1,0,1,1,Insurgency/Guerilla Action,0,1,0,3,Bombing/Explosion,NA,NA,NA,NA,4,Military,35,Military Transportation/Vehicle (excluding convoys),Egyptian Armed Forces,Vehicle,60,Egypt,NA,NA,NA,NA,NA,NA,NA,NA,NA,NA,NA,NA,NA,NA,NA,NA,Unknown,NA,NA,NA,NA,NA,"The specific motive is unknown; however, sources suspected that the attack may have been carried out in response to the death of Sinai Province of the Islamic State members the previous day.",0,NA,NA,0,-99,0,0,NA,NA,NA,NA,NA,NA,NA,NA,NA,6,Explosives,16,Unknown Explosive Type,NA,NA,NA,NA,NA,NA,NA,NA,NA,NA,NA,NA,A roadside explosive device was used in the attack.,0,0,0,7,0,0,-9,NA,NA,NA,It is unknown if any property was damaged in this attack.,0,NA,NA,NA,NA,NA,NA,NA,NA,NA,NA,NA,NA,NA,NA,NA,NA,"""Separate Sinai explosions injure 10, including conscripts and civilians,"" MENAFN, December 23, 2015.",NA,NA,START Primary Collection,-9,-9,0,-9,NA,Unknown ||  ||  ||  ||  || ,"12/22/2015: An explosive device detonated targeting a military vehicle in Sheikh Zuweid, North Sinai governorate, Egypt. Seven soldiers were injured in the blast. No group claimed responsibility for the incident. || The specific motive is unknown; however, sources suspected that the attack may have been carried out in response to the death of Sinai Province of the Islamic State members the previous day. || ",2015,FALSE,FALSE,TRUE,TRUE,TRUE,FALSE,FALSE,TRUE,6,FALSE,TRUE,TRUE,probable_inspired,high_score_text_claim_signal
data/globalterrorismdb_0522dist.csv,201610280028,2016,10,28,NA,0,NA,200,Syria,10,Middle East & North Africa,Aleppo,Aleppo,36.18057,37.224296,1,0,The incident occurred in the Al Nayrab airbase.,"10/28/2016: Assailants fired rockets at the Syrian Air and Air Defense Forces Al-Nayrab Military Airport in eastern Aleppo city, Syria. An unknown number of Russian Armed Forces soldiers were injured in the attack. Ahrar al-Sham, the Shamiya Front, and the Free Idlib Army all claimed responsibility for the incident. Sources also attributed the attack to the Islamic State of Iraq and the Levant (ISIL).",1,1,0,1,1,Insurgency/Guerilla Action,0,1,0,3,Bombing/Explosion,NA,NA,NA,NA,4,Military,27,Military Barracks/Base/Headquarters/Checkpost,Syrian Air and Air Defense Forces,Al-Nayrab Military Airport,200,Syria,4,Military,34,"Military Personnel (soldiers, troops, officers, forces)",Russian Armed Forces,Soldiers,167,Russia,NA,NA,NA,NA,NA,NA,NA,NA,Ahrar al-Sham,NA,Shamiya Front,The Fastaqim Kama Umirta Gathering,Free Idlib Army,NA,NA,0,0,0,0,-99,0,1,6,Video,1,6,Video,1,7,"Posted to website, blog, etc.",0,6,Explosives,11,"Projectile (rockets, mortars, RPGs, etc.)",NA,NA,NA,NA,NA,NA,NA,NA,NA,NA,NA,NA,Grad rockets were used in the attack.,0,0,0,NA,0,NA,1,4,Unknown,-99,A military airbase was damaged in the attack.,0,NA,NA,NA,NA,NA,NA,NA,NA,NA,NA,NA,NA,NA,NA,NA,NA,"""Syria rebels 'push to break Aleppo siege',"" BBC, October 28, 2016.","""Syria rebels launch major offensive in Aleppo,"" USA Today, October 28, 2016.","""Syrian rebels launch Aleppo counter attack,"" The Australian, October 28, 2016.",START Primary Collection,0,1,1,1,NA,Ahrar al-Sham || Shamiya Front || Free Idlib Army ||  || The Fastaqim Kama Umirta Gathering || ,"10/28/2016: Assailants fired rockets at the Syrian Air and Air Defense Forces Al-Nayrab Military Airport in eastern Aleppo city, Syria. An unknown number of Russian Armed Forces soldiers were injured in the attack. Ahrar al-Sham, the Shamiya Front, and the Free Idlib Army all claimed responsibility for the incident. Sources also attributed the attack to the Islamic State of Iraq and the Levant (ISIL). ||  || ",2016,FALSE,FALSE,FALSE,TRUE,TRUE,FALSE,TRUE,TRUE,7,FALSE,FALSE,TRUE,probable_inspired,high_score_text_claim_signal
data/globalterrorismdb_0522dist.csv,201609110002,2016,9,11,NA,0,NA,104,Kenya,11,Sub-Saharan Africa,Mombasa,Mombasa,-4.041179,39.677613,1,0,NA,"09/11/2016: Three assailants, including a suicide bomber with an explosives-laden vest, used petrol bombs and a knife to attack a police station in Mombasa, Kenya. The three assailants were killed and two police officers were injured in the ensuing clash. During the assault, the assailants claimed to be members of Al-Shabaab; however, they also left a note in which they pledged allegiance to the Islamic State of the Iraq and the Levant (ISIL). In addition, ISIL claimed responsibility for the incident, though the assailants' connection to ISIL could not be confirmed.",1,1,1,0,NA,NA,0,1,1,3,Bombing/Explosion,2,Armed Assault,NA,NA,3,Police,22,"Police Building (headquarters, station, school)",Kenya Police Service (KPS),Police Station,104,Kenya,NA,NA,NA,NA,NA,NA,NA,NA,NA,NA,NA,NA,NA,NA,NA,NA,Al-Shabaab,NA,NA,NA,NA,NA,"Individuals, identified as Ramla Abdulrahman Hussein; Maimuna Abdulrahman Hussein; Tasnim Yakub Abdullahi Farah, claimed responsibility for the incident and allegedly pledged allegiance to the Islamic State of Iraq and the Levant (ISIL).",0,NA,NA,0,3,0,1,8,Personal claim,NA,NA,NA,NA,NA,NA,NA,6,Explosives,13,Suicide (carried bodily by human being),8,Incendiary,19,Molotov Cocktail/Petrol Bomb,9,Melee,23,Knife or Other Sharp Object,NA,NA,NA,NA,"An explosives-laden vest, a petrol bomb, and knives were used in the attack.",3,0,3,2,0,0,1,3,Minor (likely < $1 million),-99,A police station was damaged in this attack.,0,NA,NA,NA,NA,NA,NA,NA,NA,NA,NA,NA,NA,NA,NA,NA,NA,"""Robed women petrol-bomb police station in Kenya's Mombasa,"" Reuters, September 11, 2016.","""Kenyan officers kill three veiled attackers in assault on police station,"" CNN, September 11, 2016.","""Kenyan police find note suggesting Islamic State link to Mombasa attack,"" Reuters Africa, September 15, 2016.",START Primary Collection,1,1,0,1,NA,Al-Shabaab ||  ||  ||  ||  || ,"09/11/2016: Three assailants, including a suicide bomber with an explosives-laden vest, used petrol bombs and a knife to attack a police station in Mombasa, Kenya. The three assailants were killed and two police officers were injured in the ensuing clash. During the assault, the assailants claimed to be members of Al-Shabaab; however, they also left a note in which they pledged allegiance to the Islamic State of the Iraq and the Levant (ISIL). In addition, ISIL claimed responsibility for the incident, though the assailants' connection to ISIL could not be confirmed. || Individuals, identified as Ramla Abdulrahman Hussein; Maimuna Abdulrahman Hussein; Tasnim Yakub Abdullahi Farah, claimed responsibility for the incident and allegedly pledged allegiance to the Islamic State of Iraq and the Levant (ISIL). || ",2016,FALSE,FALSE,FALSE,TRUE,TRUE,FALSE,TRUE,TRUE,7,FALSE,FALSE,TRUE,probable_inspired,high_score_text_claim_signal
data/globalterrorismdb_0522dist.csv,201610080034,2016,10,8,NA,0,NA,6,Algeria,10,Middle East & North Africa,Skikda,Tamalous,36.835703,6.645026,1,1,NA,"10/08/2016: An explosive device detonated targeting a People's National Army (PNA) convoy near Tamalous, Skikda, Algeria. No casualties were reported in the blast. The Algeria Province of the Islamic State claimed responsibility for the incident.",1,1,0,1,1,Insurgency/Guerilla Action,0,1,0,3,Bombing/Explosion,NA,NA,NA,NA,4,Military,29,Military Unit/Patrol/Convoy,People’s National Army (ANP),Convoy,6,Algeria,NA,NA,NA,NA,NA,NA,NA,NA,NA,NA,NA,NA,NA,NA,NA,NA,Algeria Province of the Islamic State,NA,NA,NA,NA,NA,NA,0,NA,NA,0,-99,0,1,7,"Posted to website, blog, etc.",NA,NA,NA,NA,NA,NA,NA,6,Explosives,16,Unknown Explosive Type,NA,NA,NA,NA,NA,NA,NA,NA,NA,NA,NA,NA,NA,0,0,0,0,0,0,-9,NA,NA,NA,NA,0,NA,NA,NA,NA,NA,NA,NA,NA,NA,NA,NA,NA,NA,NA,NA,NA,"""Islamic State Announce Start of Algerian Operations,"" Tunisia Live, October 11, 2016.",NA,NA,START Primary Collection,0,0,0,0,NA,Algeria Province of the Islamic State ||  ||  ||  ||  || ,"10/08/2016: An explosive device detonated targeting a People's National Army (PNA) convoy near Tamalous, Skikda, Algeria. No casualties were reported in the blast. The Algeria Province of the Islamic State claimed responsibility for the incident. ||  || ",2016,FALSE,FALSE,FALSE,TRUE,TRUE,FALSE,TRUE,TRUE,7,FALSE,FALSE,TRUE,probable_inspired,high_score_text_claim_signal
data/globalterrorismdb_0522dist.csv,201610280018,2016,10,29,NA,0,NA,6,Algeria,10,Middle East & North Africa,Constantine,Constantine,36.382601,6.633713,1,0,"The incident occurred in the Ziadia area of the city, in Constantine district.","10/29/2016: Three assailants shot and killed a police officer in Ziadia area, Constantine, Algeria. The Algeria Province of the Islamic State claimed responsibility for the incident.",1,1,1,0,NA,NA,0,1,0,2,Armed Assault,NA,NA,NA,NA,3,Police,25,Police Security Forces/Officers,Algerian Police,Officer,6,Algeria,NA,NA,NA,NA,NA,NA,NA,NA,NA,NA,NA,NA,NA,NA,NA,NA,Algeria Province of the Islamic State,NA,NA,NA,NA,NA,NA,0,NA,NA,0,3,0,1,7,"Posted to website, blog, etc.",NA,NA,NA,NA,NA,NA,NA,5,Firearms,5,Unknown Gun Type,NA,NA,NA,NA,NA,NA,NA,NA,NA,NA,NA,NA,NA,1,0,0,0,0,0,0,NA,NA,NA,NA,0,NA,NA,NA,NA,NA,NA,NA,NA,NA,NA,NA,NA,NA,NA,NA,NA,"""IS claims killing of Algerian police officer,"" San Francisco Chronicle, October 30, 2016.","""Algeria forces hunt militants after policeman assassinated,"" Reuters Africa, October 30, 2016.","""Police killed by IS-linked terrorists in eastern Algeria,"" Xinhua General News Service, October 29, 2016.",START Primary Collection,0,0,0,0,NA,Algeria Province of the Islamic State ||  ||  ||  ||  || ,"10/29/2016: Three assailants shot and killed a police officer in Ziadia area, Constantine, Algeria. The Algeria Province of the Islamic State claimed responsibility for the incident. ||  || ",2016,FALSE,FALSE,FALSE,TRUE,TRUE,FALSE,TRUE,TRUE,7,FALSE,FALSE,TRUE,probable_inspired,high_score_text_claim_signal
data/globalterrorismdb_0522dist.csv,201609270018,2016,9,27,NA,0,NA,153,Pakistan,6,South Asia,Balochistan,Gichak,27.042338,64.916542,1,0,The incident occurred in Panjgur district.,"09/27/2016: Assailants shot and killed a Levies Forces officer in Gichak, Panjgur district, Balochistan, Pakistan. The Baloch Liberation Front (BLF) claimed responsibility for the attack and accused the victim of being affiliated with the Islamic State of Iraq and the Levant (ISIL).",1,1,1,0,NA,NA,0,1,0,2,Armed Assault,NA,NA,NA,NA,3,Police,25,Police Security Forces/Officers,Levies Forces,Officer: Muhammad Niaz,153,Pakistan,NA,NA,NA,NA,NA,NA,NA,NA,NA,NA,NA,NA,NA,NA,NA,NA,Baloch Liberation Front (BLF),NA,NA,NA,NA,NA,The Baloch Liberation Front (BLF) claimed responsibility for the incident and accused Muhammad Niaz of being affiliated with the Islamic State of Iraq and the Levant (ISIL).,0,NA,NA,0,-99,0,1,2,Call (post-incident),NA,NA,NA,NA,NA,NA,NA,5,Firearms,5,Unknown Gun Type,NA,NA,NA,NA,NA,NA,NA,NA,NA,NA,NA,NA,NA,1,0,0,0,0,0,0,NA,NA,NA,NA,0,NA,NA,NA,NA,NA,NA,NA,NA,NA,NA,NA,NA,NA,NA,NA,NA,"""Levies official shot dead,"" Dawn (Pakistan), September 27, 2016.","""Balochistan violence: Levies man gunned down in Panjgur,"" The Express Tribune, September 26, 2016.","""Highlights: Pakistan Balochistan Press 29 September 2016,"" Summary, September 29, 2016.",START Primary Collection,0,0,0,0,NA,Baloch Liberation Front (BLF) ||  ||  ||  ||  || ,"09/27/2016: Assailants shot and killed a Levies Forces officer in Gichak, Panjgur district, Balochistan, Pakistan. The Baloch Liberation Front (BLF) claimed responsibility for the attack and accused the victim of being affiliated with the Islamic State of Iraq and the Levant (ISIL). || The Baloch Liberation Front (BLF) claimed responsibility for the incident and accused Muhammad Niaz of being affiliated with the Islamic State of Iraq and the Levant (ISIL). || ",2016,FALSE,FALSE,FALSE,TRUE,TRUE,FALSE,TRUE,TRUE,7,FALSE,FALSE,TRUE,probable_inspired,high_score_text_claim_signal
data/globalterrorismdb_0522dist.csv,201612120005,2016,12,12,NA,0,NA,153,Pakistan,6,South Asia,Balochistan,Turbat,25.999413,63.047451,1,0,NA,"12/12/2016: Assailants threw a grenade at a Balochistan National Party (BNP) office in Turbat, Balochistan, Pakistan. At least eight workers were injured in the blast. The Baloch Liberation Front (BLF) claimed responsibility for the attack and accused the BNP of conspiring with the Khorasan Chapter of the Islamic State.",1,1,1,0,NA,NA,0,1,0,3,Bombing/Explosion,NA,NA,NA,NA,14,Private Citizens & Property,84,Political Party Member/Rally,Balochistan National Party (BNP),Office,153,Pakistan,NA,NA,NA,NA,NA,NA,NA,NA,NA,NA,NA,NA,NA,NA,NA,NA,Baloch Liberation Front (BLF),NA,NA,NA,NA,NA,The Baloch Liberation Front (BLF) claimed responsibility for the incident and accused the Balochistan National Party (BNP) of conspiring with the Khorasan Chapter of the Islamic State.,0,NA,NA,0,-99,0,1,2,Call (post-incident),NA,NA,NA,NA,NA,NA,NA,6,Explosives,7,Grenade,NA,NA,NA,NA,NA,NA,NA,NA,NA,NA,NA,NA,NA,0,0,0,9,0,0,1,4,Unknown,-99,An office was damaged in this attack.,0,NA,NA,NA,NA,NA,NA,NA,NA,NA,NA,NA,NA,NA,NA,NA,"Casualty numbers conflict across sources. Following GTD protocol, the most reliable estimates are reported here.","""Seven injured in grenade attack on National Party's office in Turbat,"" DAWN Group, December 12, 2016.","""Highlights: Pakistan Balochistan Press 14 December 2016,"" Summary, December 14, 2016.",NA,START Primary Collection,0,0,0,0,NA,Baloch Liberation Front (BLF) ||  ||  ||  ||  || ,"12/12/2016: Assailants threw a grenade at a Balochistan National Party (BNP) office in Turbat, Balochistan, Pakistan. At least eight workers were injured in the blast. The Baloch Liberation Front (BLF) claimed responsibility for the attack and accused the BNP of conspiring with the Khorasan Chapter of the Islamic State. || The Baloch Liberation Front (BLF) claimed responsibility for the incident and accused the Balochistan National Party (BNP) of conspiring with the Khorasan Chapter of the Islamic State. || Casualty numbers conflict across sources. Following GTD protocol, the most reliable estimates are reported here.",2016,FALSE,FALSE,FALSE,TRUE,TRUE,FALSE,TRUE,TRUE,7,FALSE,FALSE,TRUE,probable_inspired,high_score_text_claim_signal
data/globalterrorismdb_0522dist.csv,201606080019,2016,6,8,NA,0,NA,97,Israel,10,Middle East & North Africa,Tel Aviv,Tel Aviv,32.08297,34.811886,1,0,NA,"06/08/2016: Two assailants opened fire on civilians at Sarona market in Tel Aviv, Israel. At least four civilians were killed and 17 others, including an assailant, were injured in the attack. Hamas (Islamic Resistance Movement) claimed responsibility for the incident.",1,1,1,0,NA,NA,0,1,0,2,Armed Assault,NA,NA,NA,NA,14,Private Citizens & Property,74,Marketplace/Plaza/Square,Sarona Market,Market,97,Israel,NA,NA,NA,NA,NA,NA,NA,NA,NA,NA,NA,NA,NA,NA,NA,NA,Hamas (Islamic Resistance Movement),NA,NA,NA,NA,NA,"The specific motive is unknown; however, sources noted that Shin Bet, an Israeli security agency, stated that the assailants were inspired by the Islamic State of Iraq and the Levant (ISIL).",0,NA,NA,0,2,2,1,4,E-mail,NA,NA,NA,NA,NA,NA,NA,5,Firearms,5,Unknown Gun Type,NA,NA,NA,NA,NA,NA,NA,NA,NA,NA,NA,NA,NA,4,0,0,17,0,1,0,NA,NA,NA,NA,0,NA,NA,NA,NA,NA,NA,NA,NA,NA,NA,NA,NA,NA,NA,NA,"The victims included Ilana Nave, Mila Mishayev, Ido Ben Aryeh and Michael Feige. Casualty numbers for this incident conflict across sources. Following GTD protocol, the most recent reliable estimates are reported here.","""No time safe: A look at bloody attacks around the world this Ramzan,"" Hindustan Times, July 6, 2016.","""Israel says Tel Aviv attackers were 'inspired' by ISIS â€” and planned to dip knives in rat poison,"" The Washington Post, July 4, 2016.","""13-year-old Israeli girl stabbed to death in West Bank bedroom by Palestinian assailant,"" International Business Times UK, June 30, 2016.",START Primary Collection,1,0,0,1,NA,Hamas (Islamic Resistance Movement) ||  ||  ||  ||  || ,"06/08/2016: Two assailants opened fire on civilians at Sarona market in Tel Aviv, Israel. At least four civilians were killed and 17 others, including an assailant, were injured in the attack. Hamas (Islamic Resistance Movement) claimed responsibility for the incident. || The specific motive is unknown; however, sources noted that Shin Bet, an Israeli security agency, stated that the assailants were inspired by the Islamic State of Iraq and the Levant (ISIL). || The victims included Ilana Nave, Mila Mishayev, Ido Ben Aryeh and Michael Feige. Casualty numbers for this incident conflict across sources. Following GTD protocol, the most recent reliable estimates are reported here.",2016,FALSE,FALSE,FALSE,TRUE,TRUE,FALSE,TRUE,TRUE,7,FALSE,FALSE,TRUE,probable_inspired,high_score_text_claim_signal
data/globalterrorismdb_0522dist.csv,201607220005,2016,7,22,NA,0,NA,200,Syria,10,Middle East & North Africa,Aleppo,Aleppo,36.201721,37.143521,1,0,The incident occurred in the Khaldiyah neighborhood.,"07/22/2016: Assailants fired projectiles that landed and detonated in Khaldiyah neighborhood, Aleppo city, Syria. There were no reported casualties in the attack. Both Jaysh al-Islam (Syria) and Jaish al-Mujahideen (Syria) separately claimed responsibility for the incident. Sources also attributed the attack to Al-Nusrah Front and the Islamic State of Iraq and the Levant (ISIL).",1,1,1,0,NA,NA,0,1,0,3,Bombing/Explosion,NA,NA,NA,NA,14,Private Citizens & Property,75,Village/City/Town/Suburb,al-Khalidiyah Village,Village,200,Syria,NA,NA,NA,NA,NA,NA,NA,NA,NA,NA,NA,NA,NA,NA,NA,NA,Jaysh al-Islam (Syria),NA,Jaish al-Mujahideen (Syria),NA,Al-Nusrah Front,NA,NA,0,0,0,0,-99,0,1,7,"Posted to website, blog, etc.",1,7,"Posted to website, blog, etc.",0,NA,NA,1,6,Explosives,11,"Projectile (rockets, mortars, RPGs, etc.)",NA,NA,NA,NA,NA,NA,NA,NA,NA,NA,NA,NA,"Humaym rockets, Umar missiles, and mortars were used in the attack.",0,0,0,0,0,0,-9,NA,NA,NA,NA,0,NA,NA,NA,NA,NA,NA,NA,NA,NA,NA,NA,NA,NA,NA,NA,NA,"""Russian Terrorism and Counterterrorism Highlights 22 July 2016,"" Summary, July 22, 2016.","""Syria: Alleged Cease-Fire Violations by Regime, Allies; Anti-Regime Hostilities 22 July 2016,"" Summary, July 22, 2016.",NA,START Primary Collection,0,0,0,0,NA,Jaysh al-Islam (Syria) || Jaish al-Mujahideen (Syria) || Al-Nusrah Front ||  ||  || ,"07/22/2016: Assailants fired projectiles that landed and detonated in Khaldiyah neighborhood, Aleppo city, Syria. There were no reported casualties in the attack. Both Jaysh al-Islam (Syria) and Jaish al-Mujahideen (Syria) separately claimed responsibility for the incident. Sources also attributed the attack to Al-Nusrah Front and the Islamic State of Iraq and the Levant (ISIL). ||  || ",2016,FALSE,FALSE,FALSE,TRUE,TRUE,FALSE,TRUE,TRUE,7,FALSE,FALSE,TRUE,probable_inspired,high_score_text_claim_signal
data/globalterrorismdb_0522dist.csv,201601070024,2016,1,7,NA,0,NA,217,United States,1,North America,Pennsylvania,Philadelphia,40.009319,-75.133373,1,0,The incident occurred at the intersection of 60th and Spruce streets.,"01/07/2016: An assailant shot and injured police officer Jesse Hartnett in Philadelphia, Pennsylvania, United States. Hartnett returned fire and injured the assailant as he attempted to flee. The assailant, identified as Edward Archer, stated that he carried out the attack ""in the name of Islam."" Archer also pledged allegiance to the Islamic State of Iraq and the Levant (ISIL).",1,1,1,0,NA,NA,0,1,0,2,Armed Assault,NA,NA,NA,NA,3,Police,25,Police Security Forces/Officers,Philadelphia City Police,Officer: Jesse Hartnet,217,United States,NA,NA,NA,NA,NA,NA,NA,NA,NA,NA,NA,NA,NA,NA,NA,NA,Jihadi-inspired extremists,NA,NA,NA,NA,NA,"An unaffiliated individual, identified as Edward Archer, claimed responsibility for the incident and stated that he carried out the attack ""in the name of Islam."" Archer also pledged allegiance to the Islamic State of Iraq and the Levant (ISIL).",0,NA,NA,1,1,1,1,8,Personal claim,NA,NA,NA,NA,NA,NA,NA,5,Firearms,3,Handgun,NA,NA,NA,NA,NA,NA,NA,NA,NA,NA,NA,NA,A semiautomatic pistol was used in the attack.,0,0,0,2,2,0,1,3,Minor (likely < $1 million),-99,A police vehicle was damaged in this attack.,0,NA,NA,NA,NA,NA,NA,NA,NA,NA,NA,NA,NA,NA,NA,NA,NA,"""Philly Officer Heads Home 2 Weeks After Ambush,"" NBC Philadelphia, January 22, 2016.","""Islamic State sympathiser shoots Philadelphia police officer,"" Telegraph, January 11, 2016.","""Philly cop wounded in street ambush,"" USA Today, January 8, 2016.",START Primary Collection,-9,-9,0,-9,NA,Jihadi-inspired extremists ||  ||  ||  ||  || ,"01/07/2016: An assailant shot and injured police officer Jesse Hartnett in Philadelphia, Pennsylvania, United States. Hartnett returned fire and injured the assailant as he attempted to flee. The assailant, identified as Edward Archer, stated that he carried out the attack ""in the name of Islam."" Archer also pledged allegiance to the Islamic State of Iraq and the Levant (ISIL). || An unaffiliated individual, identified as Edward Archer, claimed responsibility for the incident and stated that he carried out the attack ""in the name of Islam."" Archer also pledged allegiance to the Islamic State of Iraq and the Levant (ISIL). || ",2016,FALSE,TRUE,FALSE,TRUE,TRUE,FALSE,TRUE,TRUE,9,TRUE,FALSE,TRUE,probable_inspired,high_score_text_claim_signal
data/globalterrorismdb_0522dist.csv,201601070025,2016,1,7,NA,0,NA,69,France,8,Western Europe,Ile-de-France,Paris,48.856642,2.34233,1,0,The incident occurred in the Goutte d'Or neighborhood.,"01/07/2016: An assailant armed with a knife and a fake explosives-laden belt attempted to attack a police station in Goutte d'Or, Paris, France. Police officers shot and killed the assailant and there were no other reported casualties. The assailant, identified as Sallah Ali, stated that the attack was carried out in retaliation for French military operations in Syria. Ali also pledged allegiance to the Islamic State of Iraq and the Levant (ISIL).",1,1,1,0,NA,NA,0,0,0,2,Armed Assault,NA,NA,NA,NA,3,Police,22,"Police Building (headquarters, station, school)",National Gendarmerie,Police Station,69,France,NA,NA,NA,NA,NA,NA,NA,NA,NA,NA,NA,NA,NA,NA,NA,NA,Jihadi-inspired extremists,NA,NA,NA,NA,NA,"An unaffiliated individual, identified as Sallah Ali, claimed responsibility for the incident and stated that the attack was carried out in retaliation for French military operations in Syria. Ali also pledged allegiance to the Islamic State of Iraq and the Levant (ISIL).",0,NA,NA,1,1,0,1,5,Note left at scene,NA,NA,NA,NA,NA,NA,NA,9,Melee,23,Knife or Other Sharp Object,7,Fake Weapons,NA,NA,NA,NA,NA,NA,NA,NA,NA,NA,A cleaver and a fake explosives-laden belt were used in the attack.,1,0,1,0,0,0,0,NA,NA,NA,NA,0,NA,NA,NA,NA,NA,NA,NA,NA,NA,NA,NA,NA,NA,NA,NA,NA,"""Armed Man in Fake Suicide Vest Is Killed by Paris Police,"" The New York Times, January 8, 2016.","""Jihadist shot dead attacking police on Charlie Hebdo anniversary,"" Agence France-Presse Top News (English), t, January 7, 2016.","""Knifeman shot dead trying to enter Paris police station 'had fake suicide belt',"" EuroNews, January 7, 2016.",START Primary Collection,-9,-9,0,-9,NA,Jihadi-inspired extremists ||  ||  ||  ||  || ,"01/07/2016: An assailant armed with a knife and a fake explosives-laden belt attempted to attack a police station in Goutte d'Or, Paris, France. Police officers shot and killed the assailant and there were no other reported casualties. The assailant, identified as Sallah Ali, stated that the attack was carried out in retaliation for French military operations in Syria. Ali also pledged allegiance to the Islamic State of Iraq and the Levant (ISIL). || An unaffiliated individual, identified as Sallah Ali, claimed responsibility for the incident and stated that the attack was carried out in retaliation for French military operations in Syria. Ali also pledged allegiance to the Islamic State of Iraq and the Levant (ISIL). || ",2016,FALSE,TRUE,FALSE,TRUE,TRUE,FALSE,TRUE,TRUE,9,TRUE,FALSE,TRUE,probable_inspired,high_score_text_claim_signal
data/globalterrorismdb_0522dist.csv,201601110021,2016,1,11,NA,0,NA,121,Malaysia,5,Southeast Asia,Kedah,Sungai Petani,5.642885,100.489173,1,0,NA,"01/11/2016: An assailant held a woman at knife point at a shopping complex in Sungai Petani, Kedah state, Malaysia. Police arrested the suspect and there were no reported casualties in the attack. Sources noted that the assailant was influenced by the Islamic State of Iraq and the Levant (ISIL) and wanted to portray his capacity for carrying out violent attacks.",1,1,1,0,NA,NA,0,1,0,5,Hostage Taking (Barricade Incident),NA,NA,NA,NA,14,Private Citizens & Property,67,Unnamed Civilian/Unspecified,Not Applicable,Civilian,121,Malaysia,NA,NA,NA,NA,NA,NA,NA,NA,NA,NA,NA,NA,NA,NA,NA,NA,Jihadi-inspired extremists,NA,NA,NA,NA,NA,"The specific motive is unknown; however, authorities stated that the assailant carried out the attack in order to demonstrate his allegiance to the Islamic State of Iraq and the Levant (ISIL) and that he could execute ""ISIL"" attacks.",0,NA,NA,1,1,1,1,8,Personal claim,NA,NA,NA,NA,NA,NA,NA,9,Melee,23,Knife or Other Sharp Object,7,Fake Weapons,NA,NA,NA,NA,NA,NA,NA,NA,NA,NA,A 27-cm knife and a fake pistol were used in the attack.,0,0,0,0,0,0,0,NA,NA,NA,NA,1,1,0,-99,NA,NA,NA,0,NA,NA,NA,NA,NA,2,Hostage(s) released by perpetrators,1,NA,"""No confirmation yet if IS suicide bombers were M'sians,"" Today Online, January 12, 2016.","""Malaysia: Police Says ISIL-Influenced Teenager Staged Attack To Prove Support for Terror Group,"" The Star Online, January 13, 2016.","""Kedahan arrested for holding woman at knife point, IS style,"" Free Malaysia Today, January 12, 2016.",START Primary Collection,-9,-9,0,-9,NA,Jihadi-inspired extremists ||  ||  ||  ||  || ,"01/11/2016: An assailant held a woman at knife point at a shopping complex in Sungai Petani, Kedah state, Malaysia. Police arrested the suspect and there were no reported casualties in the attack. Sources noted that the assailant was influenced by the Islamic State of Iraq and the Levant (ISIL) and wanted to portray his capacity for carrying out violent attacks. || The specific motive is unknown; however, authorities stated that the assailant carried out the attack in order to demonstrate his allegiance to the Islamic State of Iraq and the Levant (ISIL) and that he could execute ""ISIL"" attacks. || ",2016,FALSE,TRUE,FALSE,TRUE,TRUE,FALSE,TRUE,TRUE,9,TRUE,FALSE,TRUE,probable_inspired,high_score_text_claim_signal
data/globalterrorismdb_0522dist.csv,201601110023,2016,1,11,NA,0,NA,69,France,8,Western Europe,Provence-Alpes-Cote d'Azur,Marseille,43.317193,5.390103,1,0,NA,"01/11/2016: An assailant armed with a machete attacked and injured a Jewish schoolteacher in Marseille, Provence-Alpes-Cote d'Azur region, France. An unidentified individual claimed responsibility for the incident and stated that he believed France did not respect Islam and protected Jewish civilians. He also asserted that he carried out the attack on behalf of the Islamic State of Iraq and the Levant (ISIL).",1,1,1,0,NA,NA,0,1,0,2,Armed Assault,NA,NA,NA,NA,8,Educational Institution,48,Teacher/Professor/Instructor,Unknown,Teacher: Benjamin Amsellem,69,France,NA,NA,NA,NA,NA,NA,NA,NA,NA,NA,NA,NA,NA,NA,NA,NA,Jihadi-inspired extremists,NA,NA,NA,NA,NA,An unidentified individual claimed responsibility for the incident and stated that he believed France did not respect Islam and protected Jewish civilians. He also asserted that he carried out the attack on behalf of the Islamic State of Iraq and the Levant (ISIL).,0,NA,NA,1,1,1,1,8,Personal claim,NA,NA,NA,NA,NA,NA,NA,9,Melee,23,Knife or Other Sharp Object,NA,NA,NA,NA,NA,NA,NA,NA,NA,NA,NA,NA,A machete was used in the attack.,0,0,0,1,0,0,0,NA,NA,NA,NA,0,NA,NA,NA,NA,NA,NA,NA,NA,NA,NA,NA,NA,NA,NA,NA,NA,"""French teen who attacked Jewish teacher with machete charged with terror ties,"" Haaretz, January 13, 2016.","""Marseille anti-Semitic attack sparks debate on wearing skullcaps,"" Qatar Peninsula, January 12, 2016.","""French Jews Advised To Hide Their Identities After Anti-Semitic Attacks,"" Opposing Views, January 13, 2016.",START Primary Collection,-9,-9,0,-9,NA,Jihadi-inspired extremists ||  ||  ||  ||  || ,"01/11/2016: An assailant armed with a machete attacked and injured a Jewish schoolteacher in Marseille, Provence-Alpes-Cote d'Azur region, France. An unidentified individual claimed responsibility for the incident and stated that he believed France did not respect Islam and protected Jewish civilians. He also asserted that he carried out the attack on behalf of the Islamic State of Iraq and the Levant (ISIL). || An unidentified individual claimed responsibility for the incident and stated that he believed France did not respect Islam and protected Jewish civilians. He also asserted that he carried out the attack on behalf of the Islamic State of Iraq and the Levant (ISIL). || ",2016,FALSE,TRUE,FALSE,TRUE,TRUE,FALSE,TRUE,TRUE,9,TRUE,FALSE,TRUE,probable_inspired,high_score_text_claim_signal
data/globalterrorismdb_0522dist.csv,201602050074,2016,2,5,NA,0,NA,75,Germany,8,Western Europe,Lower Saxony,Hanover,52.368391,9.754008,1,0,NA,"02/05/2016: An assailant threw two incendiary devices at the Ernst-August-Galerie mall in Hanover, Lower Saxony, Germany. There were no reported casualties in the attack. No group claimed responsibility; however, sources identified the assailant as Saleh Schmitter. Schmitter had previously been in contact with the Islamic State of Iraq and the Levant (ISIL) during a trip to Turkey.",1,1,1,0,NA,NA,0,0,0,2,Armed Assault,NA,NA,NA,NA,14,Private Citizens & Property,67,Unnamed Civilian/Unspecified,Not Applicable,Civilians,75,Germany,NA,NA,NA,NA,NA,NA,NA,NA,NA,NA,NA,NA,NA,NA,NA,NA,Jihadi-inspired extremists,NA,NA,NA,NA,NA,"The specific motive is unknown; however, sources suspected that Saleh Schmitter may have communicated with members of the Islamic State of Iraq and the Levant (ISIL) in Turkey.",0,NA,NA,1,1,1,0,NA,NA,NA,NA,NA,NA,NA,NA,NA,8,Incendiary,18,Arson/Fire,NA,NA,NA,NA,NA,NA,NA,NA,NA,NA,NA,NA,Two Molotov cocktails were used in the attack.,0,0,0,0,0,0,0,NA,NA,NA,NA,0,NA,NA,NA,NA,NA,NA,NA,NA,NA,NA,NA,NA,NA,NA,NA,NA,"""Molotov attack in Hannover: Many questions unanswered,"" NDR.de, February 8, 2016.","""Germany: Brother of Terrorism Suspect Safia Schmitter To Stand Trial for Attempted Murder,"" Summary, August 30, 2016.",NA,START Primary Collection,-9,-9,0,-9,NA,Jihadi-inspired extremists ||  ||  ||  ||  || ,"02/05/2016: An assailant threw two incendiary devices at the Ernst-August-Galerie mall in Hanover, Lower Saxony, Germany. There were no reported casualties in the attack. No group claimed responsibility; however, sources identified the assailant as Saleh Schmitter. Schmitter had previously been in contact with the Islamic State of Iraq and the Levant (ISIL) during a trip to Turkey. || The specific motive is unknown; however, sources suspected that Saleh Schmitter may have communicated with members of the Islamic State of Iraq and the Levant (ISIL) in Turkey. || ",2016,FALSE,TRUE,FALSE,TRUE,TRUE,FALSE,FALSE,TRUE,7,TRUE,FALSE,TRUE,probable_inspired,high_score_text_claim_signal
data/globalterrorismdb_0522dist.csv,201602140018,2016,2,14,NA,0,NA,198,Sweden,8,Western Europe,Stockholm,Fittja,59.25074,17.862651,1,0,The incident occurred in the Botkyrka suburb.,"02/14/2016: An assailant opened fire on a pro-Kurdish rally in Fittja neighborhood, Botkyrka suburb, Stockholm province, Sweden. At least one person was injured in the assault. No group claimed responsibility for the incident; however, sources indicated that the assailant shouted ""Long live Daesh"" during the attack.",1,1,1,0,NA,NA,0,1,0,2,Armed Assault,NA,NA,NA,NA,14,Private Citizens & Property,78,"Procession/Gathering (funeral, wedding, birthday, religious)",Not Applicable,Pro-Kurdish Rally,198,Sweden,NA,NA,NA,NA,NA,NA,NA,NA,NA,NA,NA,NA,NA,NA,NA,NA,Jihadi-inspired extremists,NA,NA,NA,NA,NA,"The specific motive is unknown; however, sources noted that the assailant yelled ""Long live Daesh"" during the attack.",0,NA,NA,0,1,0,0,NA,NA,NA,NA,NA,NA,NA,NA,NA,5,Firearms,5,Unknown Gun Type,NA,NA,NA,NA,NA,NA,NA,NA,NA,NA,NA,NA,NA,0,0,0,1,0,0,0,NA,NA,NA,NA,0,NA,NA,NA,NA,NA,NA,NA,NA,NA,NA,NA,NA,NA,NA,NA,NA,"""Botkyrka - Turks, Kurds fear tit-for-tat violence in Sweden,"" AFP (North European Service), February 19, 2016.","""Stockholm - Blast at Turkish cultural centre in Stockholm: police,"" AFP (North European Service), February 18, 2016.","""Stockholm: Blast damages Turkish community centre,"" International Business Times UK, February 18, 2016.",START Primary Collection,-9,-9,0,-9,NA,Jihadi-inspired extremists ||  ||  ||  ||  || ,"02/14/2016: An assailant opened fire on a pro-Kurdish rally in Fittja neighborhood, Botkyrka suburb, Stockholm province, Sweden. At least one person was injured in the assault. No group claimed responsibility for the incident; however, sources indicated that the assailant shouted ""Long live Daesh"" during the attack. || The specific motive is unknown; however, sources noted that the assailant yelled ""Long live Daesh"" during the attack. || ",2016,FALSE,TRUE,FALSE,TRUE,FALSE,FALSE,FALSE,TRUE,5,TRUE,FALSE,TRUE,probable_inspired,high_score_text_claim_signal
data/globalterrorismdb_0522dist.csv,201602180062,2016,2,18,NA,0,NA,603,United Kingdom,8,Western Europe,England,Rochdale,53.613527,-2.148956,1,0,NA,"02/18/2016: Two assailants attacked Jalal Uddin with a hammer in Rochdale, England, United Kingdom. Uddin, an imam, was killed in the attack. Mohammed Syeedy and Mohammed Abdul Kadir claimed responsibility for the incident and while the specific motive is unknown sources noted that authorities discovered Islamic State of Iraq and the Levant (ISIL) propaganda on Syeedy's mobile phone.",1,1,1,0,NA,NA,0,1,0,8,Unarmed Assault,NA,NA,NA,NA,15,Religious Figures/Institutions,85,Religious Figure,Unknown,Imam: Jalal Uddin,216,Great Britain,NA,NA,NA,NA,NA,NA,NA,NA,NA,NA,NA,NA,NA,NA,NA,NA,Jihadi-inspired extremists,NA,NA,NA,NA,NA,"The specific motive is unknown; however, sources noted that Islamic State of Iraq and the Levant (ISIL) propaganda was discovered on the mobile phone of one of the assailants, Mohammed Syeedy.",0,NA,NA,1,2,1,1,6,Video,NA,NA,NA,NA,NA,NA,NA,9,Melee,21,Blunt Object,NA,NA,NA,NA,NA,NA,NA,NA,NA,NA,NA,NA,A hammer was used in the attack.,1,0,0,0,0,0,0,NA,NA,NA,NA,0,NA,NA,NA,NA,NA,NA,NA,NA,NA,NA,NA,NA,NA,NA,NA,NA,"""IS attacked Britain - and nobody noticed,"" Middle East Eye, March 6, 2017.","""Jalal Uddin murder trial: Prosecution case comes to end,"" Manchester Evening News, September 2, 2016.","""Washington: The 2016 Timeline of Islamic Terror,"" US Official News, December 26, 2016.",START Primary Collection,-9,-9,1,1,NA,Jihadi-inspired extremists ||  ||  ||  ||  || ,"02/18/2016: Two assailants attacked Jalal Uddin with a hammer in Rochdale, England, United Kingdom. Uddin, an imam, was killed in the attack. Mohammed Syeedy and Mohammed Abdul Kadir claimed responsibility for the incident and while the specific motive is unknown sources noted that authorities discovered Islamic State of Iraq and the Levant (ISIL) propaganda on Syeedy's mobile phone. || The specific motive is unknown; however, sources noted that Islamic State of Iraq and the Levant (ISIL) propaganda was discovered on the mobile phone of one of the assailants, Mohammed Syeedy. || ",2016,FALSE,TRUE,FALSE,TRUE,TRUE,FALSE,TRUE,TRUE,9,TRUE,FALSE,TRUE,probable_inspired,high_score_text_claim_signal
data/globalterrorismdb_0522dist.csv,201604160015,2016,4,16,NA,0,NA,75,Germany,8,Western Europe,North Rhine-Westphalia,Essen,51.470204,7.00255,1,0,NA,"04/16/2016: An explosive device detonated at a Sikh temple in Essen, North Rhine-Westphalia, Germany. At least three people, including the temple priest, were injured in the blast. Two Islamic State of Iraq and the Levant (ISIL) supporters, identified as Yussuf T. and Mohammed B., claimed responsibility for the attack.",1,1,1,0,NA,NA,0,1,0,3,Bombing/Explosion,NA,NA,NA,NA,15,Religious Figures/Institutions,86,Place of Worship,Unknown,Sikh Temple,75,Germany,NA,NA,NA,NA,NA,NA,NA,NA,NA,NA,NA,NA,NA,NA,NA,NA,Jihadi-inspired extremists,NA,NA,NA,NA,NA,"The specific motive is unknown; however, sources noted that the assailants supported the Islamic State of Iraq and the Levant (ISIL).",0,NA,NA,1,2,2,1,8,Personal claim,NA,NA,NA,NA,NA,NA,NA,6,Explosives,16,Unknown Explosive Type,NA,NA,NA,NA,NA,NA,NA,NA,NA,NA,NA,NA,NA,0,0,0,3,0,0,1,3,Minor (likely < $1 million),-99,A temple was damaged in this attack.,0,NA,NA,NA,NA,NA,NA,NA,NA,NA,NA,NA,NA,NA,NA,NA,NA,"""3rd suspect admits role in Germany's Gurudwara attack,"" Times of India, May 7, 2016.","""‘IS-linked’ teenagers accept hand in German gurdwara bombing: Report,"" Hindustan Times, April 29, 2016.","""Germany: Teens who bombed Sikh temple were IS sympathizers,"" Washington Post, April 28, 2016.",START Primary Collection,-9,-9,0,-9,NA,Jihadi-inspired extremists ||  ||  ||  ||  || ,"04/16/2016: An explosive device detonated at a Sikh temple in Essen, North Rhine-Westphalia, Germany. At least three people, including the temple priest, were injured in the blast. Two Islamic State of Iraq and the Levant (ISIL) supporters, identified as Yussuf T. and Mohammed B., claimed responsibility for the attack. || The specific motive is unknown; however, sources noted that the assailants supported the Islamic State of Iraq and the Levant (ISIL). || ",2016,FALSE,TRUE,FALSE,TRUE,TRUE,FALSE,TRUE,TRUE,9,TRUE,FALSE,TRUE,probable_inspired,high_score_text_claim_signal
data/globalterrorismdb_0522dist.csv,201605260031,2016,5,26,NA,0,NA,69,France,8,Western Europe,Occitanie,Saint Julien du Poy,43.758824,2.091969,1,0,NA,"05/26/2016: Two assailants stabbed and injured an off-duty soldier in Saint Julien du Poy, Occitanie, France. The assailants claimed responsibility and stated that the attack was carried out in retaliation for France's involvement in Syria against the Islamic State of Iraq and the Levant (ISIL).",1,1,1,0,NA,NA,0,1,0,2,Armed Assault,NA,NA,NA,NA,4,Military,34,"Military Personnel (soldiers, troops, officers, forces)",French Army,Sergeant,69,France,NA,NA,NA,NA,NA,NA,NA,NA,NA,NA,NA,NA,NA,NA,NA,NA,Jihadi-inspired extremists,NA,NA,NA,NA,NA,Two individuals claimed responsibility for the incident and stated that the attack was carried out in retaliation for France's involvement in Syria against the Islamic State of Iraq and the Levant (ISIL).,0,NA,NA,0,2,0,1,8,Personal claim,NA,NA,NA,NA,NA,NA,NA,9,Melee,23,Knife or Other Sharp Object,NA,NA,NA,NA,NA,NA,NA,NA,NA,NA,NA,NA,A knife was used in the attack.,0,0,0,1,0,0,0,NA,NA,NA,NA,0,NA,NA,NA,NA,NA,NA,NA,NA,NA,NA,NA,NA,NA,NA,NA,NA,"""French soldier stabbed by two men in 'revenge attack over Syria',"" International Business Times UK, May 27, 2016.","""Soldier In France Stabbed Over Syria - Reports,"" Sky News, May 27, 2016.","""French soldier knifed by men 'angry over Syria bombings',"" The Local France, May 27, 2016.",START Primary Collection,-9,-9,0,-9,NA,Jihadi-inspired extremists ||  ||  ||  ||  || ,"05/26/2016: Two assailants stabbed and injured an off-duty soldier in Saint Julien du Poy, Occitanie, France. The assailants claimed responsibility and stated that the attack was carried out in retaliation for France's involvement in Syria against the Islamic State of Iraq and the Levant (ISIL). || Two individuals claimed responsibility for the incident and stated that the attack was carried out in retaliation for France's involvement in Syria against the Islamic State of Iraq and the Levant (ISIL). || ",2016,FALSE,TRUE,FALSE,TRUE,TRUE,FALSE,TRUE,TRUE,9,TRUE,FALSE,TRUE,probable_inspired,high_score_text_claim_signal
data/globalterrorismdb_0522dist.csv,201606120001,2016,6,12,NA,0,NA,217,United States,1,North America,Florida,Orlando,28.477157,-81.336858,1,0,NA,"06/12/2016: An assailant armed with an assault rifle and a handgun opened fire on customers at Pulse, a gay nightclub, in Orlando, Florida, United States. The assailant then held an unknown number of people hostage inside the nightclub for three hours. At least 49 people were killed and 53 people were injured during the attack before the assailant was killed by police officers, who also rescued 30 hostages. The assailant, identified as Omar Mateen, had pledged allegiance to the Islamic State of Iraq and the Levant (ISIL). Additionally, Mateen stated that he carried out the attack in retaliation for U.S. airstrikes in Iraq and Syria. The Islamic State of Iraq and the Levant (ISIL) also claimed responsibility for the incident; however, Omar Mateen's connection to ISIL could not be confirmed.",1,1,1,0,NA,NA,0,1,0,5,Hostage Taking (Barricade Incident),2,Armed Assault,NA,NA,1,Business,11,Entertainment/Cultural/Stadium/Casino,Pulse Nightclub,Nightclub,217,United States,14,Private Citizens & Property,67,Unnamed Civilian/Unspecified,Not Applicable,Civilians,999,Multinational,NA,NA,NA,NA,NA,NA,NA,NA,Jihadi-inspired extremists,NA,NA,NA,NA,NA,"An unaffiliated individual, identified as Omar Mateen, claimed responsibility for the incident and pledged allegiance to the Islamic State of Iraq and the Levant (ISIL). Additionally, Mateen stated that he carried out the attack in retaliation for United States (US) airstrikes in Iraq and Syria.",0,NA,NA,1,1,0,1,8,Personal claim,NA,NA,NA,NA,NA,NA,NA,5,Firearms,2,Automatic or Semi-Automatic Rifle,5,Firearms,3,Handgun,NA,NA,NA,NA,NA,NA,NA,NA,A Sig Sauer MCX assault rifle and a Glock 17 handgun were used in the attack.,50,44,1,53,48,0,1,3,Minor (likely < $1 million),-99,The Pulse nightclub sustained unspecified damages in this attack.,1,-99,-99,3,NA,NA,NA,0,NA,NA,NA,NA,NA,6,Combination,-99,"The victims included Edward Sotomayor Jr., Stanley Almodovar III, Luis Omar Ocasio-Capo, Juan Ramon Guerrero, Eric Ivan Ortiz-Rivera, Peter O. Gonzalez-Cruz, Luis S. Vielma, Kimberly Morris, Eddie Jamoldroy Justice, Darryl Roman Burt II, Deonka Deidra Drayton, Alejandro Barrios Martinez, Anthony Luis Laureanodisla, Jean Carlos Mendez Perez, Franky Jimmy Dejesus Velazquez, Amanda Alvear, Martin Benitez Torres, Luis Daniel Wilson-Leon, Mercedez Marisol Flores, Xavier Emmanuel Serrano Rosado, Gilberto Ramon Silva Menendez, Simon Adrian Carrillo Fernandez, Oscar A Aracena-Montero, Enrique L. Rios, Jr., Miguel Angel Honorato, Javier Jorge-Reyes, Joel Rayon Paniagua, Jason Benjamin Josaphat, Cory James Connell, Juan P. Rivera Velazquez, Luis Daniel Conde, Shane Evan Tomlinson, Juan Chevez-Martinez, Jerald Arthur Wright, Leroy Valentin Fernandez, Tevin Eugene Crosby, Jonathan Antonio Camuy Vega, Jean C. Nives Rodriguez, Rodolfo Ayala-Ayala, Brenda Lee Marquez McCool, Yilmary Rodriguez Solivan, Christopher Andrew Leinonen, Angel L. Candelario-Padro, Frank Hernandez, Paul Terrell Henry, Antonio Davon Brown, Christopher Joseph Sanfeliz, Akyra Monet Murray, and Geraldo A. Ortiz-Jimenez.","""Two Canadians injured in Orlando shooting fear for their lives,"" Montreal Gazette, June 15, 2016.","""Hispanics shaken by heavy toll at Orlando club massacre,"" Reuters, June 14, 2016.","""Orlando nightclub shooting: Casualties confirmed,"" Al Jazeera, June 12, 2016.",START Primary Collection,-9,-9,1,1,NA,Jihadi-inspired extremists ||  ||  ||  ||  || ,"06/12/2016: An assailant armed with an assault rifle and a handgun opened fire on customers at Pulse, a gay nightclub, in Orlando, Florida, United States. The assailant then held an unknown number of people hostage inside the nightclub for three hours. At least 49 people were killed and 53 people were injured during the attack before the assailant was killed by police officers, who also rescued 30 hostages. The assailant, identified as Omar Mateen, had pledged allegiance to the Islamic State of Iraq and the Levant (ISIL). Additionally, Mateen stated that he carried out the attack in retaliation for U.S. airstrikes in Iraq and Syria. The Islamic State of Iraq and the Levant (ISIL) also claimed responsibility for the incident; however, Omar Mateen's connection to ISIL could not be confirmed. || An unaffiliated individual, identified as Omar Mateen, claimed responsibility for the incident and pledged allegiance to the Islamic State of Iraq and the Levant (ISIL). Additionally, Mateen stated that he carried out the attack in retaliation for United States (US) airstrikes in Iraq and Syria. || The victims included Edward Sotomayor Jr., Stanley Almodovar III, Luis Omar Ocasio-Capo, Juan Ramon Guerrero, Eric Ivan Ortiz-Rivera, Peter O. Gonzalez-Cruz, Luis S. Vielma, Kimberly Morris, Eddie Jamoldroy Justice, Darryl Roman Burt II, Deonka Deidra Drayton, Alejandro Barrios Martinez, Anthony Luis Laureanodisla, Jean Carlos Mendez Perez, Franky Jimmy Dejesus Velazquez, Amanda Alvear, Martin Benitez Torres, Luis Daniel Wilson-Leon, Mercedez Marisol Flores, Xavier Emmanuel Serrano Rosado, Gilberto Ramon Silva Menendez, Simon Adrian Carrillo Fernandez, Oscar A Aracena-Montero, Enrique L. Rios, Jr., Miguel Angel Honorato, Javier Jorge-Reyes, Joel Rayon Paniagua, Jason Benjamin Josaphat, Cory James Connell, Juan P. Rivera Velazquez, Luis Daniel Conde, Shane Evan Tomlinson, Juan Chevez-Martinez, Jerald Arthur Wright, Leroy Valentin Fernandez, Tevin Eugene Crosby, Jonathan Antonio Camuy Vega, Jean C. Nives Rodriguez, Rodolfo Ayala-Ayala, Brenda Lee Marquez McCool, Yilmary Rodriguez Solivan, Christopher Andrew Leinonen, Angel L. Candelario-Padro, Frank Hernandez, Paul Terrell Henry, Antonio Davon Brown, Christopher Joseph Sanfeliz, Akyra Monet Murray, and Geraldo A. Ortiz-Jimenez.",2016,FALSE,TRUE,FALSE,TRUE,TRUE,FALSE,TRUE,TRUE,9,TRUE,FALSE,TRUE,probable_inspired,high_score_text_claim_signal
data/globalterrorismdb_0522dist.csv,201606130011,2016,6,13,NA,0,NA,69,France,8,Western Europe,Ile-de-France,Magnanville,48.969002,1.684609,1,0,NA,"06/13/2016: An assailant stabbed and killed police commander Jean-Baptiste Salvaing and his spouse at their house in Magnanville, Ile-de-France, France. The assailant also took the victims' child hostage for several hours before being killed by police. The assailant, identified as Larossi Abballa, had pledged allegiance to the Islamic State of Iraq and the Levant (ISIL). The Islamic State of Iraq and the Levant (ISIL) also claimed responsibility for the incident; however, Abballa's connection to ISIL could not be confirmed.",1,1,1,0,NA,NA,0,1,0,1,Assassination,5,Hostage Taking (Barricade Incident),NA,NA,3,Police,25,Police Security Forces/Officers,French Police,Commander: Jean-Baptiste Salvaing,69,France,NA,NA,NA,NA,NA,NA,NA,NA,NA,NA,NA,NA,NA,NA,NA,NA,Jihadi-inspired extremists,NA,NA,NA,NA,NA,"An individual, identified as Larossi Abballa, claimed responsibility for the incident and pledged allegiance to the Islamic State of Iraq and the Levant (ISIL).",0,NA,NA,1,1,0,1,6,Video,NA,NA,NA,NA,NA,NA,NA,9,Melee,23,Knife or Other Sharp Object,NA,NA,NA,NA,NA,NA,NA,NA,NA,NA,NA,NA,A knife was used in the attack.,3,0,1,0,0,0,0,NA,NA,NA,NA,1,1,0,4,NA,NA,NA,0,NA,NA,NA,NA,NA,5,Successful Rescue,1,The victims included Jessica Schneider.,"""French jihadist police killer 'obeyed Islamic State call',"" BBC, June 14, 2016.","""Islamic State-linked radical kills French police couple,"" Qatar Tribune, June 15, 2016.","""Isis fighter Larossi Abballa who murdered police officer and wife in Paris was a convicted terrorist,"" International Business Times UK, June 14, 2016.",START Primary Collection,-9,-9,0,-9,NA,Jihadi-inspired extremists ||  ||  ||  ||  || ,"06/13/2016: An assailant stabbed and killed police commander Jean-Baptiste Salvaing and his spouse at their house in Magnanville, Ile-de-France, France. The assailant also took the victims' child hostage for several hours before being killed by police. The assailant, identified as Larossi Abballa, had pledged allegiance to the Islamic State of Iraq and the Levant (ISIL). The Islamic State of Iraq and the Levant (ISIL) also claimed responsibility for the incident; however, Abballa's connection to ISIL could not be confirmed. || An individual, identified as Larossi Abballa, claimed responsibility for the incident and pledged allegiance to the Islamic State of Iraq and the Levant (ISIL). || The victims included Jessica Schneider.",2016,FALSE,TRUE,FALSE,TRUE,TRUE,FALSE,TRUE,TRUE,9,TRUE,FALSE,TRUE,probable_inspired,high_score_text_claim_signal
data/globalterrorismdb_0522dist.csv,201607140001,2016,7,14,NA,0,NA,69,France,8,Western Europe,Provence-Alpes-Cote d'Azur,Nice,43.693611,7.255833,1,0,NA,"07/14/2016: An assailant rammed a truck into a crowd celebrating Bastille Day in Nice, Provence-Alpes-Cote d'Azur, France. The assailant, identified as Mohamed Lahouaiej-Bouhlel, opened fire on police officers before being shot and killed. In addition to the assailant, 86 people were killed and 433 people were injured in the attack. The Islamic State of Iraq and the Levant (ISIL) claimed responsibility for the incident; however, Bouhlel's connection to ISIL could not be confirmed.",1,1,1,0,NA,NA,0,1,0,2,Armed Assault,NA,NA,NA,NA,14,Private Citizens & Property,78,"Procession/Gathering (funeral, wedding, birthday, religious)",Not Applicable,Bastille Day Celebration,69,France,14,Private Citizens & Property,67,Unnamed Civilian/Unspecified,Not Applicable,Civilians,999,Multinational,NA,NA,NA,NA,NA,NA,NA,NA,Jihadi-inspired extremists,NA,NA,NA,NA,NA,"The specific motive is unknown; however, sources noted that Mohamed Bouhlel had indicated that he supported the Islamic State of Iraq and the Levant (ISIL).",0,NA,NA,1,1,0,0,NA,NA,NA,NA,NA,NA,NA,NA,NA,5,Firearms,3,Handgun,10,"Vehicle (not to include vehicle-borne explosives, i.e., car or truck bombs)",NA,NA,7,Fake Weapons,NA,NA,NA,NA,NA,NA,"A 7.56-mm handgun, a Renault Midlum cargo truck, a replica handgun, two replica assault rifles, and a fake grenade were used in the attack.",87,3,1,433,1,0,-9,NA,NA,NA,NA,0,NA,NA,NA,NA,NA,NA,NA,NA,NA,NA,NA,NA,NA,NA,NA,"Casualty numbers for this incident conflict across sources. Following GTD protocol, the most recent reliable estimates are reported here.","""Attack on Nice: Who was Mohamed Lahouaiej-Bouhlel?,"" BBC, August 19, 2016.","""Nice, France attacker reportedly recruited by Algerian ISIS fighter, researched Orlando massacre,"" The Associated Press, July 18, 2016.","""Nice - Tunisian 'terrorist' kills 84 in Nice truck attack,"" AFP (North European Service), July 15, 2016.",START Primary Collection,-9,-9,1,1,NA,Jihadi-inspired extremists ||  ||  ||  ||  || ,"07/14/2016: An assailant rammed a truck into a crowd celebrating Bastille Day in Nice, Provence-Alpes-Cote d'Azur, France. The assailant, identified as Mohamed Lahouaiej-Bouhlel, opened fire on police officers before being shot and killed. In addition to the assailant, 86 people were killed and 433 people were injured in the attack. The Islamic State of Iraq and the Levant (ISIL) claimed responsibility for the incident; however, Bouhlel's connection to ISIL could not be confirmed. || The specific motive is unknown; however, sources noted that Mohamed Bouhlel had indicated that he supported the Islamic State of Iraq and the Levant (ISIL). || Casualty numbers for this incident conflict across sources. Following GTD protocol, the most recent reliable estimates are reported here.",2016,FALSE,TRUE,FALSE,TRUE,TRUE,FALSE,FALSE,TRUE,7,TRUE,FALSE,TRUE,probable_inspired,high_score_text_claim_signal
data/globalterrorismdb_0522dist.csv,201607180002,2016,7,18,NA,0,NA,75,Germany,8,Western Europe,Bavaria,Wurzburg,49.75611,9.97061,1,1,NA,"07/18/2016: An assailant armed with an axe and a knife attacked passengers on a train near Wurzburg, Bavaria, Germany. At least five people were injured in the attack before the assailant fled; the assailant was later shot and killed by police. Riaz Khan Ahmadzai claimed responsibility for the incident and stated that the attack was carried out in revenge for members of the Muslim community. The Islamic State of Iraq and the Levant (ISIL) also claimed responsibility for the incident; however, Ahmadzai's connection to ISIL could not be confirmed.",1,1,1,0,NA,NA,0,1,0,2,Armed Assault,NA,NA,NA,NA,14,Private Citizens & Property,68,Named Civilian,Not Applicable,"Civilians: Yau Shu-ping, Edmund Au Yeung, Wong Pui-king",89,Hong Kong,14,Private Citizens & Property,67,Unnamed Civilian/Unspecified,Not Applicable,Civilian,75,Germany,NA,NA,NA,NA,NA,NA,NA,NA,Jihadi-inspired extremists,NA,NA,NA,NA,NA,"An unaffiliated individual, identified as Riaz Khan Ahmadzai, claimed responsibility for the incident and stated that the attack was intended as revenge for members of the Muslim community. Sources also noted that a painted flag of the Islamic State of Iraq and the Levant (ISIL) was found in the room of Ahmadzai.",0,NA,NA,1,1,0,1,8,Personal claim,NA,NA,NA,NA,NA,NA,NA,9,Melee,23,Knife or Other Sharp Object,NA,NA,NA,NA,NA,NA,NA,NA,NA,NA,NA,NA,An ax and a knife were used in the attack.,1,0,1,5,0,0,0,NA,NA,NA,NA,0,NA,NA,NA,NA,NA,NA,NA,NA,NA,NA,NA,NA,NA,NA,NA,"The victims included Tracy Yau. Casualty numbers for this incident conflict across sources. Following GTD protocol, the most recent reliable estimates are reported here.","""Germany axe attack: Assault on train in Wuerzburg,"" BBC, July 18, 2016.","""Terror Investigation: Germany Attackers Had Contact with Suspected IS Members,"" Spiegel Online, August 5, 2016.","""Kyodo: Hong Kong Victims Remain In Hospital Following Train Attack In Germany,"" Kyodo World Service, July 21, 2016.",START Primary Collection,-9,-9,1,1,NA,Jihadi-inspired extremists ||  ||  ||  ||  || ,"07/18/2016: An assailant armed with an axe and a knife attacked passengers on a train near Wurzburg, Bavaria, Germany. At least five people were injured in the attack before the assailant fled; the assailant was later shot and killed by police. Riaz Khan Ahmadzai claimed responsibility for the incident and stated that the attack was carried out in revenge for members of the Muslim community. The Islamic State of Iraq and the Levant (ISIL) also claimed responsibility for the incident; however, Ahmadzai's connection to ISIL could not be confirmed. || An unaffiliated individual, identified as Riaz Khan Ahmadzai, claimed responsibility for the incident and stated that the attack was intended as revenge for members of the Muslim community. Sources also noted that a painted flag of the Islamic State of Iraq and the Levant (ISIL) was found in the room of Ahmadzai. || The victims included Tracy Yau. Casualty numbers for this incident conflict across sources. Following GTD protocol, the most recent reliable estimates are reported here.",2016,FALSE,TRUE,FALSE,TRUE,TRUE,FALSE,TRUE,TRUE,9,TRUE,FALSE,TRUE,probable_inspired,high_score_text_claim_signal
data/globalterrorismdb_0522dist.csv,201607240002,2016,7,24,NA,0,NA,75,Germany,8,Western Europe,Bavaria,Ansbach,49.3,10.583333,1,0,NA,"07/24/2016: An assailant detonated an explosive device outside a music festival in Ansbach, Bavaria, Germany. The assailant was killed and at least 15 people were injured in the blast. The assailant, identified as Muhammad Daleel, had pledged allegiance to the Islamic State of Iraq and the Levant (ISIL). The Islamic State of Iraq and the Levant (ISIL) also claimed responsibility for the incident; however, Daleel's connection to ISIL could not be confirmed.",1,1,1,0,NA,NA,0,1,0,3,Bombing/Explosion,NA,NA,NA,NA,1,Business,11,Entertainment/Cultural/Stadium/Casino,Ansbach Open Music Festival,Music Festival,75,Germany,NA,NA,NA,NA,NA,NA,NA,NA,NA,NA,NA,NA,NA,NA,NA,NA,Jihadi-inspired extremists,NA,NA,NA,NA,NA,"An unaffiliated individual, identified as Muhammad Daleel, claimed responsibility for the incident and pledged allegiance to the Islamic State of Iraq and the Levant (ISIL).",0,NA,NA,1,1,0,1,6,Video,NA,NA,NA,NA,NA,NA,NA,6,Explosives,12,Remote Trigger,NA,NA,NA,NA,NA,NA,NA,NA,NA,NA,NA,NA,A remote-controlled explosives-laden backpack was used in the attack.,1,0,1,15,0,0,-9,NA,NA,NA,NA,0,NA,NA,NA,NA,NA,NA,NA,NA,NA,NA,NA,NA,NA,NA,NA,"Casualty numbers for this incident conflict across sources. Following GTD protocol, the majority reliable estimates are reported here.","""Terror Investigation: Germany Attackers Had Contact with Suspected IS Members,"" Spiegel Online, August 5, 2016.","""Another attack in Germany,"" The Hindu, July 26, 2016.","""Suicide bomber in Germany pledged loyalty to militant group,"" San Francisco Chronicle, July 25, 2016.",START Primary Collection,-9,-9,0,-9,NA,Jihadi-inspired extremists ||  ||  ||  ||  || ,"07/24/2016: An assailant detonated an explosive device outside a music festival in Ansbach, Bavaria, Germany. The assailant was killed and at least 15 people were injured in the blast. The assailant, identified as Muhammad Daleel, had pledged allegiance to the Islamic State of Iraq and the Levant (ISIL). The Islamic State of Iraq and the Levant (ISIL) also claimed responsibility for the incident; however, Daleel's connection to ISIL could not be confirmed. || An unaffiliated individual, identified as Muhammad Daleel, claimed responsibility for the incident and pledged allegiance to the Islamic State of Iraq and the Levant (ISIL). || Casualty numbers for this incident conflict across sources. Following GTD protocol, the majority reliable estimates are reported here.",2016,FALSE,TRUE,FALSE,TRUE,TRUE,FALSE,TRUE,TRUE,9,TRUE,FALSE,TRUE,probable_inspired,high_score_text_claim_signal
data/globalterrorismdb_0522dist.csv,201607260001,2016,7,26,NA,0,NA,69,France,8,Western Europe,Normandy,Saint-Etienne-du-Rouvray,49.382753,1.106722,1,0,NA,"07/26/2016: Two assailants stormed a church and held six people hostage in Saint-Etienne-du-Rouvray, Upper Normandy, France. Father Jacques Hamel was killed and another person was injured in the attack. One hostage escaped and alerted police forces, who killed the two assailants and freed the remaining four hostages. The assailants, identified as Abdel Malik Petitjean and Adel Kermiche, had pledged allegiance to the Islamic State of Iraq and the Levant (ISIL) in a video prior to the attack. The Islamic State of Iraq and the Levant (ISIL) also claimed responsibility for the incident; however, Petitjean and Kermiche's connection to ISIL could not be confirmed.",1,1,1,0,NA,NA,0,1,0,5,Hostage Taking (Barricade Incident),NA,NA,NA,NA,15,Religious Figures/Institutions,86,Place of Worship,Saint-Etienne-du-Rouvray Church,Church,69,France,NA,NA,NA,NA,NA,NA,NA,NA,NA,NA,NA,NA,NA,NA,NA,NA,Jihadi-inspired extremists,NA,NA,NA,NA,NA,"The specific motive is unknown; however, sources noted that Abdel Malik Petitjean and Adel Kermiche pledged allegiance to the Islamic State of Iraq and the Levant (ISIL) prior to the attack. Sources also noted that ISIL alleged that the attack was carried out in retaliation for France's involvement against ISIL.",0,NA,NA,1,2,0,1,6,Video,NA,NA,NA,NA,NA,NA,NA,5,Firearms,3,Handgun,9,Melee,23,Knife or Other Sharp Object,7,Fake Weapons,NA,NA,NA,NA,NA,NA,"A handgun, a knife, and a fake explosive device covered in aluminum foil was used in the attack.",3,0,2,1,0,0,0,NA,NA,NA,NA,1,6,0,-99,NA,NA,NA,0,NA,NA,NA,NA,NA,6,Combination,5,NA,"""Paris - Church attacker threatened France in new video,"" AFP (North European Service), July 29, 2016.","""Syrian asylum seeker in custody over links with church attack: report,"" Xinhua General News Service, July 29, 2016.","""Normandy killer was tagged after previous terror plots,"" The Independent, July 28, 2016.",START Primary Collection,-9,-9,0,-9,NA,Jihadi-inspired extremists ||  ||  ||  ||  || ,"07/26/2016: Two assailants stormed a church and held six people hostage in Saint-Etienne-du-Rouvray, Upper Normandy, France. Father Jacques Hamel was killed and another person was injured in the attack. One hostage escaped and alerted police forces, who killed the two assailants and freed the remaining four hostages. The assailants, identified as Abdel Malik Petitjean and Adel Kermiche, had pledged allegiance to the Islamic State of Iraq and the Levant (ISIL) in a video prior to the attack. The Islamic State of Iraq and the Levant (ISIL) also claimed responsibility for the incident; however, Petitjean and Kermiche's connection to ISIL could not be confirmed. || The specific motive is unknown; however, sources noted that Abdel Malik Petitjean and Adel Kermiche pledged allegiance to the Islamic State of Iraq and the Levant (ISIL) prior to the attack. Sources also noted that ISIL alleged that the attack was carried out in retaliation for France's involvement against ISIL. || ",2016,FALSE,TRUE,FALSE,TRUE,TRUE,FALSE,TRUE,TRUE,9,TRUE,FALSE,TRUE,probable_inspired,high_score_text_claim_signal
data/globalterrorismdb_0522dist.csv,201608100055,2016,8,10,NA,0,NA,38,Canada,1,North America,Ontario,Strathroy,42.95571,-81.623195,1,0,NA,"08/10/2016: An assailant detonated an explosive device in a taxi in Strathroy, Ontario, Canada. The taxi driver was injured in the blast and the assailant was killed in an ensuing clash with police. The assailant, identified as Aaron Driver, pledged allegiance to the Islamic State of Iraq and the Levant (ISIL); however, Driver's connection to ISIL could not be confirmed.",1,1,1,0,NA,NA,0,1,0,3,Bombing/Explosion,NA,NA,NA,NA,19,Transportation,105,Taxi/Rickshaw,Unknown,Taxi,38,Canada,NA,NA,NA,NA,NA,NA,NA,NA,NA,NA,NA,NA,NA,NA,NA,NA,Jihadi-inspired extremists,NA,NA,NA,NA,NA,"An unaffiliated individual, identified as Aaron Driver, claimed responsibility for the incident and pledged allegiance to the Islamic State of Iraq and the Levant (ISIL).",0,NA,NA,1,1,0,1,6,Video,NA,NA,NA,NA,NA,NA,NA,6,Explosives,17,Other Explosive Type,NA,NA,NA,NA,NA,NA,NA,NA,NA,NA,NA,NA,A homemade bomb was used in the attack.,1,0,1,1,0,0,1,3,Minor (likely < $1 million),-99,A taxi cab was damaged in this attack.,0,NA,NA,NA,NA,NA,NA,NA,NA,NA,NA,NA,NA,NA,NA,NA,NA,"""Canada extremist Aaron Driver 'was planning attack',"" BBC, August 12, 2016.","""'The police put my life in jeopardy': Cabbie talks about being caught in Aaron Driver standoff,"" Ottawa Citizen, August 17, 2016.","""BBC Monitoring: Terrorism Digest 11-12 August 2016,"" BBC Monitoring, August 12, 2016.",START Primary Collection,-9,-9,0,-9,NA,Jihadi-inspired extremists ||  ||  ||  ||  || ,"08/10/2016: An assailant detonated an explosive device in a taxi in Strathroy, Ontario, Canada. The taxi driver was injured in the blast and the assailant was killed in an ensuing clash with police. The assailant, identified as Aaron Driver, pledged allegiance to the Islamic State of Iraq and the Levant (ISIL); however, Driver's connection to ISIL could not be confirmed. || An unaffiliated individual, identified as Aaron Driver, claimed responsibility for the incident and pledged allegiance to the Islamic State of Iraq and the Levant (ISIL). || ",2016,FALSE,TRUE,FALSE,TRUE,TRUE,FALSE,TRUE,TRUE,9,TRUE,FALSE,TRUE,probable_inspired,high_score_text_claim_signal
data/globalterrorismdb_0522dist.csv,201608130062,2016,8,13,NA,0,NA,202,Tajikistan,7,Central Asia,Khatlon,Elti,37.790454,68.667803,2,0,The incident occurred in Bokhtar district,"08/13/2016: An assailants beat a homosexual individual to death in Elti, Bokhtar, Khatlon, Tajikistan. No group claimed responsibility; however, sources attributed the attack to Jihadi-Inspired extremists, identified as Sharifjon Zokir, Ravshan Fayziyev, and Saadi Saidov.",1,1,1,0,NA,NA,0,1,0,8,Unarmed Assault,NA,NA,NA,NA,14,Private Citizens & Property,67,Unnamed Civilian/Unspecified,Not Applicable,"Member of Lesbian, Gay, Bisexual, and Transgender (LGBT) Community",202,Tajikistan,NA,NA,NA,NA,NA,NA,NA,NA,NA,NA,NA,NA,NA,NA,NA,NA,Jihadi-inspired extremists,NA,NA,NA,NA,NA,"The specific motive is unknown; however, sources noted that the assailants supported the ideology of the Islamic State of Iraq and the Levant (ISIL).",0,NA,NA,1,3,3,0,NA,NA,NA,NA,NA,NA,NA,NA,NA,9,Melee,22,"Hands, Feet, Fists",NA,NA,NA,NA,NA,NA,NA,NA,NA,NA,NA,NA,NA,1,0,0,0,0,0,0,NA,NA,NA,NA,0,NA,NA,NA,NA,NA,NA,NA,NA,NA,NA,NA,NA,NA,NA,NA,NA,"""State PAO: Tajikistan Media Highlights 2 October 2017,"" US Embassy Public Affairs Office, October 2, 2017.",NA,NA,START Primary Collection,-9,-9,0,-9,NA,Jihadi-inspired extremists ||  ||  ||  ||  || ,"08/13/2016: An assailants beat a homosexual individual to death in Elti, Bokhtar, Khatlon, Tajikistan. No group claimed responsibility; however, sources attributed the attack to Jihadi-Inspired extremists, identified as Sharifjon Zokir, Ravshan Fayziyev, and Saadi Saidov. || The specific motive is unknown; however, sources noted that the assailants supported the ideology of the Islamic State of Iraq and the Levant (ISIL). || ",2016,FALSE,TRUE,FALSE,TRUE,TRUE,FALSE,FALSE,TRUE,7,TRUE,FALSE,TRUE,probable_inspired,high_score_text_claim_signal
data/globalterrorismdb_0522dist.csv,201608260051,2016,8,26,"August 26, 2016",0,NA,167,Russia,9,Eastern Europe,Moscow,Moscow,55.680794,37.889736,1,0,The incident occurred on Oktyabrsky Avenue in the Lyubertsy neighborhood.,"08/26/2016: An explosive device was discovered and defused at a bus stop on Oktyabrsky Avenue in Lyubertsy, Moscow, Russia. No group claimed responsibility; however, sources attributed the attack to Jihadi-Inspired extremists. Six Tajik nationals were arrested and convicted in connection with the attack and authorities stated that the incident was meant to be an initiation into the Islamic State of Iraq and the Levant (ISIL).",1,1,1,0,NA,NA,0,0,0,3,Bombing/Explosion,NA,NA,NA,NA,19,Transportation,101,Bus Station/Stop,Unknown,Bus Stop,167,Russia,NA,NA,NA,NA,NA,NA,NA,NA,NA,NA,NA,NA,NA,NA,NA,NA,Jihadi-inspired extremists,NA,NA,NA,NA,NA,"The specific motive is unknown; however, sources noted that the attack was intended to be ""an act of initiation into"" the Islamic State of Iraq and the Levant (ISIL).",0,NA,NA,1,6,6,0,NA,NA,NA,NA,NA,NA,NA,NA,NA,6,Explosives,16,Unknown Explosive Type,NA,NA,NA,NA,NA,NA,NA,NA,NA,NA,NA,NA,A roadside bomb planted inside a bucket and wrapped in black tape was used in the attack.,0,0,0,0,0,0,0,NA,NA,NA,NA,0,NA,NA,NA,NA,NA,NA,NA,NA,NA,NA,NA,NA,NA,NA,NA,NA,"""Russian Terrorism and Counterterrorism Highlights 23 February 2018,"" Summary, February 16, 2018.","""The bomb squad blew up a suspicious object in the center of Lyubertsy,"" World News, Breaking News, August 26, 2016.",NA,START Primary Collection,-9,-9,0,-9,NA,Jihadi-inspired extremists ||  ||  ||  ||  || ,"08/26/2016: An explosive device was discovered and defused at a bus stop on Oktyabrsky Avenue in Lyubertsy, Moscow, Russia. No group claimed responsibility; however, sources attributed the attack to Jihadi-Inspired extremists. Six Tajik nationals were arrested and convicted in connection with the attack and authorities stated that the incident was meant to be an initiation into the Islamic State of Iraq and the Levant (ISIL). || The specific motive is unknown; however, sources noted that the attack was intended to be ""an act of initiation into"" the Islamic State of Iraq and the Levant (ISIL). || ",2016,FALSE,TRUE,FALSE,TRUE,TRUE,FALSE,FALSE,TRUE,7,TRUE,FALSE,TRUE,probable_inspired,high_score_text_claim_signal
data/globalterrorismdb_0522dist.csv,201608280018,2016,8,28,NA,0,NA,93,Indonesia,5,Southeast Asia,North Sumatra,Medan,3.595196,98.672223,1,0,NA,"08/28/2016: A suicide bomber detonated an explosive device in a backpack at Santa Yoseph Church in Medan, North Sumatra, Indonesia. The device partially detonated, and the assailant then attacked Albert Pandiangan, the priest, with a knife. At least two people, the priest and the assailant, were injured in the blast. No group claimed responsibility; however, sources noted that Ivan Armadi Hasugian may have been influenced to carry out the attack by Islamic State of Iraq and the Levant (ISIL) members through the Internet.",1,1,1,0,NA,NA,0,0,1,3,Bombing/Explosion,NA,NA,NA,NA,15,Religious Figures/Institutions,85,Religious Figure,Santa Yoseph Church,Priest: Albert Pandiangan,93,Indonesia,14,Private Citizens & Property,67,Unnamed Civilian/Unspecified,Not Applicable,Civilians,93,Indonesia,NA,NA,NA,NA,NA,NA,NA,NA,Jihadi-inspired extremists,NA,NA,NA,NA,NA,"The specific motive is unknown; however, sources posited that a picture of the Islamic State of Iraq and the Levant (ISIL) flag and its leader were discovered on Ivan Armadi Hasugian's phone.",0,NA,NA,1,1,1,1,8,Personal claim,NA,NA,NA,NA,NA,NA,NA,6,Explosives,13,Suicide (carried bodily by human being),9,Melee,23,Knife or Other Sharp Object,NA,NA,NA,NA,NA,NA,NA,NA,An explosive device in a backpack and an axe or knife were used in the attack.,0,0,0,2,0,1,0,NA,NA,NA,NA,0,NA,NA,NA,NA,NA,NA,NA,NA,NA,NA,NA,NA,NA,NA,NA,"Casualty numbers for this incident conflict across sources. Following GTD protocol, the lowest reliable estimates are reported here.","""Attempted suicide bombing in Indonesia injures priest,"" Deutsche Presse-Agentur, August 28, 2016.","""Medan Church Attacker Received Orders From Islamic State: BNPT,"" Jakarta Globe, September 8, 2016.","""Indonesian priest attack inspired by murder of French Catholic cleric,"" Reuters India, August 31, 2016.",START Primary Collection,-9,-9,0,-9,NA,Jihadi-inspired extremists ||  ||  ||  ||  || ,"08/28/2016: A suicide bomber detonated an explosive device in a backpack at Santa Yoseph Church in Medan, North Sumatra, Indonesia. The device partially detonated, and the assailant then attacked Albert Pandiangan, the priest, with a knife. At least two people, the priest and the assailant, were injured in the blast. No group claimed responsibility; however, sources noted that Ivan Armadi Hasugian may have been influenced to carry out the attack by Islamic State of Iraq and the Levant (ISIL) members through the Internet. || The specific motive is unknown; however, sources posited that a picture of the Islamic State of Iraq and the Levant (ISIL) flag and its leader were discovered on Ivan Armadi Hasugian's phone. || Casualty numbers for this incident conflict across sources. Following GTD protocol, the lowest reliable estimates are reported here.",2016,FALSE,TRUE,FALSE,TRUE,TRUE,FALSE,TRUE,TRUE,9,TRUE,FALSE,TRUE,probable_inspired,high_score_text_claim_signal
data/globalterrorismdb_0522dist.csv,201609010054,2016,9,1,NA,0,NA,55,Denmark,8,Western Europe,Capital,Copenhagen,55.672565,12.506293,1,0,The incident occurred in the Christiania area of the city.,"09/01/2016: An assailant opened fire on police personnel in Christiania area, Copenhagen, Capital, Denmark. The assailant was killed and two police officers and one civilian were injured in the ensuing clash. Sources attributed the attack to Mesa Hodzic. The Islamic State of Iraq and the Levant (ISIL) also claimed responsibility for the incident; however, Hodzic's connection to ISIL could not be confirmed.",1,1,1,1,4,Lack of Intentionality,0,1,0,2,Armed Assault,NA,NA,NA,NA,3,Police,23,Police Patrol (including vehicles and convoys),Police of Denmark,Patrol,55,Denmark,NA,NA,NA,NA,NA,NA,NA,NA,NA,NA,NA,NA,NA,NA,NA,NA,Jihadi-inspired extremists,NA,NA,NA,NA,NA,"The specific motive is unknown; however, sources noted that Mesa Hodzic was sympathetic to the Islamic State of Iraq and the Levant (ISIL).",0,NA,NA,1,1,0,0,NA,NA,NA,NA,NA,NA,NA,NA,NA,5,Firearms,5,Unknown Gun Type,NA,NA,NA,NA,NA,NA,NA,NA,NA,NA,NA,NA,NA,1,0,1,3,0,0,-9,NA,NA,NA,NA,0,NA,NA,NA,NA,NA,NA,NA,NA,NA,NA,NA,NA,NA,NA,NA,There is doubt that this incident meets terrorism-related criteria. Sources stated that the attack may have occurred during a drug raid by police.,"""Copenhagen attack: Isis claims responsibility for shooting that injured two police officers in Christiania; The attacker, a 25-year-old man, died in hospital two days after the assault,"" The Independent, September 2, 2016.","""Christiania shooter is Isis 'sympathizer': police,"" The Local Denmark, September 1, 2016.","""Danish police dismiss ISIS responsibility claim in Copenhagen shooting,"" Denmark News.net, September 5, 2016.",START Primary Collection,-9,-9,0,-9,NA,Jihadi-inspired extremists ||  ||  ||  ||  || ,"09/01/2016: An assailant opened fire on police personnel in Christiania area, Copenhagen, Capital, Denmark. The assailant was killed and two police officers and one civilian were injured in the ensuing clash. Sources attributed the attack to Mesa Hodzic. The Islamic State of Iraq and the Levant (ISIL) also claimed responsibility for the incident; however, Hodzic's connection to ISIL could not be confirmed. || The specific motive is unknown; however, sources noted that Mesa Hodzic was sympathetic to the Islamic State of Iraq and the Levant (ISIL). || There is doubt that this incident meets terrorism-related criteria. Sources stated that the attack may have occurred during a drug raid by police.",2016,FALSE,TRUE,FALSE,TRUE,TRUE,FALSE,FALSE,TRUE,7,TRUE,FALSE,TRUE,probable_inspired,high_score_text_claim_signal
data/globalterrorismdb_0522dist.csv,201609040042,2016,9,4,NA,0,NA,69,France,8,Western Europe,Ile-de-France,Paris,48.856642,2.34233,1,0,NA,"09/04/2016: An assailant attempted to set fire to a vehicle laden with gas canisters in Paris, France. The vehicle failed to ignite and was later dismantled by security forces. The assailant, identified as Ornella G., had pledged allegiance to the Islamic State of Iraq and the Levant (ISIL).",1,1,1,0,NA,NA,0,0,0,2,Armed Assault,NA,NA,NA,NA,20,Unknown,NA,NA,Unknown,Unknown,69,France,NA,NA,NA,NA,NA,NA,NA,NA,NA,NA,NA,NA,NA,NA,NA,NA,Jihadi-inspired extremists,NA,NA,NA,NA,NA,"An unaffiliated individual, identified as Ornella G., claimed responsibility for the incident and pledged allegiance to the Islamic State of Iraq and the Levant (ISIL).",0,NA,NA,1,4,4,1,8,Personal claim,NA,NA,NA,NA,NA,NA,NA,8,Incendiary,20,Gasoline or Alcohol,NA,NA,NA,NA,NA,NA,NA,NA,NA,NA,NA,NA,"Five cooking gas cylinders, three bottles of diesel fuel, and a blanket soaked in gasoline were used in the attack.",0,0,0,0,0,0,0,NA,NA,NA,NA,0,NA,NA,NA,NA,NA,NA,NA,NA,NA,NA,NA,NA,NA,NA,NA,NA,"""Paris - Woman charged over failed jihadist Paris attack,"" AFP (North European Service), September 10, 2016.","""Woman charged over failed terror attack on Notre Dame in Paris,"" The Guardian, September 11, 2016.","""Five Women Go on Trial Over Planned Notre Dame Car Bomb Attack,"" HS Today, September 24, 2019.",START Primary Collection,-9,-9,0,-9,NA,Jihadi-inspired extremists ||  ||  ||  ||  || ,"09/04/2016: An assailant attempted to set fire to a vehicle laden with gas canisters in Paris, France. The vehicle failed to ignite and was later dismantled by security forces. The assailant, identified as Ornella G., had pledged allegiance to the Islamic State of Iraq and the Levant (ISIL). || An unaffiliated individual, identified as Ornella G., claimed responsibility for the incident and pledged allegiance to the Islamic State of Iraq and the Levant (ISIL). || ",2016,FALSE,TRUE,FALSE,TRUE,TRUE,FALSE,TRUE,TRUE,9,TRUE,FALSE,TRUE,probable_inspired,high_score_text_claim_signal
data/globalterrorismdb_0522dist.csv,201609100025,2016,9,10,NA,0,NA,14,Australia,12,Australasia & Oceania,New South Wales,Minto,-34.031804,150.850332,1,0,NA,"09/10/2016: An assailant stabbed and injured Wayne Greenhalg, a civilian, in Minto, New South Wales, Australia. Ihsas Khan claimed responsibility for the incident, and authorities suspected that the attack was inspired by the Islamic State of Iraq and the Levant (ISIL).",1,1,1,0,NA,NA,0,1,0,2,Armed Assault,NA,NA,NA,NA,14,Private Citizens & Property,68,Named Civilian,Not Applicable,Civilian: Wayne Greenhalg,14,Australia,NA,NA,NA,NA,NA,NA,NA,NA,NA,NA,NA,NA,NA,NA,NA,NA,Jihadi-inspired extremists,NA,NA,NA,NA,NA,"The specific motive is unknown; however, authorities suspected that the attack was inspired by the Islamic State of Iraq and the Levant (ISIL).",0,NA,NA,1,1,1,1,8,Personal claim,NA,NA,NA,NA,NA,NA,NA,9,Melee,23,Knife or Other Sharp Object,NA,NA,NA,NA,NA,NA,NA,NA,NA,NA,NA,NA,A hunting knife was used in the attack.,0,0,0,1,0,0,0,NA,NA,NA,NA,0,NA,NA,NA,NA,NA,NA,NA,NA,NA,NA,NA,NA,NA,NA,NA,NA,"""ISIS-inspired Australian stabber charged with terrorism, attempted murder,"" Jerusalem Post, September 11, 2016.","""Terrorism-inspired stabbing: Ihsas Khan made 'extensive admissions' to police, court hears,"" Australian Broadcasting Corporation (ABC) News, November 24, 2016.","""Australia: Sydney stabbing: Alleged terror attacker inspired by IS, police say,"" ABC Online, September 11, 2016.",START Primary Collection,-9,-9,0,-9,NA,Jihadi-inspired extremists ||  ||  ||  ||  || ,"09/10/2016: An assailant stabbed and injured Wayne Greenhalg, a civilian, in Minto, New South Wales, Australia. Ihsas Khan claimed responsibility for the incident, and authorities suspected that the attack was inspired by the Islamic State of Iraq and the Levant (ISIL). || The specific motive is unknown; however, authorities suspected that the attack was inspired by the Islamic State of Iraq and the Levant (ISIL). || ",2016,FALSE,TRUE,FALSE,TRUE,TRUE,FALSE,TRUE,TRUE,9,TRUE,FALSE,TRUE,probable_inspired,high_score_text_claim_signal
data/globalterrorismdb_0522dist.csv,201609170001,2016,9,17,NA,0,NA,217,United States,1,North America,New Jersey,Seaside Park,39.925748,-74.077553,1,0,NA,"09/17/2016: An explosive device detonated in Seaside Park, New Jersey, United States. It is believed that the blast was targeting a military charity race but failed to cause any casualties as the race was late to begin. This was one of four related attacks carried out by the assailant in the area. Ahmad Khan Rahami claimed responsibility for this incident and three similar bombings that occurred between September 17 and September 18, 2016 in New York and New Jersey. Sources suspected that Rahami may have been inspired by Abu Muhammad al Adnani, a spokesperson for the Islamic State of Iraq and the Levant (ISIL). Sources also noted that Rahami admired Osama bin Laden and Anwar al-Awlaki in his journal.",1,1,1,0,NA,NA,1,1,0,3,Bombing/Explosion,NA,NA,NA,NA,14,Private Citizens & Property,78,"Procession/Gathering (funeral, wedding, birthday, religious)",Seaside Semper Five Marine Corps Charity 5K,Charity Race,217,United States,NA,NA,NA,NA,NA,NA,NA,NA,NA,NA,NA,NA,NA,NA,NA,NA,Jihadi-inspired extremists,NA,NA,NA,NA,NA,"The specific motive is unknown; however, sources suspected that Ahmad Khan Rahami may have been inspired by Abu Muhammad al Adnani, a spokesperson for the Islamic State of Iraq and the Levant (ISIL). Sources also noted that Rahami admired Osama bin Laden and Anwar al-Awlaki within his journal.",0,NA,NA,1,1,1,1,5,Note left at scene,NA,NA,NA,NA,NA,NA,NA,6,Explosives,12,Remote Trigger,NA,NA,NA,NA,NA,NA,NA,NA,NA,NA,NA,NA,Three pipe bombs planted inside a garbage can and utilizing a flip phone as a triggering mechanism were used in the attack.,0,0,0,0,0,0,1,3,Minor (likely < $1 million),-99,A garbage can was damaged in this attack.,0,NA,NA,NA,NA,NA,NA,NA,NA,NA,NA,NA,NA,NA,NA,NA,NA,"""Ahmad Khan Rahami: Blood-soaked journal shows New York bombing suspect was inspired by Isis; Journal cites call to 'attack the kuffar [disbelievers] in their backyard',"" The Independent, September 22, 2016.","""Suspect in New York, New Jersey bombings charged with shooting officer, awaits federal charges,"" FOXNews.com, September 20, 2016.","""Pipe bomb explodes before charity race in New Jersey,"" New York Post, September 17, 2016.",START Primary Collection,-9,-9,0,-9,"201609170001, 201609170002, 201609170003, 201609180001",Jihadi-inspired extremists ||  ||  ||  ||  || ,"09/17/2016: An explosive device detonated in Seaside Park, New Jersey, United States. It is believed that the blast was targeting a military charity race but failed to cause any casualties as the race was late to begin. This was one of four related attacks carried out by the assailant in the area. Ahmad Khan Rahami claimed responsibility for this incident and three similar bombings that occurred between September 17 and September 18, 2016 in New York and New Jersey. Sources suspected that Rahami may have been inspired by Abu Muhammad al Adnani, a spokesperson for the Islamic State of Iraq and the Levant (ISIL). Sources also noted that Rahami admired Osama bin Laden and Anwar al-Awlaki in his journal. || The specific motive is unknown; however, sources suspected that Ahmad Khan Rahami may have been inspired by Abu Muhammad al Adnani, a spokesperson for the Islamic State of Iraq and the Levant (ISIL). Sources also noted that Rahami admired Osama bin Laden and Anwar al-Awlaki within his journal. || ",2016,FALSE,TRUE,FALSE,TRUE,TRUE,FALSE,TRUE,TRUE,9,TRUE,FALSE,TRUE,probable_inspired,high_score_text_claim_signal
data/globalterrorismdb_0522dist.csv,201609170002,2016,9,17,NA,0,NA,217,United States,1,North America,New York,New York City,40.694257,-73.93068,1,0,The incident occurred in the Chelsea area of Manhattan.,"09/17/2016: An explosive device detonated in the Chelsea neighborhood of Manhattan, New York City, United States. At least 29 people were injured in the blast. This was one of four related attacks carried out by the assailant in the area. Ahmad Khan Rahami claimed responsibility for this incident and three similar bombings that occurred between September 17 and September 18, 2016 in New York and New Jersey. Sources suspected that Rahami may have been inspired by Abu Muhammad al Adnani, a spokesperson for the Islamic State of Iraq and the Levant (ISIL). Sources also noted that Rahami admired Osama bin Laden and Anwar al-Awlaki in his journal.",1,1,1,0,NA,NA,1,1,0,3,Bombing/Explosion,NA,NA,NA,NA,14,Private Citizens & Property,67,Unnamed Civilian/Unspecified,Not Applicable,Civilians,217,United States,NA,NA,NA,NA,NA,NA,NA,NA,NA,NA,NA,NA,NA,NA,NA,NA,Jihadi-inspired extremists,NA,NA,NA,NA,NA,"The specific motive is unknown; however, sources suspected that Ahmad Khan Rahami may have been inspired by Abu Muhammad al Adnani, a spokesperson for the Islamic State of Iraq and the Levant (ISIL). Sources also noted that Rahami admired Osama bin Laden and Anwar al-Awlaki within his journal.",0,NA,NA,1,1,1,1,5,Note left at scene,NA,NA,NA,NA,NA,NA,NA,6,Explosives,12,Remote Trigger,NA,NA,NA,NA,NA,NA,NA,NA,NA,NA,NA,NA,A remote-controlled explosive device utilizing a flip phone as a triggering mechanism and containing ball bearings and BBs was used in the attack.,0,0,0,29,29,0,1,3,Minor (likely < $1 million),-99,A dumpster was damaged in this attack.,0,NA,NA,NA,NA,NA,NA,NA,NA,NA,NA,NA,NA,NA,NA,NA,"Casualty numbers conflict across sources. Following GTD protocol, the majority reliable estimates are reported here.","""Ahmad Khan Rahami: Blood-soaked journal shows New York bombing suspect was inspired by Isis; Journal cites call to 'attack the kuffar [disbelievers] in their backyard',"" The Independent, September 22, 2016.","""Suspect in New York, New Jersey bombings charged with shooting officer, awaits federal charges,"" FOXNews.com, September 20, 2016.","""Reports of explosion, injuries in NYC's Chelsea section,"" CNBC, September 18, 2016.",START Primary Collection,-9,-9,0,-9,"201609170001, 201609170002, 201609170003, 201609180001",Jihadi-inspired extremists ||  ||  ||  ||  || ,"09/17/2016: An explosive device detonated in the Chelsea neighborhood of Manhattan, New York City, United States. At least 29 people were injured in the blast. This was one of four related attacks carried out by the assailant in the area. Ahmad Khan Rahami claimed responsibility for this incident and three similar bombings that occurred between September 17 and September 18, 2016 in New York and New Jersey. Sources suspected that Rahami may have been inspired by Abu Muhammad al Adnani, a spokesperson for the Islamic State of Iraq and the Levant (ISIL). Sources also noted that Rahami admired Osama bin Laden and Anwar al-Awlaki in his journal. || The specific motive is unknown; however, sources suspected that Ahmad Khan Rahami may have been inspired by Abu Muhammad al Adnani, a spokesperson for the Islamic State of Iraq and the Levant (ISIL). Sources also noted that Rahami admired Osama bin Laden and Anwar al-Awlaki within his journal. || Casualty numbers conflict across sources. Following GTD protocol, the majority reliable estimates are reported here.",2016,FALSE,TRUE,FALSE,TRUE,TRUE,FALSE,TRUE,TRUE,9,TRUE,FALSE,TRUE,probable_inspired,high_score_text_claim_signal
data/globalterrorismdb_0522dist.csv,201609170003,2016,9,17,NA,0,NA,217,United States,1,North America,New York,New York City,40.694257,-73.93068,1,0,The incident occurred in the Chelsea area of Manhattan.,"09/17/2016: Security forces discovered and defused an explosive device in the Chelsea neighborhood of Manhattan, New York City, United States. The device was discovered several blocks away from an explosion that occurred earlier the same day. This was one of four related attacks carried out by the assailant in the area. Ahmad Khan Rahami claimed responsibility for this incident and three similar bombings that occurred between September 17 and September 18, 2016 in New York and New Jersey. Sources suspected that Rahami may have been inspired by Abu Muhammad al Adnani, a spokesperson for the Islamic State of Iraq and the Levant (ISIL). Sources also noted that Rahami admired Osama bin Laden and Anwar al-Awlaki in his journal.",1,1,1,0,NA,NA,1,0,0,3,Bombing/Explosion,NA,NA,NA,NA,14,Private Citizens & Property,67,Unnamed Civilian/Unspecified,Not Applicable,Civilians,217,United States,NA,NA,NA,NA,NA,NA,NA,NA,NA,NA,NA,NA,NA,NA,NA,NA,Jihadi-inspired extremists,NA,NA,NA,NA,NA,"The specific motive is unknown; however, sources suspected that Ahmad Khan Rahami may have been inspired by Abu Muhammad al Adnani, a spokesperson for the Islamic State of Iraq and the Levant (ISIL). Sources also noted that Rahami admired Osama bin Laden and Anwar al-Awlaki within his journal.",0,NA,NA,1,1,1,1,5,Note left at scene,NA,NA,NA,NA,NA,NA,NA,6,Explosives,12,Remote Trigger,NA,NA,NA,NA,NA,NA,NA,NA,NA,NA,NA,NA,An explosives-laden pressure cooker utilizing a flip phone as a triggering mechanism and containing ball bearings and BBs was used in the attack.,0,0,0,0,0,0,0,NA,NA,NA,NA,0,NA,NA,NA,NA,NA,NA,NA,NA,NA,NA,NA,NA,NA,NA,NA,NA,"""Ahmad Khan Rahami: Blood-soaked journal shows New York bombing suspect was inspired by Isis; Journal cites call to 'attack the kuffar [disbelievers] in their backyard',"" The Independent, September 22, 2016.","""Suspect in New York, New Jersey bombings charged with shooting officer, awaits federal charges,"" FOXNews.com, September 20, 2016.","""Reports of explosion, injuries in NYC's Chelsea section,"" CNBC, September 18, 2016.",START Primary Collection,-9,-9,0,-9,"201609170001, 201609170002, 201609170003, 201609180001",Jihadi-inspired extremists ||  ||  ||  ||  || ,"09/17/2016: Security forces discovered and defused an explosive device in the Chelsea neighborhood of Manhattan, New York City, United States. The device was discovered several blocks away from an explosion that occurred earlier the same day. This was one of four related attacks carried out by the assailant in the area. Ahmad Khan Rahami claimed responsibility for this incident and three similar bombings that occurred between September 17 and September 18, 2016 in New York and New Jersey. Sources suspected that Rahami may have been inspired by Abu Muhammad al Adnani, a spokesperson for the Islamic State of Iraq and the Levant (ISIL). Sources also noted that Rahami admired Osama bin Laden and Anwar al-Awlaki in his journal. || The specific motive is unknown; however, sources suspected that Ahmad Khan Rahami may have been inspired by Abu Muhammad al Adnani, a spokesperson for the Islamic State of Iraq and the Levant (ISIL). Sources also noted that Rahami admired Osama bin Laden and Anwar al-Awlaki within his journal. || ",2016,FALSE,TRUE,FALSE,TRUE,TRUE,FALSE,TRUE,TRUE,9,TRUE,FALSE,TRUE,probable_inspired,high_score_text_claim_signal
data/globalterrorismdb_0522dist.csv,201609170004,2016,9,17,NA,0,NA,217,United States,1,North America,Minnesota,St. Cloud,45.533943,-94.171813,1,0,NA,"09/17/2016: An assailant stabbed and injured 10 people at the Crossroads Center shopping mall in St. Cloud, Minnesota, United States. The assailant, identified as Dahir Ahmed Adan, was shot and killed by a police officer. The Islamic State of Iraq and the Levant (ISIL) claimed responsibility for the incident; however, Adan's connection to ISIL could not be confirmed.",1,1,1,0,NA,NA,0,1,0,2,Armed Assault,NA,NA,NA,NA,1,Business,7,Retail/Grocery/Bakery,Crossroads Center Shopping Mall,Shopping Mall,217,United States,NA,NA,NA,NA,NA,NA,NA,NA,NA,NA,NA,NA,NA,NA,NA,NA,Jihadi-inspired extremists,NA,NA,NA,NA,NA,"The specific motive is unknown; however, James Comey, the director of the Federal Bureau of Investigation (FBI) stated that Dahir Ahmed Adan seemed to have been inspired by ""radical Islamic groups.""",0,NA,NA,1,1,0,0,NA,NA,NA,NA,NA,NA,NA,NA,NA,9,Melee,23,Knife or Other Sharp Object,NA,NA,NA,NA,NA,NA,NA,NA,NA,NA,NA,NA,A knife was used in the attack.,1,1,1,10,10,0,0,NA,NA,NA,NA,0,NA,NA,NA,NA,NA,NA,NA,NA,NA,NA,NA,NA,NA,NA,NA,"Casualty numbers conflict across sources. Following GTD protocol, the most recent reliable estimates are reported here.","""FBI head: Extremism apparent influence in Minnesota attack,"" The Associated Press, September 28, 2016.","""FBI seeks public's help in Minnesota mall stabbings,"" Associated Press, September 22, 2016.","""Eight wounded, suspect killed in Minnesota attack claimed by IS,"" Middle East Eye, September 19, 2016.",START Primary Collection,-9,-9,0,-9,NA,Jihadi-inspired extremists ||  ||  ||  ||  || ,"09/17/2016: An assailant stabbed and injured 10 people at the Crossroads Center shopping mall in St. Cloud, Minnesota, United States. The assailant, identified as Dahir Ahmed Adan, was shot and killed by a police officer. The Islamic State of Iraq and the Levant (ISIL) claimed responsibility for the incident; however, Adan's connection to ISIL could not be confirmed. || The specific motive is unknown; however, James Comey, the director of the Federal Bureau of Investigation (FBI) stated that Dahir Ahmed Adan seemed to have been inspired by ""radical Islamic groups."" || Casualty numbers conflict across sources. Following GTD protocol, the most recent reliable estimates are reported here.",2016,FALSE,TRUE,FALSE,TRUE,TRUE,FALSE,FALSE,TRUE,7,TRUE,FALSE,TRUE,probable_inspired,high_score_text_claim_signal
data/globalterrorismdb_0522dist.csv,201609180001,2016,9,18,NA,0,NA,217,United States,1,North America,New Jersey,Elizabeth,40.666471,-74.193905,1,0,NA,"09/18/2016: Security forces discovered and attempted to defuse five explosive devices near a train station in Elizabeth, New Jersey, United States. One device detonated but failed to cause any casualties. This was one of four related attacks carried out by the assailant in the area. Ahmad Khan Rahami claimed responsibility for this incident and three similar bombings that occurred between September 17 and September 18, 2016 in New York and New Jersey. Sources suspected that Rahami may have been inspired by Abu Muhammad al Adnani, a spokesperson for the Islamic State of Iraq and the Levant (ISIL). Sources also noted that Rahami admired Osama bin Laden and Anwar al-Awlaki in his journal.",1,1,1,0,NA,NA,1,1,0,3,Bombing/Explosion,NA,NA,NA,NA,19,Transportation,100,Train/Train Tracks/Trolley,New Jersey Transit Corporation,Elizabeth Train Station,217,United States,NA,NA,NA,NA,NA,NA,NA,NA,NA,NA,NA,NA,NA,NA,NA,NA,Jihadi-inspired extremists,NA,NA,NA,NA,NA,"The specific motive is unknown; however, sources suspected that Ahmad Khan Rahami may have been inspired by Abu Muhammad al Adnani, a spokesperson for the Islamic State of Iraq and the Levant (ISIL). Sources also noted that Rahami admired Osama bin Laden and Anwar al-Awlaki within his journal.",0,NA,NA,1,1,1,1,5,Note left at scene,NA,NA,NA,NA,NA,NA,NA,6,Explosives,12,Remote Trigger,NA,NA,NA,NA,NA,NA,NA,NA,NA,NA,NA,NA,Five pipe bombs utilizing a flip phone as a triggering mechanism and planted inside a backpack were used in the attack.,0,0,0,0,0,0,1,3,Minor (likely < $1 million),-99,A bomb defusing robot was damaged in this attack.,0,NA,NA,NA,NA,NA,NA,NA,NA,NA,NA,NA,NA,NA,NA,NA,NA,"""Pipe Bombs Found Near Train Station in Elizabeth, N.J.,"" New York Times, September 19, 2016.","""Ahmad Khan Rahami: Blood-soaked journal shows New York bombing suspect was inspired by Isis; Journal cites call to 'attack the kuffar [disbelievers] in their backyard',"" The Independent, September 22, 2016.","""Suspect in New York, New Jersey bombings charged with shooting officer, awaits federal charges,"" FOXNews.com, September 20, 2016.",START Primary Collection,-9,-9,0,-9,"201609170001, 201609170002, 201609170003, 201609180001",Jihadi-inspired extremists ||  ||  ||  ||  || ,"09/18/2016: Security forces discovered and attempted to defuse five explosive devices near a train station in Elizabeth, New Jersey, United States. One device detonated but failed to cause any casualties. This was one of four related attacks carried out by the assailant in the area. Ahmad Khan Rahami claimed responsibility for this incident and three similar bombings that occurred between September 17 and September 18, 2016 in New York and New Jersey. Sources suspected that Rahami may have been inspired by Abu Muhammad al Adnani, a spokesperson for the Islamic State of Iraq and the Levant (ISIL). Sources also noted that Rahami admired Osama bin Laden and Anwar al-Awlaki in his journal. || The specific motive is unknown; however, sources suspected that Ahmad Khan Rahami may have been inspired by Abu Muhammad al Adnani, a spokesperson for the Islamic State of Iraq and the Levant (ISIL). Sources also noted that Rahami admired Osama bin Laden and Anwar al-Awlaki within his journal. || ",2016,FALSE,TRUE,FALSE,TRUE,TRUE,FALSE,TRUE,TRUE,9,TRUE,FALSE,TRUE,probable_inspired,high_score_text_claim_signal
data/globalterrorismdb_0522dist.csv,201610080022,2016,10,8,NA,0,NA,106,Kuwait,10,Middle East & North Africa,Unknown,Unknown,NA,NA,5,0,NA,"10/08/2016: A potential suicide bomber rammed a garbage truck into a vehicle carrying United States military personnel in Kuwait. The assailant was injured in the attack. The assailant, identified as Ibrahim Sulaiman, had pledged allegiance to the Islamic State of Iraq and the Levant (ISIL).",1,1,0,1,1,Insurgency/Guerilla Action,0,0,1,3,Bombing/Explosion,NA,NA,NA,NA,4,Military,35,Military Transportation/Vehicle (excluding convoys),United States Armed Forces,Vehicle,217,United States,NA,NA,NA,NA,NA,NA,NA,NA,NA,NA,NA,NA,NA,NA,NA,NA,Jihadi-inspired extremists,NA,NA,NA,NA,NA,"An unaffiliated individual, identified as Ibrahim Sulaiman, claimed responsibility for the incident and pledged allegiance to the Islamic State of Iraq and the Levant (ISIL).",0,NA,NA,1,1,1,1,5,Note left at scene,NA,NA,NA,NA,NA,NA,NA,6,Explosives,15,Vehicle,6,Explosives,13,Suicide (carried bodily by human being),NA,NA,NA,NA,NA,NA,NA,NA,An explosives-laden garbage truck and an explosives-laden belt were used in the attack.,0,0,0,1,0,1,-9,NA,NA,NA,NA,0,NA,NA,NA,NA,NA,NA,NA,NA,NA,NA,NA,NA,NA,NA,NA,NA,"""Truck-attack driver in Kuwait admits links to terror group Daesh,"" Gulf News (United Arab Emirates), October 10, 2016.","""Kuwait arrests suspected Islamist after truck attack on Americans,"" Reuters UK, October 8, 2016.","""Kuwait arrests 'IS member' over US truck-ramming attack,"" Agence France-Presse Top News (English), t, October 8, 2016.",START Primary Collection,-9,-9,1,1,NA,Jihadi-inspired extremists ||  ||  ||  ||  || ,"10/08/2016: A potential suicide bomber rammed a garbage truck into a vehicle carrying United States military personnel in Kuwait. The assailant was injured in the attack. The assailant, identified as Ibrahim Sulaiman, had pledged allegiance to the Islamic State of Iraq and the Levant (ISIL). || An unaffiliated individual, identified as Ibrahim Sulaiman, claimed responsibility for the incident and pledged allegiance to the Islamic State of Iraq and the Levant (ISIL). || ",2016,FALSE,TRUE,FALSE,TRUE,TRUE,FALSE,TRUE,TRUE,9,TRUE,FALSE,TRUE,probable_inspired,high_score_text_claim_signal
data/globalterrorismdb_0522dist.csv,201611240059,2016,11,24,NA,0,NA,14,Australia,12,Australasia & Oceania,Victoria,Fawkner,-37.698036,144.965437,1,0,The incident occurred in the Fawkner suburb in the north of the city.,"11/24/2016: Assailants threw incendiary devices at the Imam Ali Islamic Center in Fawkner, north of Melbourne, Victoria, Australia. There were no reported casualties in the attack. Abdullah Chaarani and Ahmed Mohammed claimed responsibility for the incident.",1,1,1,0,NA,NA,0,1,0,7,Facility/Infrastructure Attack,NA,NA,NA,NA,15,Religious Figures/Institutions,87,Affiliated Institution,Imam Ali Islamic Center,Islamic Community Center,14,Australia,NA,NA,NA,NA,NA,NA,NA,NA,NA,NA,NA,NA,NA,NA,NA,NA,Jihadi-inspired extremists,NA,NA,NA,NA,NA,"Sources noted that the assailants spray-painted ""Islamic State"" on the targeted mosque. Sources also noted that the attack was carried out in order ""to seek to advance Sunni Islam while intimidating Shia Muslims.""",0,NA,NA,1,2,2,1,5,Note left at scene,NA,NA,NA,NA,NA,NA,NA,8,Incendiary,19,Molotov Cocktail/Petrol Bomb,NA,NA,NA,NA,NA,NA,NA,NA,NA,NA,NA,NA,Firebombs were used in the attack.,0,0,0,0,0,0,1,3,Minor (likely < $1 million),-99,An Islamic center was damaged in this attack.,0,NA,NA,NA,NA,NA,NA,NA,NA,NA,NA,NA,NA,NA,NA,NA,NA,"""Three men face charges for IS-inspired arson attacks in Melbourne,"" Deutsche Presse-Agentur, August 20, 2017.","""Police search for culprits behind the fire-bombing of Islamic community centre,"" Sydney Morning Herald, February 25, 2017.","""Attacks on Vic Islamic Centre probed,"" Herald Sun, January 30, 2017.",START Primary Collection,-9,-9,0,-9,NA,Jihadi-inspired extremists ||  ||  ||  ||  || ,"11/24/2016: Assailants threw incendiary devices at the Imam Ali Islamic Center in Fawkner, north of Melbourne, Victoria, Australia. There were no reported casualties in the attack. Abdullah Chaarani and Ahmed Mohammed claimed responsibility for the incident. || Sources noted that the assailants spray-painted ""Islamic State"" on the targeted mosque. Sources also noted that the attack was carried out in order ""to seek to advance Sunni Islam while intimidating Shia Muslims."" || ",2016,FALSE,TRUE,FALSE,TRUE,TRUE,FALSE,TRUE,TRUE,9,TRUE,FALSE,TRUE,probable_inspired,high_score_text_claim_signal
data/globalterrorismdb_0522dist.csv,201611260051,2016,11,26,NA,0,NA,75,Germany,8,Western Europe,Rhineland-Palatinate,Ludwigshafen,49.477083,8.445291,1,0,NA,"11/26/2016: An explosive device was discovered and defused at a Christmas market in Ludwigshafen, Rhineland-Palatinate, Germany. No group claimed responsibility for the incident.",1,1,1,0,NA,NA,0,0,0,3,Bombing/Explosion,NA,NA,NA,NA,14,Private Citizens & Property,74,Marketplace/Plaza/Square,Unknown,Christmas Market,75,Germany,NA,NA,NA,NA,NA,NA,NA,NA,NA,NA,NA,NA,NA,NA,NA,NA,Jihadi-inspired extremists,NA,NA,NA,NA,NA,"The specific motive is unknown; however, sources suspected that the assailant, an unnamed 12 year old boy, was inspired by the Islamic State of Iraq and the Levant (ISIL).",0,NA,NA,1,1,1,0,NA,NA,NA,NA,NA,NA,NA,NA,NA,6,Explosives,17,Other Explosive Type,NA,NA,NA,NA,NA,NA,NA,NA,NA,NA,NA,NA,A homemade explosive device containing nails was used in the attack.,0,0,0,0,0,0,0,NA,NA,NA,NA,0,NA,NA,NA,NA,NA,NA,NA,NA,NA,NA,NA,NA,NA,NA,NA,NA,"""1ST LEAD,"" Deutsche Presse-Agentur, December 16, 2016.","""Boy, 12, 'tried to bomb German market',"" BBC, December 16, 2016.","""Boy, 12, 'attempted to blow up nail bomb at German Christmas market',"" Telegraph, December 16, 2016.",START Primary Collection,-9,-9,0,-9,NA,Jihadi-inspired extremists ||  ||  ||  ||  || ,"11/26/2016: An explosive device was discovered and defused at a Christmas market in Ludwigshafen, Rhineland-Palatinate, Germany. No group claimed responsibility for the incident. || The specific motive is unknown; however, sources suspected that the assailant, an unnamed 12 year old boy, was inspired by the Islamic State of Iraq and the Levant (ISIL). || ",2016,FALSE,TRUE,FALSE,TRUE,TRUE,FALSE,FALSE,TRUE,7,TRUE,FALSE,TRUE,probable_inspired,high_score_text_claim_signal
data/globalterrorismdb_0522dist.csv,201611280001,2016,11,28,NA,0,NA,217,United States,1,North America,Ohio,Columbus,39.986215,-82.985006,1,0,NA,"11/28/2016: An assailant rammed his vehicle into a group of students and stabbed bystanders at Ohio State University in Columbus, Ohio, United States. At least 11 people were injured before a nearby police officer shot and killed the assailant. The assailant, identified as Abdul Razak Ali Artan, wrote on his Facebook page prior to the attack, ""If you want us Muslims to stop carrying lone wolf attacks, then make peace with the Islamic State group."" The Islamic State of Iraq and the Levant (ISIL) also claimed responsibility for the incident; however, Artan's connection to ISIL could not be confirmed.",1,1,1,0,NA,NA,0,1,0,2,Armed Assault,NA,NA,NA,NA,14,Private Citizens & Property,70,Student,Ohio State University,Students,217,United States,NA,NA,NA,NA,NA,NA,NA,NA,NA,NA,NA,NA,NA,NA,NA,NA,Jihadi-inspired extremists,NA,NA,NA,NA,NA,"An unaffiliated individual, identified as Abdul Razak Ali Artan, claimed responsibility for the incident and wrote on his Facebook page prior to the attack, ""If you want us Muslims to stop carrying lone wolf attacks, then make peace with the Islamic State group."" Sources also noted that Artan indicated that he felt uncomfortable when praying at Ohio State University.",0,NA,NA,1,1,0,1,7,"Posted to website, blog, etc.",NA,NA,NA,NA,NA,NA,NA,9,Melee,23,Knife or Other Sharp Object,10,"Vehicle (not to include vehicle-borne explosives, i.e., car or truck bombs)",NA,NA,NA,NA,NA,NA,NA,NA,NA,NA,A knife and a vehicle were used in the attack.,1,0,1,11,11,0,0,NA,NA,NA,NA,0,NA,NA,NA,NA,NA,NA,NA,NA,NA,NA,NA,NA,NA,NA,NA,NA,"""Ohio State University attack: Suspect dead and nine injured,"" BBC, November 28, 2016.","""ISIS says Ohio State attacker was its 'soldier',"" Providence Journal, November 29, 2016.","""Ohio State attack: Terrorism eyed as police seek more info,"" Mail Online UK, November 29, 2016.",START Primary Collection,-9,-9,0,-9,NA,Jihadi-inspired extremists ||  ||  ||  ||  || ,"11/28/2016: An assailant rammed his vehicle into a group of students and stabbed bystanders at Ohio State University in Columbus, Ohio, United States. At least 11 people were injured before a nearby police officer shot and killed the assailant. The assailant, identified as Abdul Razak Ali Artan, wrote on his Facebook page prior to the attack, ""If you want us Muslims to stop carrying lone wolf attacks, then make peace with the Islamic State group."" The Islamic State of Iraq and the Levant (ISIL) also claimed responsibility for the incident; however, Artan's connection to ISIL could not be confirmed. || An unaffiliated individual, identified as Abdul Razak Ali Artan, claimed responsibility for the incident and wrote on his Facebook page prior to the attack, ""If you want us Muslims to stop carrying lone wolf attacks, then make peace with the Islamic State group."" Sources also noted that Artan indicated that he felt uncomfortable when praying at Ohio State University. || ",2016,FALSE,TRUE,FALSE,TRUE,TRUE,FALSE,TRUE,TRUE,9,TRUE,FALSE,TRUE,probable_inspired,high_score_text_claim_signal
data/globalterrorismdb_0522dist.csv,201611300026,2016,11,30,NA,0,NA,42,Chad,11,Sub-Saharan Africa,N'Djamena,N'Djamena,12.126693,15.0284,1,0,The incident occurred at the US Embassy.,"11/30/2016: An assailant opened fire on the United States Embassy in N'Djamena, Chad. There were no reported casualties in the attack, and the assailant was arrested by police. The assailant had pledged allegiance to the Islamic State of Iraq and the Levant (ISIL).",1,1,1,0,NA,NA,0,0,0,2,Armed Assault,NA,NA,NA,NA,7,Government (Diplomatic),46,Embassy/Consulate,United States Department of State,Embassy,217,United States,NA,NA,NA,NA,NA,NA,NA,NA,NA,NA,NA,NA,NA,NA,NA,NA,Jihadi-inspired extremists,NA,NA,NA,NA,NA,An unidentified unaffiliated individual claimed responsibility for the incident and pledged allegiance to the Islamic State of Iraq and the Levant (ISIL).,0,NA,NA,0,1,1,1,5,Note left at scene,NA,NA,NA,NA,NA,NA,NA,5,Firearms,3,Handgun,NA,NA,NA,NA,NA,NA,NA,NA,NA,NA,NA,NA,A pistol was used in the attack.,0,0,0,0,0,0,0,NA,NA,NA,NA,0,NA,NA,NA,NA,NA,NA,NA,NA,NA,NA,NA,NA,NA,NA,NA,NA,"""Hosted Product: Chad Weekly Digest December 5, 2016,"" Chad Weekly Digest, December 5, 2016.","""Central Africa Roundup: UN fears new DRCongo ethnic clashes,"" BBC Monitoring, December 1, 2016.","""Revision: Chad: Security Sources Say Suspected Islamic State Militant Arrested After Firing at US Embassy,"" Tchadinfos.com, November 30, 2016.",START Primary Collection,-9,-9,1,1,NA,Jihadi-inspired extremists ||  ||  ||  ||  || ,"11/30/2016: An assailant opened fire on the United States Embassy in N'Djamena, Chad. There were no reported casualties in the attack, and the assailant was arrested by police. The assailant had pledged allegiance to the Islamic State of Iraq and the Levant (ISIL). || An unidentified unaffiliated individual claimed responsibility for the incident and pledged allegiance to the Islamic State of Iraq and the Levant (ISIL). || ",2016,FALSE,TRUE,FALSE,TRUE,TRUE,FALSE,TRUE,TRUE,9,TRUE,FALSE,TRUE,probable_inspired,high_score_text_claim_signal
data/globalterrorismdb_0522dist.csv,201612050022,2016,12,5,NA,0,NA,75,Germany,8,Western Europe,Rhineland-Palatinate,Ludwigshafen,49.484633,8.442973,1,0,NA,"12/05/2016: An explosive device was discovered and defused at a Christmas market in Ludwigshafen, Rhineland-Palatinate, Germany. No group claimed responsibility for the incident; however, authorities identified the assailant as a 12-year-old child and posited that he had been inspired by the Islamic State of Iraq and the Levant (ISIL).",1,1,1,0,NA,NA,0,0,0,3,Bombing/Explosion,NA,NA,NA,NA,14,Private Citizens & Property,74,Marketplace/Plaza/Square,Unknown,Christmas Market,75,Germany,NA,NA,NA,NA,NA,NA,NA,NA,NA,NA,NA,NA,NA,NA,NA,NA,Jihadi-inspired extremists,NA,NA,NA,NA,NA,"The specific motive is unknown; however, sources suspected that the assailant, an unnamed 12 year old boy, was inspired by the Islamic State of Iraq and the Levant (ISIL).",0,NA,NA,1,1,1,0,NA,NA,NA,NA,NA,NA,NA,NA,NA,6,Explosives,17,Other Explosive Type,NA,NA,NA,NA,NA,NA,NA,NA,NA,NA,NA,NA,A crude explosive device containing nails and concealed in a backpack was used in the attack.,0,0,0,0,0,0,0,NA,NA,NA,NA,0,NA,NA,NA,NA,NA,NA,NA,NA,NA,NA,NA,NA,NA,NA,NA,NA,"""1ST LEAD,"" Deutsche Presse-Agentur, December 16, 2016.","""Boy, 12, 'tried to bomb German market',"" BBC, December 16, 2016.","""Boy, 12, 'attempted to blow up nail bomb at German Christmas market',"" Telegraph, December 16, 2016.",START Primary Collection,-9,-9,0,-9,NA,Jihadi-inspired extremists ||  ||  ||  ||  || ,"12/05/2016: An explosive device was discovered and defused at a Christmas market in Ludwigshafen, Rhineland-Palatinate, Germany. No group claimed responsibility for the incident; however, authorities identified the assailant as a 12-year-old child and posited that he had been inspired by the Islamic State of Iraq and the Levant (ISIL). || The specific motive is unknown; however, sources suspected that the assailant, an unnamed 12 year old boy, was inspired by the Islamic State of Iraq and the Levant (ISIL). || ",2016,FALSE,TRUE,FALSE,TRUE,TRUE,FALSE,FALSE,TRUE,7,TRUE,FALSE,TRUE,probable_inspired,high_score_text_claim_signal
data/globalterrorismdb_0522dist.csv,201612110032,2016,12,11,NA,0,NA,14,Australia,12,Australasia & Oceania,Victoria,Fawkner,-37.698082,144.964664,1,0,NA,"12/11/2016: Assailants threw an incendiary device at the Imam Ali Islamic Centre in Fawkner, Victoria, Australia. There were no reported casualties. No group claimed responsibility for the incident and while the specific motive is unknown, the words ""Islamic State"" were spray-painted on the building.",1,1,1,0,NA,NA,0,1,0,7,Facility/Infrastructure Attack,NA,NA,NA,NA,15,Religious Figures/Institutions,87,Affiliated Institution,Imam Ali Islamic Centre,Religious Community Center,14,Australia,NA,NA,NA,NA,NA,NA,NA,NA,NA,NA,NA,NA,NA,NA,NA,NA,Jihadi-inspired extremists,NA,NA,NA,NA,NA,"Jihadi-Inspired extremists claimed responsibility for the incident and stated ""that Sunnis were the only Muslims."" Sources also noted that the assailants carried out the attack in order to intimidate members of the Shia Muslim community.",0,NA,NA,1,3,3,1,8,Personal claim,NA,NA,NA,NA,NA,NA,NA,8,Incendiary,19,Molotov Cocktail/Petrol Bomb,NA,NA,NA,NA,NA,NA,NA,NA,NA,NA,NA,NA,A firebomb was used in the attack.,0,0,0,0,0,0,1,3,Minor (likely < $1 million),-99,An Islamic center was damaged in this attack.,0,NA,NA,NA,NA,NA,NA,NA,NA,NA,NA,NA,NA,NA,NA,NA,NA,"""Three men face charges for IS-inspired arson attacks in Melbourne,"" Deutsche Presse-Agentur, August 20, 2017.","""Attacks on Vic Islamic Centre probed,"" Herald Sun, January 30, 2017.","""Islamic centre firebombed and tagged with ""Islamic State"" graffiti,"" Sydney Morning Herald, December 11, 2016.",START Primary Collection,-9,-9,0,-9,NA,Jihadi-inspired extremists ||  ||  ||  ||  || ,"12/11/2016: Assailants threw an incendiary device at the Imam Ali Islamic Centre in Fawkner, Victoria, Australia. There were no reported casualties. No group claimed responsibility for the incident and while the specific motive is unknown, the words ""Islamic State"" were spray-painted on the building. || Jihadi-Inspired extremists claimed responsibility for the incident and stated ""that Sunnis were the only Muslims."" Sources also noted that the assailants carried out the attack in order to intimidate members of the Shia Muslim community. || ",2016,FALSE,TRUE,FALSE,TRUE,TRUE,FALSE,TRUE,TRUE,9,TRUE,FALSE,TRUE,probable_inspired,high_score_text_claim_signal
data/globalterrorismdb_0522dist.csv,201612190002,2016,12,19,NA,0,NA,75,Germany,8,Western Europe,Berlin,Berlin,52.501532,13.40185,1,0,The incident occurred in the Breitscheidplatz area of the city.,"12/19/2016: An assailant drove a truck into a Christmas market in Breitscheidplatz, Berlin, Germany. At least 12 people were killed and 48 people, including two United States citizens, were injured in the attack. This was one of two attacks carried out on the same day; in an earlier event, the assailant hijacked the vehicle and killed the driver. The assailant, identified as Anis Amri, had pledged allegiance to the Islamic State of Iraq and the Levant (ISIL). In addition, ISIL claimed responsibility for the incident; however, the assailant's connection to the group could not be confirmed. Amri was killed several days later by police officers in Milan, Italy.",1,1,1,0,NA,NA,1,1,0,8,Unarmed Assault,NA,NA,NA,NA,14,Private Citizens & Property,74,Marketplace/Plaza/Square,Unknown,Breitscheidplatz Christmas Market,75,Germany,14,Private Citizens & Property,67,Unnamed Civilian/Unspecified,Not Applicable,Civilians,999,Multinational,NA,NA,NA,NA,NA,NA,NA,NA,Jihadi-inspired extremists,NA,NA,NA,NA,NA,"An unaffiliated individual, identified as Anis Amri, claimed responsibility for the incident and pledged allegiance to the Islamic State of Iraq and the Levant (ISIL).",0,NA,NA,1,1,0,1,6,Video,NA,NA,NA,NA,NA,NA,NA,10,"Vehicle (not to include vehicle-borne explosives, i.e., car or truck bombs)",NA,NA,NA,NA,NA,NA,NA,NA,NA,NA,NA,NA,NA,NA,A Scania R 450 semi-trailer truck was used in the attack.,12,0,0,48,2,0,1,3,Minor (likely < $1 million),-99,Stalls at a Christmas market were damaged in this attack.,0,NA,NA,NA,NA,NA,NA,NA,NA,NA,NA,NA,NA,NA,NA,NA,NA,"""Berlin - Berlin truck attack: the investigation so far,"" AFP (North European Service), December 21, 2016.","""Reports: Berlin attack suspect Anis Amri shot dead in Italy,"" USA Today, December 23, 2016.","""BROWNSVILLE MAN AMONG 2 AMERICANS HURT IN BERLIN CHRISTMAS MARKET ATTACK,"" ABC 13 KTRK-TV (Houston), December 22, 2016.",START Primary Collection,-9,-9,1,1,"201612190002, 201612190003",Jihadi-inspired extremists ||  ||  ||  ||  || ,"12/19/2016: An assailant drove a truck into a Christmas market in Breitscheidplatz, Berlin, Germany. At least 12 people were killed and 48 people, including two United States citizens, were injured in the attack. This was one of two attacks carried out on the same day; in an earlier event, the assailant hijacked the vehicle and killed the driver. The assailant, identified as Anis Amri, had pledged allegiance to the Islamic State of Iraq and the Levant (ISIL). In addition, ISIL claimed responsibility for the incident; however, the assailant's connection to the group could not be confirmed. Amri was killed several days later by police officers in Milan, Italy. || An unaffiliated individual, identified as Anis Amri, claimed responsibility for the incident and pledged allegiance to the Islamic State of Iraq and the Levant (ISIL). || ",2016,FALSE,TRUE,FALSE,TRUE,TRUE,FALSE,TRUE,TRUE,9,TRUE,FALSE,TRUE,probable_inspired,high_score_text_claim_signal
data/globalterrorismdb_0522dist.csv,201612190003,2016,12,19,NA,0,NA,75,Germany,8,Western Europe,Berlin,Berlin,52.501532,13.40185,1,0,The incident occurred in the northwest of the city.,"12/19/2016: An assailant hijacked a truck and later killed the driver in northwest Berlin, Germany. This was one of two attacks carried out on the same day; in a later event, the assailant drove the hijacked vehicle into a market, killing and injuring a number of people. The assailant, identified as Anis Amri, had pledged allegiance to the Islamic State of Iraq and the Levant (ISIL). In addition, ISIL claimed responsibility for the incident; however, the assailant's connection to the group could not be confirmed. Amri was killed several days later by police officers in Milan, Italy.",1,1,1,0,NA,NA,1,1,0,4,Hijacking,NA,NA,NA,NA,14,Private Citizens & Property,77,Laborer (General)/Occupation Identified,Unknown,Truck Driver: Lukasz Urban,161,Poland,NA,NA,NA,NA,NA,NA,NA,NA,NA,NA,NA,NA,NA,NA,NA,NA,Jihadi-inspired extremists,NA,NA,NA,NA,NA,"An unaffiliated individual, identified as Anis Amri, claimed responsibility for the incident and pledged allegiance to the Islamic State of Iraq and the Levant (ISIL).",0,NA,NA,1,1,0,1,6,Video,NA,NA,NA,NA,NA,NA,NA,5,Firearms,5,Unknown Gun Type,9,Melee,23,Knife or Other Sharp Object,NA,NA,NA,NA,NA,NA,NA,NA,NA,1,0,0,0,0,0,1,3,Minor (likely < $1 million),-99,A truck was stolen in this attack.,1,1,0,2,NA,NA,NA,0,NA,NA,NA,NA,NA,4,Hostage(s) killed (not during rescue attempt),0,NA,"""Berlin - Berlin truck attack: the investigation so far,"" AFP (North European Service), December 21, 2016.","""Report: Polish truck driver shot hours before,"" Europe Online Magazine, December 26, 2016.","""Reports: Berlin attack suspect Anis Amri shot dead in Italy,"" USA Today, December 23, 2016.",START Primary Collection,-9,-9,1,1,"201612190002, 201612190003",Jihadi-inspired extremists ||  ||  ||  ||  || ,"12/19/2016: An assailant hijacked a truck and later killed the driver in northwest Berlin, Germany. This was one of two attacks carried out on the same day; in a later event, the assailant drove the hijacked vehicle into a market, killing and injuring a number of people. The assailant, identified as Anis Amri, had pledged allegiance to the Islamic State of Iraq and the Levant (ISIL). In addition, ISIL claimed responsibility for the incident; however, the assailant's connection to the group could not be confirmed. Amri was killed several days later by police officers in Milan, Italy. || An unaffiliated individual, identified as Anis Amri, claimed responsibility for the incident and pledged allegiance to the Islamic State of Iraq and the Levant (ISIL). || ",2016,FALSE,TRUE,FALSE,TRUE,TRUE,FALSE,TRUE,TRUE,9,TRUE,FALSE,TRUE,probable_inspired,high_score_text_claim_signal
data/globalterrorismdb_0522dist.csv,201612230001,2016,12,23,NA,0,NA,98,Italy,8,Western Europe,Lombardy,Milan,45.532824,9.225688,1,0,The incident occurred in the Sesto San Giovanni neighborhood.,"12/23/2016: An assailant opened fire on police officers who had stopped him for an identification check in Sesto San Giovanni, Milan, Lombardy, Italy. One police officer was injured and the assailant was killed in the ensuing clash. The assailant, identified as Anis Amri, had pledged allegiance to the Islamic State of Iraq and the Levant (ISIL). Authorities identified Amri as the individual who had several days prior driven a vehicle into a market in Berlin, killing and injuring a number of people.",1,1,1,0,NA,NA,0,1,0,2,Armed Assault,NA,NA,NA,NA,3,Police,25,Police Security Forces/Officers,Department of Public Security (DPS),Officers,98,Italy,NA,NA,NA,NA,NA,NA,NA,NA,NA,NA,NA,NA,NA,NA,NA,NA,Jihadi-inspired extremists,NA,NA,NA,NA,NA,"An unaffiliated individual, identified as Anis Amri, claimed responsibility for the incident and pledged allegiance to the Islamic State of Iraq and the Levant (ISIL).",0,NA,NA,1,1,0,1,6,Video,NA,NA,NA,NA,NA,NA,NA,5,Firearms,5,Unknown Gun Type,NA,NA,NA,NA,NA,NA,NA,NA,NA,NA,NA,NA,NA,1,0,1,1,0,0,0,NA,NA,NA,NA,0,NA,NA,NA,NA,NA,NA,NA,NA,NA,NA,NA,NA,NA,NA,NA,NA,"""Berlin truck attack suspect shot dead in Italy,"" The Express Tribune, December 24, 2016.","""'We will slaughter you like PIGS' ISIS release video of Berlin attacker Anis Amri,"" Daily Star Online, December 24, 2016.","""Terror fugitive travelled openly despite manhunt,"" Evening Herald, December 24, 2016.",START Primary Collection,-9,-9,0,-9,NA,Jihadi-inspired extremists ||  ||  ||  ||  || ,"12/23/2016: An assailant opened fire on police officers who had stopped him for an identification check in Sesto San Giovanni, Milan, Lombardy, Italy. One police officer was injured and the assailant was killed in the ensuing clash. The assailant, identified as Anis Amri, had pledged allegiance to the Islamic State of Iraq and the Levant (ISIL). Authorities identified Amri as the individual who had several days prior driven a vehicle into a market in Berlin, killing and injuring a number of people. || An unaffiliated individual, identified as Anis Amri, claimed responsibility for the incident and pledged allegiance to the Islamic State of Iraq and the Levant (ISIL). || ",2016,FALSE,TRUE,FALSE,TRUE,TRUE,FALSE,TRUE,TRUE,9,TRUE,FALSE,TRUE,probable_inspired,high_score_text_claim_signal
data/globalterrorismdb_0522dist.csv,201609250006,2016,9,25,NA,0,NA,102,Jordan,10,Middle East & North Africa,Amman,Amman,31.945363,35.92839,1,0,NA,"09/25/2016: An assailant opened fire on Nahed Hattar outside of a court in Amman, Jordan. Hattar, a journalist, was killed in the attack. No group claimed responsibility for the incident; however, sources attributed the attack to Muslim extremists.",1,1,1,0,NA,NA,0,1,0,1,Assassination,NA,NA,NA,NA,10,Journalists & Media,NA,NA,Not Applicable,Freelance Journalist: Nahed Hattar,102,Jordan,NA,NA,NA,NA,NA,NA,NA,NA,NA,NA,NA,NA,NA,NA,NA,NA,Muslim extremists,NA,NA,NA,NA,NA,"The specific motive is unknown; however, sources noted that Nahed Hattar criticized the Islamic State of Iraq and the Levant (ISIL) on social media and had recently been charged ""with insulting the faith and 'provoking sectarian rifts'"" over sharing a cartoon that was disrespectful to Islam on social media.",0,NA,NA,1,1,1,0,NA,NA,NA,NA,NA,NA,NA,NA,NA,5,Firearms,5,Unknown Gun Type,NA,NA,NA,NA,NA,NA,NA,NA,NA,NA,NA,NA,NA,1,0,0,0,0,0,0,NA,NA,NA,NA,0,NA,NA,NA,NA,NA,NA,NA,NA,NA,NA,NA,NA,NA,NA,NA,Sources noted that the target was under trial for offending Islam.,"""BBC Monitoing: The Media This Week: 23-29 September 2016,"" BBC Monitoring, September 29, 2016.","""Name in the News: Jordanian writer Nahed Hattar,"" BBC Monitoring, September 25, 2016.","""Jordan protest calls for government resignation over Hattar murde,"" Al-Araby al-Jadeed, September 27, 2016.",START Primary Collection,-9,-9,0,-9,NA,Muslim extremists ||  ||  ||  ||  || ,"09/25/2016: An assailant opened fire on Nahed Hattar outside of a court in Amman, Jordan. Hattar, a journalist, was killed in the attack. No group claimed responsibility for the incident; however, sources attributed the attack to Muslim extremists. || The specific motive is unknown; however, sources noted that Nahed Hattar criticized the Islamic State of Iraq and the Levant (ISIL) on social media and had recently been charged ""with insulting the faith and 'provoking sectarian rifts'"" over sharing a cartoon that was disrespectful to Islam on social media. || Sources noted that the target was under trial for offending Islam.",2016,FALSE,TRUE,FALSE,TRUE,TRUE,FALSE,FALSE,TRUE,7,TRUE,FALSE,TRUE,probable_inspired,high_score_text_claim_signal
data/globalterrorismdb_0522dist.csv,201610260054,2016,10,26,"October 26, 2016",0,NA,95,Iraq,10,Middle East & North Africa,Al Anbar,Rutbah,33.036022,40.288159,1,0,The incident occurred in the west of Rutbah.,"10/26/2016: Assailants set fire to a number of Sunni civilian houses in Rutbah, Al Anbar, Iraq. There were no reported casualties resulting from the blazes. No group claimed responsibility for the incident; however, sources attributed the attack to the Popular Mobilization Forces.",1,1,1,0,NA,NA,0,1,0,7,Facility/Infrastructure Attack,NA,NA,NA,NA,14,Private Citizens & Property,76,House/Apartment/Residence,Not Applicable,Houses,95,Iraq,NA,NA,NA,NA,NA,NA,NA,NA,NA,NA,NA,NA,NA,NA,NA,NA,Popular Mobilization Forces (Iraq),NA,NA,NA,NA,NA,"The specific motive is unknown; however, sources noted that the owners of the targeted houses were accused of being sympathetic to the Islamic State of Iraq and the Levant (ISIL).",0,NA,NA,0,-99,0,0,NA,NA,NA,NA,NA,NA,NA,NA,NA,8,Incendiary,18,Arson/Fire,NA,NA,NA,NA,NA,NA,NA,NA,NA,NA,NA,NA,NA,0,0,0,0,0,0,1,4,Unknown,-99,An unspecified number of houses were damaged in this attack.,0,NA,NA,NA,NA,NA,NA,NA,NA,NA,NA,NA,NA,NA,NA,NA,NA,"""Shia militiamen destroy mosques in Iraq’s Rutba: Source,"" Anadolu Ajansi, October 27, 2016.","""Shia militia avenges from Sunnis in Rutba: Iraqi leader,"" Anadolu Ajansi, October 26, 2016.",NA,START Primary Collection,0,0,0,0,NA,Popular Mobilization Forces (Iraq) ||  ||  ||  ||  || ,"10/26/2016: Assailants set fire to a number of Sunni civilian houses in Rutbah, Al Anbar, Iraq. There were no reported casualties resulting from the blazes. No group claimed responsibility for the incident; however, sources attributed the attack to the Popular Mobilization Forces. || The specific motive is unknown; however, sources noted that the owners of the targeted houses were accused of being sympathetic to the Islamic State of Iraq and the Levant (ISIL). || ",2016,FALSE,FALSE,FALSE,TRUE,TRUE,FALSE,FALSE,TRUE,5,FALSE,FALSE,TRUE,probable_inspired,high_score_text_claim_signal
data/globalterrorismdb_0522dist.csv,201603240039,2016,3,24,NA,0,NA,185,Spain,8,Western Europe,Madrid,Madrid,40.465597,-3.696263,1,0,NA,"03/24/2016: Assailants threw incendiary devices at the M-30 Mosque in Madrid, Spain. There were no reported casualties in the attack. The Ramiro Ledesma Social Centre claimed responsibility and stated that the attack was the beginning of a ""campaign against radical Islam.""",1,1,1,0,NA,NA,0,1,0,7,Facility/Infrastructure Attack,NA,NA,NA,NA,15,Religious Figures/Institutions,86,Place of Worship,M-30 Mosque,Mosque,185,Spain,NA,NA,NA,NA,NA,NA,NA,NA,NA,NA,NA,NA,NA,NA,NA,NA,Ramiro Ledesma Social Centre,NA,NA,NA,NA,NA,"Ramiro Ledesma Social Centre claimed responsibility for the incident and stated that the attack was the beginning of a “campaign against radical Islam.” Sources also noted that the assailants hung a banner, which read ""Today Brussels, tomorrow Madrid?” Sources also stated that the Ramiro Ledesma Social Centre accused the targeted mosque of providing money to the Islamic State of Iraq and the Levant (ISIL).",0,NA,NA,0,-99,0,1,7,"Posted to website, blog, etc.",NA,NA,NA,NA,NA,NA,NA,8,Incendiary,19,Molotov Cocktail/Petrol Bomb,NA,NA,NA,NA,NA,NA,NA,NA,NA,NA,NA,NA,Firebombs were used in the attack.,0,0,0,0,0,0,1,3,Minor (likely < $1 million),-99,A mosque was damaged in this attack.,0,NA,NA,NA,NA,NA,NA,NA,NA,NA,NA,NA,NA,NA,NA,NA,NA,"""Far-right extremists firebomb Madrid mosqueMadrid -,"" Think Spain, March 25, 2016.","""Far-Right Spanish Group Vandalizes Madrid Mosque,"" Morocco World News, March 24, 2016.","""Far-right group attacks Madrid’s main mosque,"" New Europe, March 24, 2016.",START Primary Collection,0,0,0,0,NA,Ramiro Ledesma Social Centre ||  ||  ||  ||  || ,"03/24/2016: Assailants threw incendiary devices at the M-30 Mosque in Madrid, Spain. There were no reported casualties in the attack. The Ramiro Ledesma Social Centre claimed responsibility and stated that the attack was the beginning of a ""campaign against radical Islam."" || Ramiro Ledesma Social Centre claimed responsibility for the incident and stated that the attack was the beginning of a “campaign against radical Islam.” Sources also noted that the assailants hung a banner, which read ""Today Brussels, tomorrow Madrid?” Sources also stated that the Ramiro Ledesma Social Centre accused the targeted mosque of providing money to the Islamic State of Iraq and the Levant (ISIL). || ",2016,FALSE,FALSE,FALSE,TRUE,TRUE,FALSE,TRUE,TRUE,7,FALSE,FALSE,TRUE,probable_inspired,high_score_text_claim_signal
data/globalterrorismdb_0522dist.csv,201607220018,2016,7,22,NA,0,NA,200,Syria,10,Middle East & North Africa,Damascus,Irbin,33.53906,36.366709,1,0,NA,"07/22/2016: Assailants fired projectiles that landed and detonated in Irbin, Damascus governorate, Syria. There were no reported casualties in the attack. The Southern Front claimed responsibility and stated that the incident was carried out in retaliation for military operations. The Free Syrian Army separately claimed responsibility while sources also attributed the attack to Al-Nusrah Front, the Islamic State of Iraq and the Levant (ISIL), and Jaysh al-Islam (Syria).",1,1,1,0,NA,NA,0,1,0,3,Bombing/Explosion,NA,NA,NA,NA,14,Private Citizens & Property,75,Village/City/Town/Suburb,Arbil Suburb,Suburb,200,Syria,NA,NA,NA,NA,NA,NA,NA,NA,NA,NA,NA,NA,NA,NA,NA,NA,Southern Front,NA,Free Syrian Army,Al-Rahman Corps,Al-Nusrah Front,NA,The Southern Front claimed responsibility for the incident and stated that the attack was carried out in retaliation for military operations.,0,0,0,0,-99,0,1,7,"Posted to website, blog, etc.",1,7,"Posted to website, blog, etc.",0,NA,NA,1,6,Explosives,11,"Projectile (rockets, mortars, RPGs, etc.)",NA,NA,NA,NA,NA,NA,NA,NA,NA,NA,NA,NA,Artillery and a locally-made Umar launcher were used in the attack.,0,0,0,0,0,0,-9,NA,NA,NA,NA,0,NA,NA,NA,NA,NA,NA,NA,NA,NA,NA,NA,NA,NA,NA,NA,NA,"""Russian Terrorism and Counterterrorism Highlights 22 July 2016,"" Summary, July 22, 2016.","""Syria: Alleged Cease-Fire Violations by Regime, Allies; Anti-Regime Hostilities 22 July 2016,"" Summary, July 22, 2016.",NA,START Primary Collection,0,0,0,0,NA,Southern Front || Free Syrian Army || Al-Nusrah Front ||  || Al-Rahman Corps || ,"07/22/2016: Assailants fired projectiles that landed and detonated in Irbin, Damascus governorate, Syria. There were no reported casualties in the attack. The Southern Front claimed responsibility and stated that the incident was carried out in retaliation for military operations. The Free Syrian Army separately claimed responsibility while sources also attributed the attack to Al-Nusrah Front, the Islamic State of Iraq and the Levant (ISIL), and Jaysh al-Islam (Syria). || The Southern Front claimed responsibility for the incident and stated that the attack was carried out in retaliation for military operations. || ",2016,FALSE,FALSE,FALSE,TRUE,TRUE,FALSE,TRUE,TRUE,7,FALSE,FALSE,TRUE,probable_inspired,high_score_text_claim_signal
data/globalterrorismdb_0522dist.csv,201603310022,2016,3,31,NA,1,NA,4,Afghanistan,6,South Asia,Nangarhar,Samosi,34.08033,70.145179,1,0,The incident occurred in Khogyani district.,"03/31/2016: Assailants raided the house of Gol Enam Sirat in Samosi, Khogyani district, Nangarhar, Afghanistan. Sirat, the brother of a Khorasan Chapter of the Islamic State commander, was killed and three family members were abducted during the attack; their whereabouts are unknown. The Taliban claimed responsibility for the incident.",1,0,1,1,3,Intra/Inter-group Conflict,0,1,0,6,Hostage Taking (Kidnapping),NA,NA,NA,NA,17,Terrorists/Non-State Militia,93,Terrorist,Khorasan Chapter of the Islamic State,Family Members of Commander: Gol Enam Sirat,4,Afghanistan,NA,NA,NA,NA,NA,NA,NA,NA,NA,NA,NA,NA,NA,NA,NA,NA,Taliban,NA,NA,NA,NA,NA,NA,0,NA,NA,0,-99,0,1,8,Personal claim,NA,NA,NA,NA,NA,NA,NA,5,Firearms,5,Unknown Gun Type,NA,NA,NA,NA,NA,NA,NA,NA,NA,NA,NA,NA,NA,1,0,0,NA,0,0,0,NA,NA,NA,NA,1,3,0,NA,-99,NA,NA,0,NA,NA,NA,NA,NA,6,Combination,-99,There is doubt that this incident meets terrorism-related criteria. The attack may have been the result of conflict between rival groups. The victims included Sayed Golab.,"""Gunmen kill brother of Islamic State commander in east Afghanistan - agency,"" Afghan Islamic Press, March 31, 2016.",NA,NA,START Primary Collection,0,0,0,0,NA,Taliban ||  ||  ||  ||  || ,"03/31/2016: Assailants raided the house of Gol Enam Sirat in Samosi, Khogyani district, Nangarhar, Afghanistan. Sirat, the brother of a Khorasan Chapter of the Islamic State commander, was killed and three family members were abducted during the attack; their whereabouts are unknown. The Taliban claimed responsibility for the incident. ||  || There is doubt that this incident meets terrorism-related criteria. The attack may have been the result of conflict between rival groups. The victims included Sayed Golab.",2016,FALSE,FALSE,FALSE,TRUE,TRUE,FALSE,TRUE,TRUE,7,FALSE,FALSE,TRUE,probable_inspired,high_score_text_claim_signal
data/globalterrorismdb_0522dist.csv,201601130003,2016,1,13,NA,0,NA,153,Pakistan,6,South Asia,Balochistan,Quetta,30.20082,66.994352,1,0,The incident occurred in the Satellite Town neighborhood.,"01/13/2016: A suicide bomber detonated near a National Task Force for Polio Eradication health center in Satellite Town neighborhood, Quetta, Balochistan province, Pakistan. In addition to the bomber, at least 15 people were killed and 25 others were injured in the blast; the victims included Balochistan Constabulary officers, Frontier Corps (FC) soldiers, and polio workers. Jaish-e-Islam claimed responsibility and stated that the attack was carried out in retaliation for the torture of those being held by security personnel. Separately, the Tehrik-i-Taliban Pakistan (TTP), Jundallah, and the Khorasan Chapter of the Islamic State also claimed responsibility for the incident.",1,1,1,0,NA,NA,0,1,1,3,Bombing/Explosion,NA,NA,NA,NA,2,Government (General),21,Government Building/Facility/Office,National Task Force for Polio Eradication,Health Center,153,Pakistan,3,Police,25,Police Security Forces/Officers,Balochistan Constabulary,Officers,153,Pakistan,4,Military,39,Paramilitary,Frontier Corps (FC),Members,153,Pakistan,Tehrik-i-Taliban Pakistan (TTP),NA,Jaish-e-Islam,NA,Jundallah (Pakistan),NA,Jaish-e-Islam claimed responsibility for the incident and stated that the attack was carried out in retaliation for the torture of those being held by security personnel.,0,0,0,0,1,0,1,4,E-mail,1,2,Call (post-incident),1,8,Personal claim,1,6,Explosives,13,Suicide (carried bodily by human being),NA,NA,NA,NA,NA,NA,NA,NA,NA,NA,NA,NA,An explosives-laden jacket containing seven to ten kilograms of explosive material was used in the attack.,16,0,1,25,0,0,1,3,Minor (likely < $1 million),-99,"An unknown number of vehicles, one motorcycle, an unknown number of buildings, and an unknown number of houses were damaged in this attack.",0,NA,NA,NA,NA,NA,NA,NA,NA,NA,NA,NA,NA,NA,NA,NA,"The victims included Faheem Ahmad, Khan Muhammad, Abdul Qadir, Faizullah, Jumma Khan, Abdul Khaliq, Rasool Bakhsh, Muhammad Asif, Hazoor Bakhash, Ali Gul, Ali Ahmed, and Tauseef. Casualty numbers for this incident conflict across sources. Following GTD protocol, the most recent reliable estimates are reported here.","""15 die as suicide bomber strikes polio security team,"" Dawn (Pakistan), January 14, 2016.","""Daesh raids Pak targets,"" The Gulf Today, January 13, 2016.","""Pakistan: Deadly suicide bombing rocks polio centre in Quetta killing 14,"" International Business Times UK, January 13, 2016.",START Primary Collection,0,0,0,0,NA,Tehrik-i-Taliban Pakistan (TTP) || Jaish-e-Islam || Jundallah (Pakistan) ||  ||  || ,"01/13/2016: A suicide bomber detonated near a National Task Force for Polio Eradication health center in Satellite Town neighborhood, Quetta, Balochistan province, Pakistan. In addition to the bomber, at least 15 people were killed and 25 others were injured in the blast; the victims included Balochistan Constabulary officers, Frontier Corps (FC) soldiers, and polio workers. Jaish-e-Islam claimed responsibility and stated that the attack was carried out in retaliation for the torture of those being held by security personnel. Separately, the Tehrik-i-Taliban Pakistan (TTP), Jundallah, and the Khorasan Chapter of the Islamic State also claimed responsibility for the incident. || Jaish-e-Islam claimed responsibility for the incident and stated that the attack was carried out in retaliation for the torture of those being held by security personnel. || The victims included Faheem Ahmad, Khan Muhammad, Abdul Qadir, Faizullah, Jumma Khan, Abdul Khaliq, Rasool Bakhsh, Muhammad Asif, Hazoor Bakhash, Ali Gul, Ali Ahmed, and Tauseef. Casualty numbers for this incident conflict across sources. Following GTD protocol, the most recent reliable estimates are reported here.",2016,FALSE,FALSE,FALSE,TRUE,TRUE,FALSE,TRUE,TRUE,7,FALSE,FALSE,TRUE,probable_inspired,high_score_text_claim_signal
data/globalterrorismdb_0522dist.csv,201611020026,2016,11,2,"November 2, 2016",1,NA,95,Iraq,10,Middle East & North Africa,Nineveh,Mosul,36.354146,43.143571,1,1,The incident occurred in a village southeast of Mosul.,"11/02/2016: Assailants abducted seven civilians, assaulted them, and entrapped them in poultry cages in a village southeast of Mosul, Nineveh, Iraq. The final outcome of the abduction is unknown. No group claimed responsibility for the incident; however, sources attributed the attack to tribesmen, noting the victims were accused of having ties to the Islamic State of Iraq and the Levant (ISIL).",1,1,1,0,NA,NA,0,1,0,6,Hostage Taking (Kidnapping),NA,NA,NA,NA,14,Private Citizens & Property,67,Unnamed Civilian/Unspecified,Not Applicable,Civilians,95,Iraq,NA,NA,NA,NA,NA,NA,NA,NA,NA,NA,NA,NA,NA,NA,NA,NA,Tribesmen,NA,NA,NA,NA,NA,"The specific motive is unknown; however, sources posited that the victims were accused of working with the Islamic State of Iraq and the Levant (ISIL).",0,NA,NA,0,-99,0,0,NA,NA,NA,NA,NA,NA,NA,NA,NA,9,Melee,27,Unknown Weapon Type,NA,NA,NA,NA,NA,NA,NA,NA,NA,NA,NA,NA,NA,NA,0,0,7,0,0,0,NA,NA,NA,NA,1,7,0,NA,-99,NA,NA,0,NA,NA,NA,NA,NA,7,Unknown,-99,NA,"""Iraqi forces advance on town where IS accused of executing prisoners,"" Reuters UK, November 2, 2016.",NA,NA,START Primary Collection,-9,-9,0,-9,NA,Tribesmen ||  ||  ||  ||  || ,"11/02/2016: Assailants abducted seven civilians, assaulted them, and entrapped them in poultry cages in a village southeast of Mosul, Nineveh, Iraq. The final outcome of the abduction is unknown. No group claimed responsibility for the incident; however, sources attributed the attack to tribesmen, noting the victims were accused of having ties to the Islamic State of Iraq and the Levant (ISIL). || The specific motive is unknown; however, sources posited that the victims were accused of working with the Islamic State of Iraq and the Levant (ISIL). || ",2016,FALSE,FALSE,FALSE,TRUE,TRUE,FALSE,FALSE,TRUE,5,FALSE,FALSE,TRUE,probable_inspired,high_score_text_claim_signal
data/globalterrorismdb_0522dist.csv,201603010019,2016,3,1,NA,0,NA,160,Philippines,5,Southeast Asia,Zamboanga Sibugay,Zamboanga City,6.929089,122.078846,1,0,The incident occurred in the San Jose Cawa-Cawa area of the city.,"03/01/2016: Assailants opened fire on Sheikh Aaidh al-Qarni, a Saudi cleric, at Western Mindanao State University in Zamboanga City, Zamboanga del Sur, Philippines. Al-Qarni and Sheik Turki Assaegh, a religious attache, were wounded in the attack and the assailant was killed. No group claimed responsibility for the incident.",1,1,1,0,NA,NA,0,0,0,1,Assassination,NA,NA,NA,NA,7,Government (Diplomatic),45,"Diplomatic Personnel (outside of embassy, consulate)",Saudi Arabian Ministry of Foreign Affairs,Religious Attache: Sheik Turki Assaegh,173,Saudi Arabia,15,Religious Figures/Institutions,85,Religious Figure,Unknown,Cleric: Sheik Aaidh al-Qarni,173,Saudi Arabia,NA,NA,NA,NA,NA,NA,NA,NA,Unknown,NA,NA,NA,NA,NA,"The specific motive is unknown; however, sources noted that Sheikh Aaidh al-Qarni had recently been listed in Dabiq, a magazine of the Islamic State of Iraq and the Levant (ISIL). ISIL urged ""lone wolves"" to target al-Qarni and accused him of apostasy.",0,NA,NA,0,1,0,0,NA,NA,NA,NA,NA,NA,NA,NA,NA,5,Firearms,3,Handgun,NA,NA,NA,NA,NA,NA,NA,NA,NA,NA,NA,NA,A .45-caliber pistol was used in the attack.,1,0,1,2,0,0,0,NA,NA,NA,NA,0,NA,NA,NA,NA,NA,NA,NA,NA,NA,NA,NA,NA,NA,NA,NA,"Casualty numbers for this incident conflict across sources. Following GTD protocol, the most reliable estimates are reported here","""Saudi Arabia confirms attack on prominent cleric in Philippines,"" Deutsche Presse-Agentur, March 1, 2016.","""Philippines: Saudi cleric attack: Isis role seen,"" INQUIRER.net, March 2, 2016.","""Isis: Saudi cleric Sheikh Aaidh al-Qarni injured in Philippines assassination attempt on IS hit list,"" International Business Times UK, March 2, 2016.",START Primary Collection,-9,-9,1,1,NA,Unknown ||  ||  ||  ||  || ,"03/01/2016: Assailants opened fire on Sheikh Aaidh al-Qarni, a Saudi cleric, at Western Mindanao State University in Zamboanga City, Zamboanga del Sur, Philippines. Al-Qarni and Sheik Turki Assaegh, a religious attache, were wounded in the attack and the assailant was killed. No group claimed responsibility for the incident. || The specific motive is unknown; however, sources noted that Sheikh Aaidh al-Qarni had recently been listed in Dabiq, a magazine of the Islamic State of Iraq and the Levant (ISIL). ISIL urged ""lone wolves"" to target al-Qarni and accused him of apostasy. || Casualty numbers for this incident conflict across sources. Following GTD protocol, the most reliable estimates are reported here",2016,FALSE,FALSE,TRUE,TRUE,TRUE,FALSE,FALSE,TRUE,6,FALSE,TRUE,TRUE,probable_inspired,high_score_text_claim_signal
data/globalterrorismdb_0522dist.csv,201603160018,2016,3,16,NA,0,NA,113,Libya,10,Middle East & North Africa,Derna,Derna,32.765539,22.621115,1,0,NA,"03/16/2016: Assailants opened fire on Al-Mabruk Jibril Kharmuqa al-Hassadi in Derna city, Libya. Al-Hassadi, the brother of a Barqa Province of the Islamic State member, was killed and another person was injured in the attack. No group claimed responsibility for the incident.",1,0,1,1,3,Intra/Inter-group Conflict,0,1,0,2,Armed Assault,NA,NA,NA,NA,17,Terrorists/Non-State Militia,93,Terrorist,Barqa Province of the Islamic State,Brother of Member: Al-Mabruk Jibril Kharmuqa al-Hassadi,113,Libya,NA,NA,NA,NA,NA,NA,NA,NA,NA,NA,NA,NA,NA,NA,NA,NA,Unknown,NA,NA,NA,NA,NA,"The specific motive is unknown; however, sources noted that the victim was the brother of a member of the Barqa Province of the Islamic State.",0,NA,NA,0,-99,0,0,NA,NA,NA,NA,NA,NA,NA,NA,NA,5,Firearms,5,Unknown Gun Type,NA,NA,NA,NA,NA,NA,NA,NA,NA,NA,NA,NA,NA,1,0,0,1,0,0,0,NA,NA,NA,NA,0,NA,NA,NA,NA,NA,NA,NA,NA,NA,NA,NA,NA,NA,NA,NA,There is doubt that this incident meets terrorism-related criteria. The attack may have been the result of conflict between rival groups. The victims included Rafallah al-Haddad.,"""Libya Daily Digest March 18, 2016,"" Libya Digest, March 18, 2016.",NA,NA,START Primary Collection,-9,-9,0,-9,NA,Unknown ||  ||  ||  ||  || ,"03/16/2016: Assailants opened fire on Al-Mabruk Jibril Kharmuqa al-Hassadi in Derna city, Libya. Al-Hassadi, the brother of a Barqa Province of the Islamic State member, was killed and another person was injured in the attack. No group claimed responsibility for the incident. || The specific motive is unknown; however, sources noted that the victim was the brother of a member of the Barqa Province of the Islamic State. || There is doubt that this incident meets terrorism-related criteria. The attack may have been the result of conflict between rival groups. The victims included Rafallah al-Haddad.",2016,FALSE,FALSE,TRUE,TRUE,TRUE,FALSE,FALSE,TRUE,6,FALSE,TRUE,TRUE,probable_inspired,high_score_text_claim_signal
data/globalterrorismdb_0522dist.csv,201608060037,2016,8,6,NA,0,NA,21,Belgium,8,Western Europe,Wallonia,Charleroi,50.411175,4.446295,1,0,NA,"08/06/2016: An assailant armed with a machete attacked police officers near the police headquarters in Charleroi, Wallonia, Belgium. Two police officers were injured and the assailant was killed when a third officer opened fire. Authorities identified the assailant as Khaled Babbouri. The Islamic State of Iraq and the Levant (ISIL) claimed responsibility for the incident; however, Babbouri's connection to ISIL could not be confirmed.",1,1,1,0,NA,NA,0,1,0,2,Armed Assault,NA,NA,NA,NA,3,Police,25,Police Security Forces/Officers,Federal Police,Officers,21,Belgium,NA,NA,NA,NA,NA,NA,NA,NA,NA,NA,NA,NA,NA,NA,NA,NA,Unknown,NA,NA,NA,NA,NA,NA,0,NA,NA,1,1,0,0,NA,NA,NA,NA,NA,NA,NA,NA,NA,9,Melee,23,Knife or Other Sharp Object,NA,NA,NA,NA,NA,NA,NA,NA,NA,NA,NA,NA,A machete was used in the attack.,1,0,1,2,0,0,0,NA,NA,NA,NA,0,NA,NA,NA,NA,NA,NA,NA,NA,NA,NA,NA,NA,NA,NA,NA,NA,"""ISIS Claims It Was Behind Machete Attack in Belgium,"" The New York Times, August 8, 2016.","""Was machete attack terror-inspired?,"" CNN, August 8, 2016.","""Charleroi Police Attack: Machete-Wielding Man Shot Dead In Belgian City After Injuring Female Officers,"" International Business Times, August 7, 2016.",START Primary Collection,-9,-9,0,-9,NA,Unknown ||  ||  ||  ||  || ,"08/06/2016: An assailant armed with a machete attacked police officers near the police headquarters in Charleroi, Wallonia, Belgium. Two police officers were injured and the assailant was killed when a third officer opened fire. Authorities identified the assailant as Khaled Babbouri. The Islamic State of Iraq and the Levant (ISIL) claimed responsibility for the incident; however, Babbouri's connection to ISIL could not be confirmed. ||  || ",2016,FALSE,FALSE,TRUE,TRUE,TRUE,FALSE,FALSE,TRUE,6,FALSE,TRUE,TRUE,probable_inspired,high_score_text_claim_signal
data/globalterrorismdb_0522dist.csv,201608200042,2016,8,20,NA,0,NA,217,United States,1,North America,Virginia,Roanoke,37.225379,-80.007287,1,0,The incident occurred in Cave Spring area.,"08/20/2016: An assailant stabbed and injured two civilians at an apartment complex in Cave Spring area, Roanoke, Virginia, United States. The assailant was also injured in the attack. No group claimed responsibility for the incident; however, sources identified the assailant as Wasil Farooqui.",1,1,1,1,4,Lack of Intentionality,0,1,0,2,Armed Assault,NA,NA,NA,NA,14,Private Citizens & Property,67,Unnamed Civilian/Unspecified,Not Applicable,Civilians,217,United States,NA,NA,NA,NA,NA,NA,NA,NA,NA,NA,NA,NA,NA,NA,NA,NA,Unknown,NA,NA,NA,NA,NA,"The specific motive is unknown; however, sources noted that the Federal Bureau of Investigation (FBI) was investigating if the attack was inspired by the Islamic State of Iraq and the Levant (ISIL).",0,NA,NA,1,1,1,0,NA,NA,NA,NA,NA,NA,NA,NA,NA,9,Melee,23,Knife or Other Sharp Object,NA,NA,NA,NA,NA,NA,NA,NA,NA,NA,NA,NA,A knife was used in the attack.,0,0,0,3,2,1,0,NA,NA,NA,NA,0,NA,NA,NA,NA,NA,NA,NA,NA,NA,NA,NA,NA,NA,NA,NA,"There is doubt this incident meets terrorism-related criteria. Although the assailant shouted ""Allahu Akbar"" during the assault, he later told the court that he was hearing voices when he carried out the attack.","""A U.S. IMMIGRANT SURVIVED A POSSIBLE TERROR ATTACK; IT MAY HAVE SAVED HIM FROM DEPORTATION,"" Newsweek, December 12, 2016.","""Roanoke attacker told police he 'was hearing voices',"" The Washington Post, August 24, 2016.","""FBI Investigating Possible ISIS-Inspired Knife Attack in Virginia,"" ABC News, August 23, 2016.",START Primary Collection,-9,-9,0,-9,NA,Unknown ||  ||  ||  ||  || ,"08/20/2016: An assailant stabbed and injured two civilians at an apartment complex in Cave Spring area, Roanoke, Virginia, United States. The assailant was also injured in the attack. No group claimed responsibility for the incident; however, sources identified the assailant as Wasil Farooqui. || The specific motive is unknown; however, sources noted that the Federal Bureau of Investigation (FBI) was investigating if the attack was inspired by the Islamic State of Iraq and the Levant (ISIL). || There is doubt this incident meets terrorism-related criteria. Although the assailant shouted ""Allahu Akbar"" during the assault, he later told the court that he was hearing voices when he carried out the attack.",2016,FALSE,FALSE,TRUE,TRUE,TRUE,FALSE,FALSE,TRUE,6,FALSE,TRUE,TRUE,probable_inspired,high_score_text_claim_signal
data/globalterrorismdb_0522dist.csv,201610110029,2016,10,11,NA,0,NA,198,Sweden,8,Western Europe,Skane,Malmo,55.560315,13.020177,1,0,NA,"10/11/2016: Assailants set fire to Munadhar al-Mahdi Hussainiyah, a Shia prayer house in Malmo, Skane, Sweden. There were no reported casualties. The Islamic State of Iraq and the Levant (ISIL) claimed responsibility for the incident; however, sources doubted the veracity of the claim.",1,1,1,0,NA,NA,0,1,0,7,Facility/Infrastructure Attack,NA,NA,NA,NA,15,Religious Figures/Institutions,86,Place of Worship,Munadhar al-Mahdi Hussainiyah,Prayer House,198,Sweden,NA,NA,NA,NA,NA,NA,NA,NA,NA,NA,NA,NA,NA,NA,NA,NA,Unknown,NA,NA,NA,NA,NA,"The specific motive is unknown; however, sources noted that Ashura was being celebrated at the prayer house the night before the attack.",0,NA,NA,0,1,1,0,NA,NA,NA,NA,NA,NA,NA,NA,NA,8,Incendiary,19,Molotov Cocktail/Petrol Bomb,NA,NA,NA,NA,NA,NA,NA,NA,NA,NA,NA,NA,Molotov cocktails were used in the attack.,0,0,0,0,0,0,1,3,Minor (likely < $1 million),-99,A prayer house was damaged in this attack.,0,NA,NA,NA,NA,NA,NA,NA,NA,NA,NA,NA,NA,NA,NA,NA,"The Islamic State of Iraq and the Levant (ISIL) claimed responsibility for the incident; however, sources doubted the veracity of the claim.","""Stockholm - Sweden acquits Syrian of 'terror crime' after attack,"" AFP (North European Service), April 21, 2017.","""Syrian suspected of terror for arson attack in Sweden,"" York Daily Record, December 6, 2016.","""Man detained for Malmö arson attack claimed by Isis,"" The Local Sweden, December 5, 2016.",START Primary Collection,-9,-9,0,-9,NA,Unknown ||  ||  ||  ||  || ,"10/11/2016: Assailants set fire to Munadhar al-Mahdi Hussainiyah, a Shia prayer house in Malmo, Skane, Sweden. There were no reported casualties. The Islamic State of Iraq and the Levant (ISIL) claimed responsibility for the incident; however, sources doubted the veracity of the claim. || The specific motive is unknown; however, sources noted that Ashura was being celebrated at the prayer house the night before the attack. || The Islamic State of Iraq and the Levant (ISIL) claimed responsibility for the incident; however, sources doubted the veracity of the claim.",2016,FALSE,FALSE,TRUE,TRUE,TRUE,FALSE,FALSE,TRUE,6,FALSE,TRUE,TRUE,probable_inspired,high_score_text_claim_signal
data/globalterrorismdb_0522dist.csv,201610160036,2016,10,16,NA,0,NA,75,Germany,8,Western Europe,Hamburg,Hamburg,53.607916,10.019734,1,0,"The incident occurred along the Alster river, in the Alster neighborhood.","10/16/2016: An assailant armed with a knife attacked civilians in Alster neighborhood, Hamburg, Germany. One civilian was killed while another civilian and the assailant were wounded in the attack. The Islamic State of Iraq and the Levant (ISIL) claimed responsibility for the incident; however, authorities doubted the veracity of this claim.",1,1,1,0,NA,NA,0,1,0,2,Armed Assault,NA,NA,NA,NA,14,Private Citizens & Property,67,Unnamed Civilian/Unspecified,Not Applicable,Civilians,75,Germany,NA,NA,NA,NA,NA,NA,NA,NA,NA,NA,NA,NA,NA,NA,NA,NA,Unknown,NA,NA,NA,NA,NA,NA,0,NA,NA,0,-99,0,0,NA,NA,NA,NA,NA,NA,NA,NA,NA,9,Melee,23,Knife or Other Sharp Object,NA,NA,NA,NA,NA,NA,NA,NA,NA,NA,NA,NA,NA,1,0,0,2,0,1,0,NA,NA,NA,NA,0,NA,NA,NA,NA,NA,NA,NA,NA,NA,NA,NA,NA,NA,NA,NA,NA,"""German public prosecutor probes terrorist knife-attack claim,"" Deutsche Presse-Agentur, October 30, 2016.","""Police search for alleged Isis murderer with wounded hand,"" The Local Germany, November 1, 2016.","""German officials doubt ISIS claim of being behind the attack on Hamburg teenager, after group claims the attack,"" IrishSun.com, October 31, 2016.",START Primary Collection,-9,-9,0,-9,NA,Unknown ||  ||  ||  ||  || ,"10/16/2016: An assailant armed with a knife attacked civilians in Alster neighborhood, Hamburg, Germany. One civilian was killed while another civilian and the assailant were wounded in the attack. The Islamic State of Iraq and the Levant (ISIL) claimed responsibility for the incident; however, authorities doubted the veracity of this claim. ||  || ",2016,FALSE,FALSE,TRUE,TRUE,TRUE,FALSE,FALSE,TRUE,6,FALSE,TRUE,TRUE,probable_inspired,high_score_text_claim_signal
data/globalterrorismdb_0522dist.csv,201610300003,2016,10,30,NA,0,NA,60,Egypt,10,Middle East & North Africa,North Sinai,Sheikh Zuweid,31.212225,34.117064,1,0,NA,"10/30/2016: A sniper opened fire on security forces in Sheikh Zuweid, North Sinai, Egypt. One soldier was killed in the attack. No group claimed responsibility for the incident.",1,1,0,1,1,Insurgency/Guerilla Action,0,1,0,2,Armed Assault,NA,NA,NA,NA,4,Military,29,Military Unit/Patrol/Convoy,Egyptian Armed Forces,Unit,60,Egypt,NA,NA,NA,NA,NA,NA,NA,NA,NA,NA,NA,NA,NA,NA,NA,NA,Unknown,NA,NA,NA,NA,NA,"The specific motive is unknown; however, sources the attack was carried out in retaliation for the military's control of Najd Square, an area of strategic importance to the Sinai Province of the Islamic State.",0,NA,NA,0,-99,0,0,NA,NA,NA,NA,NA,NA,NA,NA,NA,5,Firearms,4,Rifle/Shotgun (non-automatic),NA,NA,NA,NA,NA,NA,NA,NA,NA,NA,NA,NA,A sniper rifle was used in the attack.,1,0,0,0,0,0,0,NA,NA,NA,NA,0,NA,NA,NA,NA,NA,NA,NA,NA,NA,NA,NA,NA,NA,NA,NA,The victims included Conscript Abd al-Rauf Ashraf Abd al-Rauf.,"""Egyptian police officer killed in Sinai attack,"" Anadolu Agency (AA), November 1, 2016.","""Egyptian soldier killed, 8 wounded in separate Sinai Peninsula attacks,"" Ma'an News Agency, October 31, 2016.","""Roundup on Security Situation in Sinai 29, 30, and 31 October 2016,"" Summary, October 29, 2016.",START Primary Collection,-9,-9,0,-9,NA,Unknown ||  ||  ||  ||  || ,"10/30/2016: A sniper opened fire on security forces in Sheikh Zuweid, North Sinai, Egypt. One soldier was killed in the attack. No group claimed responsibility for the incident. || The specific motive is unknown; however, sources the attack was carried out in retaliation for the military's control of Najd Square, an area of strategic importance to the Sinai Province of the Islamic State. || The victims included Conscript Abd al-Rauf Ashraf Abd al-Rauf.",2016,FALSE,FALSE,TRUE,TRUE,TRUE,FALSE,FALSE,TRUE,6,FALSE,TRUE,TRUE,probable_inspired,high_score_text_claim_signal
data/globalterrorismdb_0522dist.csv,201611080035,2016,11,8,"November 8, 2016",0,NA,95,Iraq,10,Middle East & North Africa,Nineveh,Hammam al-Alil,36.158559,43.255099,1,0,NA,"11/08/2016: Assailants set fire to approximately 20 houses in Hammam al-Alil, Nineveh, Iraq. There were no reported casualties resulting from the blaze. No group claimed responsibility for the incident; however, sources suspected that local residents carried out the attacks and targeted people believed to be related to members of the Islamic State of Iraq and the Levant (ISIL).",1,1,1,0,NA,NA,0,1,0,7,Facility/Infrastructure Attack,NA,NA,NA,NA,14,Private Citizens & Property,76,House/Apartment/Residence,Not Applicable,Houses of Relatives of Suspected Islamic State of Iraq and the Levant (ISIL) Members,95,Iraq,NA,NA,NA,NA,NA,NA,NA,NA,NA,NA,NA,NA,NA,NA,NA,NA,Unknown,NA,NA,NA,NA,NA,"The specific motive is unknown; however, sources stated that the victims were suspected of being related to members of the Islamic State of Iraq and the Levant (ISIL).",0,NA,NA,0,-99,0,0,NA,NA,NA,NA,NA,NA,NA,NA,NA,8,Incendiary,18,Arson/Fire,NA,NA,NA,NA,NA,NA,NA,NA,NA,NA,NA,NA,NA,0,0,0,0,0,0,1,3,Minor (likely < $1 million),-99,Twenty houses were damaged in this attack.,0,NA,NA,NA,NA,NA,NA,NA,NA,NA,NA,NA,NA,NA,NA,NA,NA,"""Iraqis take revenge on ISIL members' families in Mosul,"" World Bulletin, November 8, 2016.",NA,NA,START Primary Collection,-9,-9,0,-9,NA,Unknown ||  ||  ||  ||  || ,"11/08/2016: Assailants set fire to approximately 20 houses in Hammam al-Alil, Nineveh, Iraq. There were no reported casualties resulting from the blaze. No group claimed responsibility for the incident; however, sources suspected that local residents carried out the attacks and targeted people believed to be related to members of the Islamic State of Iraq and the Levant (ISIL). || The specific motive is unknown; however, sources stated that the victims were suspected of being related to members of the Islamic State of Iraq and the Levant (ISIL). || ",2016,FALSE,FALSE,TRUE,TRUE,TRUE,FALSE,FALSE,TRUE,6,FALSE,TRUE,TRUE,probable_inspired,high_score_text_claim_signal
data/globalterrorismdb_0522dist.csv,201611130084,2016,11,13,"November 13, 2016",0,NA,95,Iraq,10,Middle East & North Africa,Kirkuk,Kirkuk,35.452112,44.375464,1,1,The incident occurred along Debka road northwest of the city.,"11/13/2016: An explosive device detonated targeting a civilian convoy along Debka road, Kirkuk, Iraq. At least two people were killed and seven people were injured in the blast. No group claimed responsibility for the incident.",1,1,1,0,NA,NA,0,1,0,3,Bombing/Explosion,NA,NA,NA,NA,14,Private Citizens & Property,65,Refugee (including Camps/IDP/Asylum Seekers),Not Applicable,Convoys of Internally Displaced Persons (IDPs),95,Iraq,NA,NA,NA,NA,NA,NA,NA,NA,NA,NA,NA,NA,NA,NA,NA,NA,Unknown,NA,NA,NA,NA,NA,"The specific motive is unknown; however, sources noted that the attack was carried out while the victims were attempting to escape areas controlled by the Islamic State of Iraq and the Levant (ISIL).",0,NA,NA,0,-99,0,0,NA,NA,NA,NA,NA,NA,NA,NA,NA,6,Explosives,16,Unknown Explosive Type,NA,NA,NA,NA,NA,NA,NA,NA,NA,NA,NA,NA,A roadside bomb was used in the attack.,2,0,0,7,0,0,-9,NA,NA,NA,NA,0,NA,NA,NA,NA,NA,NA,NA,NA,NA,NA,NA,NA,NA,NA,NA,NA,"""String of Bombings in Baghdad; 152 Killed in Iraq,"" Antiwar.com, November 14, 2016.",NA,NA,START Primary Collection,-9,-9,0,-9,NA,Unknown ||  ||  ||  ||  || ,"11/13/2016: An explosive device detonated targeting a civilian convoy along Debka road, Kirkuk, Iraq. At least two people were killed and seven people were injured in the blast. No group claimed responsibility for the incident. || The specific motive is unknown; however, sources noted that the attack was carried out while the victims were attempting to escape areas controlled by the Islamic State of Iraq and the Levant (ISIL). || ",2016,FALSE,FALSE,TRUE,TRUE,TRUE,FALSE,FALSE,TRUE,6,FALSE,TRUE,TRUE,probable_inspired,high_score_text_claim_signal
data/globalterrorismdb_0522dist.csv,201702260014,2017,2,26,NA,0,NA,6,Algeria,10,Middle East & North Africa,Constantine,Constantine,36.368943,6.619856,1,0,The incident occurred in the Bab al Kantara area.,"02/26/2017: Security forces identified and opened fire on a suicide bomber targeting a police station in Bab al Kantara area, Constantine, Algeria. The bomber detonated, killing himself and injuring three police officers. The Algeria Province of the Islamic State claimed responsibility for the attack.",1,1,1,0,NA,NA,0,1,1,3,Bombing/Explosion,NA,NA,NA,NA,3,Police,22,"Police Building (headquarters, station, school)",Algerian Police,Police Station,6,Algeria,NA,NA,NA,NA,NA,NA,NA,NA,NA,NA,NA,NA,NA,NA,NA,NA,Algeria Province of the Islamic State,NA,NA,NA,NA,NA,NA,0,NA,NA,0,1,0,1,7,"Posted to website, blog, etc.",NA,NA,NA,NA,NA,NA,NA,6,Explosives,13,Suicide (carried bodily by human being),NA,NA,NA,NA,NA,NA,NA,NA,NA,NA,NA,NA,An explosive device concealed in a bag was used in the attack.,1,0,1,3,0,0,-9,NA,NA,NA,NA,0,NA,NA,NA,NA,NA,NA,NA,NA,NA,NA,NA,NA,NA,NA,NA,NA,"""Islamic State claims foiled Algerian bombing,"" Adnkronos International, Rome, February 27, 2017.","""1 Dead, 3 wounded in Algeria suicide attack,"" EFE, February 27, 2017.","""3 policemen injured in suicide bomb attack in eastern Algeria,"" Xinhua News Agency, February 26, 2017.",START Primary Collection,0,0,0,0,NA,Algeria Province of the Islamic State ||  ||  ||  ||  || ,"02/26/2017: Security forces identified and opened fire on a suicide bomber targeting a police station in Bab al Kantara area, Constantine, Algeria. The bomber detonated, killing himself and injuring three police officers. The Algeria Province of the Islamic State claimed responsibility for the attack. ||  || ",2017,FALSE,FALSE,FALSE,TRUE,TRUE,FALSE,TRUE,TRUE,7,FALSE,FALSE,TRUE,probable_inspired,high_score_text_claim_signal
data/globalterrorismdb_0522dist.csv,201702260015,2017,2,26,NA,0,NA,6,Algeria,10,Middle East & North Africa,Constantine,Constantine,36.339751,6.590612,1,0,The incident occurred in the Boudjenana area.,"02/26/2017: Two assailants opened fire on a police station in Boudjenana area, Constantine, Algeria. There were no reported casualties. No group claimed responsibility for the incident; however, sources suspected the involvement of the Algeria Province of the Islamic State in the attack.",1,1,1,0,NA,NA,0,0,0,2,Armed Assault,NA,NA,NA,NA,3,Police,22,"Police Building (headquarters, station, school)",Algerian Police,Police Station,6,Algeria,NA,NA,NA,NA,NA,NA,NA,NA,NA,NA,NA,NA,NA,NA,NA,NA,Algeria Province of the Islamic State,NA,NA,NA,NA,NA,NA,1,NA,NA,0,2,0,0,NA,NA,NA,NA,NA,NA,NA,NA,NA,5,Firearms,2,Automatic or Semi-Automatic Rifle,NA,NA,NA,NA,NA,NA,NA,NA,NA,NA,NA,NA,AK-47 assault rifles were used in the attack.,0,0,0,0,0,0,0,NA,NA,NA,NA,0,NA,NA,NA,NA,NA,NA,NA,NA,NA,NA,NA,NA,NA,NA,NA,NA,"""Islamic State attack in Constantine indicates group's intent to revive its campaign in Algeria, despite limited capabilities,"" IHS Global Insight, February 28, 2017.",NA,NA,START Primary Collection,0,0,0,0,NA,Algeria Province of the Islamic State ||  ||  ||  ||  || ,"02/26/2017: Two assailants opened fire on a police station in Boudjenana area, Constantine, Algeria. There were no reported casualties. No group claimed responsibility for the incident; however, sources suspected the involvement of the Algeria Province of the Islamic State in the attack. ||  || ",2017,FALSE,FALSE,FALSE,TRUE,TRUE,FALSE,FALSE,TRUE,5,FALSE,FALSE,TRUE,probable_inspired,high_score_text_claim_signal
data/globalterrorismdb_0522dist.csv,201704230023,2017,4,19,NA,0,NA,6,Algeria,10,Middle East & North Africa,Constantine,Ibn Badis,36.318789,6.832205,1,0,NA,"04/19/2017: Security forces identified two suicide bombers in Ibn Badis, Constantine, Algeria. One assailant was arrested while the second assailant detonated, killing only himself. No group claimed responsibility for the incident; however, sources attributed the attack to the Algeria Province of the Islamic State.",1,1,1,0,NA,NA,0,1,1,3,Bombing/Explosion,NA,NA,NA,NA,20,Unknown,NA,NA,Unknown,Unknown,6,Algeria,NA,NA,NA,NA,NA,NA,NA,NA,NA,NA,NA,NA,NA,NA,NA,NA,Algeria Province of the Islamic State,NA,NA,NA,NA,NA,NA,0,NA,NA,0,2,1,0,NA,NA,NA,NA,NA,NA,NA,NA,NA,6,Explosives,13,Suicide (carried bodily by human being),NA,NA,NA,NA,NA,NA,NA,NA,NA,NA,NA,NA,Two explosives-laden belts were used in the attack.,1,0,1,0,0,0,0,NA,NA,NA,NA,0,NA,NA,NA,NA,NA,NA,NA,NA,NA,NA,NA,NA,NA,NA,NA,NA,"""Algerian army kills IS-linked militant, arrests another,"" Xinhua General News Service, April 19, 2017.","""State PAO: Algiers Media Digest 22-23 April 2017,"" US Embassy Public Affairs Office, April 23, 2017.","""Hosted Product: Algeria Press Review Security Arab Sources April 20, 2017,"" Algeria Security Digest, April 20, 2017.",START Primary Collection,0,0,0,0,NA,Algeria Province of the Islamic State ||  ||  ||  ||  || ,"04/19/2017: Security forces identified two suicide bombers in Ibn Badis, Constantine, Algeria. One assailant was arrested while the second assailant detonated, killing only himself. No group claimed responsibility for the incident; however, sources attributed the attack to the Algeria Province of the Islamic State. ||  || ",2017,FALSE,FALSE,FALSE,TRUE,TRUE,FALSE,FALSE,TRUE,5,FALSE,FALSE,TRUE,probable_inspired,high_score_text_claim_signal
data/globalterrorismdb_0522dist.csv,201705310033,2017,5,31,NA,0,NA,6,Algeria,10,Middle East & North Africa,Blida,Ben Omar,36.548747,3.110045,2,0,The incident occurred in Ouled Slama district.,"05/31/2017: Assailants opened fire on national gendarmerie personnel in Ben Omar, Blida, Algeria. At least four security personnel were injured in the attack. The Algeria Province of the Islamic State claimed responsibility for the incident.",1,1,1,0,NA,NA,0,1,0,2,Armed Assault,NA,NA,NA,NA,3,Police,23,Police Patrol (including vehicles and convoys),Algerian National Gendarmerie,Patrol,6,Algeria,NA,NA,NA,NA,NA,NA,NA,NA,NA,NA,NA,NA,NA,NA,NA,NA,Algeria Province of the Islamic State,NA,NA,NA,NA,NA,NA,0,NA,NA,0,-99,0,1,7,"Posted to website, blog, etc.",NA,NA,NA,NA,NA,NA,NA,5,Firearms,5,Unknown Gun Type,NA,NA,NA,NA,NA,NA,NA,NA,NA,NA,NA,NA,NA,0,0,0,4,0,0,-9,NA,NA,NA,NA,0,NA,NA,NA,NA,NA,NA,NA,NA,NA,NA,NA,NA,NA,NA,NA,"Casualty numbers conflict across sources. Following GTD protocol, the majority reliable estimates are reported here.","""Four soldiers injured in a terrorist attack in Algeria,"" Xinhua General News Service, June 1, 2017.","""Hosted Product: Algeria Press Review Security Arab Sources June 1, 2017,"" Algeria Security Digest, June 1, 2017.","""Islamic State Claims Attack on Algerian Patrol, 4 Wounded,"" DailyMe.Com, June 1, 2017.",START Primary Collection,0,0,0,0,NA,Algeria Province of the Islamic State ||  ||  ||  ||  || ,"05/31/2017: Assailants opened fire on national gendarmerie personnel in Ben Omar, Blida, Algeria. At least four security personnel were injured in the attack. The Algeria Province of the Islamic State claimed responsibility for the incident. ||  || Casualty numbers conflict across sources. Following GTD protocol, the majority reliable estimates are reported here.",2017,FALSE,FALSE,FALSE,TRUE,TRUE,FALSE,TRUE,TRUE,7,FALSE,FALSE,TRUE,probable_inspired,high_score_text_claim_signal
data/globalterrorismdb_0522dist.csv,201708310011,2017,8,31,NA,0,NA,6,Algeria,10,Middle East & North Africa,Tiaret,Tiaret,35.359687,1.321803,1,0,NA,"08/31/2017: A suicide bomber armed with an explosives-laden belt and a firearm attacked the Directorate General for National Security in Tiaret, Algeria. In addition to the assailant, two police officers were killed and a third was injured in the attack. The Algeria Province of the Islamic State and Al-Qaida in the Islamic Maghreb (AQIM) issued competing claims of responsibility for the incident.",1,1,1,0,NA,NA,0,1,1,3,Bombing/Explosion,NA,NA,NA,NA,3,Police,22,"Police Building (headquarters, station, school)",Directorate General for National Security,Headquarters,6,Algeria,NA,NA,NA,NA,NA,NA,NA,NA,NA,NA,NA,NA,NA,NA,NA,NA,Algeria Province of the Islamic State,NA,Al-Qaida in the Islamic Maghreb (AQIM),Al-Fath al-Mubin Brigade,NA,NA,NA,0,0,NA,0,1,0,1,6,Video,1,4,E-mail,NA,NA,NA,1,6,Explosives,13,Suicide (carried bodily by human being),5,Firearms,5,Unknown Gun Type,NA,NA,NA,NA,NA,NA,NA,NA,An explosives-laden belt was used in the attack.,3,0,1,1,0,0,-9,NA,NA,NA,NA,0,NA,NA,NA,NA,NA,NA,NA,NA,NA,NA,NA,NA,NA,NA,NA,NA,"""Islamic State claims suicide bombing at Algeria police HQ,"" Deutsche Presse-Agentur, August 31, 2017.","""UPDATE 1-Suicide bomb attack in Algeria kills two policeman,"" Reuters Africa, August 31, 2017.","""Attack on Algerian security directorate leaves 3 dead,"" Anadolu Ajansi, August 31, 2017.",START Primary Collection,0,0,0,0,NA,Algeria Province of the Islamic State || Al-Qaida in the Islamic Maghreb (AQIM) ||  ||  || Al-Fath al-Mubin Brigade || ,"08/31/2017: A suicide bomber armed with an explosives-laden belt and a firearm attacked the Directorate General for National Security in Tiaret, Algeria. In addition to the assailant, two police officers were killed and a third was injured in the attack. The Algeria Province of the Islamic State and Al-Qaida in the Islamic Maghreb (AQIM) issued competing claims of responsibility for the incident. ||  || ",2017,FALSE,FALSE,FALSE,TRUE,TRUE,FALSE,TRUE,TRUE,7,FALSE,FALSE,TRUE,probable_inspired,high_score_text_claim_signal
data/globalterrorismdb_0522dist.csv,201710010021,2017,10,1,NA,0,NA,113,Libya,10,Middle East & North Africa,Nuqat Al Khams,Sabratah,32.791562,12.489026,1,0,NA,"10/01/2017: An explosives-laden building detonated in the center of Sabratah, Nuqat Al Khams, Libya. At least two Anti-ISIS Operations Room (AIOR/AIOR-S) soldiers were killed and three other soldiers were injured in the blast. The Anas al-Dabbashi Brigade claimed responsibility for the attack.",1,1,0,1,1,Insurgency/Guerilla Action,0,1,0,3,Bombing/Explosion,NA,NA,NA,NA,4,Military,34,"Military Personnel (soldiers, troops, officers, forces)",Anti-ISIS Operations Room (AIOR/AIOR-S),Forces,113,Libya,NA,NA,NA,NA,NA,NA,NA,NA,NA,NA,NA,NA,NA,NA,NA,NA,Anas al-Dabbashi Brigade,NA,NA,NA,NA,NA,NA,0,NA,NA,0,-99,0,1,6,Video,NA,NA,NA,NA,NA,NA,NA,6,Explosives,8,Landmine,NA,NA,NA,NA,NA,NA,NA,NA,NA,NA,NA,NA,A landmine planted inside a building was used in the attack.,2,0,0,3,0,0,-9,NA,NA,NA,NA,0,NA,NA,NA,NA,NA,NA,NA,NA,NA,NA,NA,NA,NA,NA,NA,"The victims included Murad Salim Abu Raqabah, 'Abd-al-Ra'uf al-Ganudi, Jihad al-Baruni al-Harizi, Sa'id al-Hurazi, and Muhammad Yusuf al-Nawasri.","""Libya: Anti-ISIS Operations Room Says, ISIS, Benghazi Shura Agents Participate in Sabratah Fighting,"" Al-Marsad, October 1, 2017.",NA,NA,START Primary Collection,0,0,0,0,NA,Anas al-Dabbashi Brigade ||  ||  ||  ||  || ,"10/01/2017: An explosives-laden building detonated in the center of Sabratah, Nuqat Al Khams, Libya. At least two Anti-ISIS Operations Room (AIOR/AIOR-S) soldiers were killed and three other soldiers were injured in the blast. The Anas al-Dabbashi Brigade claimed responsibility for the attack. ||  || The victims included Murad Salim Abu Raqabah, 'Abd-al-Ra'uf al-Ganudi, Jihad al-Baruni al-Harizi, Sa'id al-Hurazi, and Muhammad Yusuf al-Nawasri.",2017,FALSE,FALSE,FALSE,TRUE,FALSE,FALSE,TRUE,TRUE,5,FALSE,FALSE,TRUE,probable_inspired,high_score_text_claim_signal
data/globalterrorismdb_0522dist.csv,201710010018,2017,10,1,NA,0,NA,217,United States,1,North America,Nevada,Las Vegas,36.080705,-115.136932,1,0,The incident occurred along Las Vegas Boulevard in Paradise area.,"10/01/2017: An assailant opened fire from the Mandalay Bay Hotel on the Route 91 Harvest Festival concert in Las Vegas, Nevada, United States. At least 59 people were killed and more than 850 other people were injured in the assault. The assailant shot and killed himself before police reached him. Authorities identified the assailant as Stephen Paddock. A witness claimed that in the weeks before the attack she overheard Paddock espousing anger over the 1990s standoffs in Waco, Texas and Ruby Ridge, Idaho. A second witness reported that Paddock expressed concern over the United States government ""confiscating guns"" and that ""somebody has to wake up the American public and get them to arm themselves."" However, the Federal Bureau of Investigation Behavioral Analysis Unit ultimately determined that ""there was no single or clear motivating factor"" and that Paddock ""was not seeking to further any religious, social, or political agenda.""",0,1,1,1,2,Other Crime Type,0,1,0,2,Armed Assault,NA,NA,NA,NA,1,Business,11,Entertainment/Cultural/Stadium/Casino,Mandalay Bay Resort and Casino,Security Guard: Jesus Campos,217,United States,6,Airports & Aircraft,44,Airport,McCarran International Airport,Fuel Tanks,217,United States,14,Private Citizens & Property,78,"Procession/Gathering (funeral, wedding, birthday, religious)",Route 91 Harvest Festival,Country Music Festival,217,United States,Anti-Government extremists,NA,NA,NA,NA,NA,NA,1,NA,NA,1,1,0,0,NA,NA,NA,NA,NA,NA,NA,NA,NA,5,Firearms,2,Automatic or Semi-Automatic Rifle,NA,NA,NA,NA,NA,NA,NA,NA,NA,NA,NA,NA,AR-15 semiautomatic rifles equipped with bump stocks were used in the attack.,60,56,1,850,NA,0,1,4,Unknown,-99,A hotel window and other unspecified property were damaged in this attack.,0,NA,NA,NA,NA,NA,NA,NA,NA,NA,NA,NA,NA,NA,NA,NA,"There is doubt that this incident meets terrorism-related criteria. Authorities could not verify witness statements alluding to a possible motive and the Federal Bureau of Investigation's Behavioral Analysis Unit determined that ""Paddock was not seeking to further any religious, social, or political agenda"" in the attack. Amaq News Agency, the Islamic State of Iraq and the Levant (ISIL) media wing, claimed that Paddock, the assailant, was a ""soldier of the caliphate."" However, authorities dismissed this claim. Casualty numbers conflict across sources. Following GTD protocol, the most recent reliable estimates are reported here. The victims included the following United states citizens: Hannah Ahlers, Heather Alvarado, Dorene Anderson, Carrie Barnette, Jack Beaton, Steve Berger, Candice Bowers, Denise Burditus, Sandy Casey, Andrea Castilla, Denise Cohen, Austin Davis, Thomas Day, Jr., Christiana Duarte, Stacee Etcheber, Brian Fraser, Keri Galvan, Dana Gardner, Kimberly Gervais, Angela Gomez, Rocio Guillen Rocha, Charleston Hartfield, Chris Hazencomb, Jennifer Topaz Irvine, Teresa Nicol Kimura, Carly Kreibaum, Rhonda LeRocque, Victor Link, Kelsey Meadows, James ""Sonny"" Melton, Patricia Mestas, Austin Meyer, Adrian Murfitt, Rachael Parker, Jenny Parks, Carrie Parsons, Lisa Patterson, John Phippen, Melissa Ramirez, Jordyn Rivera, Quinton Robbins, Cameron Robinson, Lisa Romero-Muniz, Chris Roybal, Brett Schwanbeck, Bailey Schweitzer, Laura Shipp, Erick Silva, Susan Smith, Brennan Stewart, Derrick “Bo” Taylor, Neysa Tonks, Michelle Vo, Kurt von Tillow, and Bill Wolfe. The victims also included Canadian citizens Jessica Klymchuk, Jordan McIldoon, Calla-Marie Medig, and Tara Roe.","""New documents suggest Las Vegas shooter was conspiracy theorist â€“ what we know,"" The Guardian, May 19, 2018.","""Housekeeper describes chilling interaction with Las Vegas gunman before massacre,"" CBS News, May 17, 2018.","""Sheriff: Person of interest part of Strip shooting probe; Paddock had child porn,"" Las Vegas Sun, January 19, 2018.",START Primary Collection,-9,-9,0,-9,NA,Anti-Government extremists ||  ||  ||  ||  || ,"10/01/2017: An assailant opened fire from the Mandalay Bay Hotel on the Route 91 Harvest Festival concert in Las Vegas, Nevada, United States. At least 59 people were killed and more than 850 other people were injured in the assault. The assailant shot and killed himself before police reached him. Authorities identified the assailant as Stephen Paddock. A witness claimed that in the weeks before the attack she overheard Paddock espousing anger over the 1990s standoffs in Waco, Texas and Ruby Ridge, Idaho. A second witness reported that Paddock expressed concern over the United States government ""confiscating guns"" and that ""somebody has to wake up the American public and get them to arm themselves."" However, the Federal Bureau of Investigation Behavioral Analysis Unit ultimately determined that ""there was no single or clear motivating factor"" and that Paddock ""was not seeking to further any religious, social, or political agenda."" ||  || There is doubt that this incident meets terrorism-related criteria. Authorities could not verify witness statements alluding to a possible motive and the Federal Bureau of Investigation's Behavioral Analysis Unit determined that ""Paddock was not seeking to further any religious, social, or political agenda"" in the attack. Amaq News Agency, the Islamic State of Iraq and the Levant (ISIL) media wing, claimed that Paddock, the assailant, was a ""soldier of the caliphate."" However, authorities dismissed this claim. Casualty numbers conflict across sources. Following GTD protocol, the most recent reliable estimates are reported here. The victims included the following United states citizens: Hannah Ahlers, Heather Alvarado, Dorene Anderson, Carrie Barnette, Jack Beaton, Steve Berger, Candice Bowers, Denise Burditus, Sandy Casey, Andrea Castilla, Denise Cohen, Austin Davis, Thomas Day, Jr., Christiana Duarte, Stacee Etcheber, Brian Fraser, Keri Galvan, Dana Gardner, Kimberly Gervais, Angela Gomez, Rocio Guillen Rocha, Charleston Hartfield, Chris Hazencomb, Jennifer Topaz Irvine, Teresa Nicol Kimura, Carly Kreibaum, Rhonda LeRocque, Victor Link, Kelsey Meadows, James ""Sonny"" Melton, Patricia Mestas, Austin Meyer, Adrian Murfitt, Rachael Parker, Jenny Parks, Carrie Parsons, Lisa Patterson, John Phippen, Melissa Ramirez, Jordyn Rivera, Quinton Robbins, Cameron Robinson, Lisa Romero-Muniz, Chris Roybal, Brett Schwanbeck, Bailey Schweitzer, Laura Shipp, Erick Silva, Susan Smith, Brennan Stewart, Derrick “Bo” Taylor, Neysa Tonks, Michelle Vo, Kurt von Tillow, and Bill Wolfe. The victims also included Canadian citizens Jessica Klymchuk, Jordan McIldoon, Calla-Marie Medig, and Tara Roe.",2017,FALSE,FALSE,FALSE,TRUE,TRUE,FALSE,FALSE,TRUE,5,FALSE,FALSE,TRUE,probable_inspired,high_score_text_claim_signal
data/globalterrorismdb_0522dist.csv,201701070022,2017,1,7,NA,0,NA,217,United States,1,North America,Texas,Fort Worth,32.781158,-97.347293,1,0,NA,"01/07/2017: An assailant set fire to St. Stephen Presbyterian Church on MacPherson Avenue in Fort Worth, Texas, United States. There were no reported casualties in the attack. The assailant, identified as Thomas Dale Britton, claimed responsibility for the incident and ""left graffiti in an attempt to implicate a terrorist group such as ISIS"" at the scene of the attack.",1,1,1,0,NA,NA,0,1,0,7,Facility/Infrastructure Attack,NA,NA,NA,NA,15,Religious Figures/Institutions,86,Place of Worship,St. Stephen Presbyterian Church,Church,217,United States,NA,NA,NA,NA,NA,NA,NA,NA,NA,NA,NA,NA,NA,NA,NA,NA,Anti-Muslim extremists,NA,NA,NA,NA,NA,"Thomas Dale Britton, an unaffiliated individual, ""left graffiti in an attempt to implicate a terrorist group such as ISIS"" at the scene of the attack.",0,NA,NA,1,1,1,1,5,Note left at scene,NA,NA,NA,NA,NA,NA,NA,8,Incendiary,18,Arson/Fire,NA,NA,NA,NA,NA,NA,NA,NA,NA,NA,NA,NA,NA,0,0,0,0,0,0,1,3,Minor (likely < $1 million),784000,A church was damaged in this attack.,0,NA,NA,NA,NA,NA,NA,NA,NA,NA,NA,NA,NA,NA,NA,NA,NA,"""Jury reaches verdict in 5 minutes on ‘historic criminal mischief’ of Fort Worth church,"" Star-Telegram, August 23, 2018.","""Man arrested for vandalism at historic Fort Worth church,"" KDFW FOX 4 News, January 11, 2017.","""Police Arrest Man, 21, Suspected in Vandalism of FW Church,"" NBC Dallas-Fort Worth, January 10, 2017.",START Primary Collection,-9,-9,0,-9,NA,Anti-Muslim extremists ||  ||  ||  ||  || ,"01/07/2017: An assailant set fire to St. Stephen Presbyterian Church on MacPherson Avenue in Fort Worth, Texas, United States. There were no reported casualties in the attack. The assailant, identified as Thomas Dale Britton, claimed responsibility for the incident and ""left graffiti in an attempt to implicate a terrorist group such as ISIS"" at the scene of the attack. || Thomas Dale Britton, an unaffiliated individual, ""left graffiti in an attempt to implicate a terrorist group such as ISIS"" at the scene of the attack. || ",2017,FALSE,FALSE,FALSE,TRUE,FALSE,FALSE,TRUE,TRUE,5,FALSE,FALSE,TRUE,probable_inspired,high_score_text_claim_signal
data/globalterrorismdb_0522dist.csv,201706290017,2017,6,29,NA,0,NA,69,France,8,Western Europe,Ile-de-France,Creteil,48.783605,2.454183,1,0,NA,"06/29/2017: An assailant attempted to use his vehicle to run over civilians outside a mosque in Creteil, Ile-de-France, France. The vehicle was unable to break through the barriers and the assailant fled in the vehicle. An unidentified individual claimed responsibility for the incident and stated that the attack was carried out in retaliation for Islamic State of Iraq and the Levant (ISIL) attacks.",1,1,1,0,NA,NA,0,0,0,8,Unarmed Assault,NA,NA,NA,NA,14,Private Citizens & Property,69,Religion Identified,Not Applicable,Muslim Civilians,69,France,NA,NA,NA,NA,NA,NA,NA,NA,NA,NA,NA,NA,NA,NA,NA,NA,Anti-Muslim extremists,NA,NA,NA,NA,NA,An unidentified unaffiliated individual claimed responsibility for the incident and stated that the attack was carried out in retaliation for Islamic State of Iraq and the Levant (ISIL) attacks.,0,NA,NA,1,1,1,1,8,Personal claim,NA,NA,NA,NA,NA,NA,NA,10,"Vehicle (not to include vehicle-borne explosives, i.e., car or truck bombs)",NA,NA,NA,NA,NA,NA,NA,NA,NA,NA,NA,NA,NA,NA,An SUV was used in the attack.,0,0,0,0,0,0,0,NA,NA,NA,NA,0,NA,NA,NA,NA,NA,NA,NA,NA,NA,NA,NA,NA,NA,NA,NA,NA,"""Paris mosque: Driver arrested after attempting to ram crowd,"" CNN.com, June 30, 2017.","""Driver arrested after trying to ram a car into crowd of people outside Paris mosque,"" The Telegraph, June 30, 2017.","""Paris man attempts to ram car into crowd outside mosque in Creteil suburb,"" Deutsche Welle, June 29, 2017.",START Primary Collection,-9,-9,0,-9,NA,Anti-Muslim extremists ||  ||  ||  ||  || ,"06/29/2017: An assailant attempted to use his vehicle to run over civilians outside a mosque in Creteil, Ile-de-France, France. The vehicle was unable to break through the barriers and the assailant fled in the vehicle. An unidentified individual claimed responsibility for the incident and stated that the attack was carried out in retaliation for Islamic State of Iraq and the Levant (ISIL) attacks. || An unidentified unaffiliated individual claimed responsibility for the incident and stated that the attack was carried out in retaliation for Islamic State of Iraq and the Levant (ISIL) attacks. || ",2017,FALSE,FALSE,FALSE,TRUE,TRUE,FALSE,TRUE,TRUE,7,FALSE,FALSE,TRUE,probable_inspired,high_score_text_claim_signal
data/globalterrorismdb_0522dist.csv,201711260051,2017,11,26,NA,0,NA,92,India,6,South Asia,Telangana,Peddamidisileru,18.086429,80.863245,1,0,The incident occurred near Cherla.,"11/26/2017: Assailants stabbed and killed Sodi Prasad in Peddamidisileru, Telangana, India. The Communist Party of India - Maoist (CPI-Maoist) claimed responsibility for the incident and stated that Prasad was a police informant.",1,1,1,0,NA,NA,0,1,0,2,Armed Assault,NA,NA,NA,NA,14,Private Citizens & Property,113,Alleged Informant,Not Applicable,Suspected Informant: Sodi Prasad,92,India,NA,NA,NA,NA,NA,NA,NA,NA,NA,NA,NA,NA,NA,NA,NA,NA,Communist Party of India - Maoist (CPI-Maoist),NA,NA,NA,NA,NA,Maoists claimed responsibility for the incident and stated that Sodi Prasad was a police informant,0,NA,NA,0,-99,0,1,5,Note left at scene,NA,NA,NA,NA,NA,NA,NA,9,Melee,23,Knife or Other Sharp Object,NA,NA,NA,NA,NA,NA,NA,NA,NA,NA,NA,NA,NA,1,0,0,0,0,0,0,NA,NA,NA,NA,0,NA,NA,NA,NA,NA,NA,NA,NA,NA,NA,NA,NA,NA,NA,NA,NA,"""Six Maoists held in Charla mandal,"" The Hindu, May 16, 2018.","""'Maoists' kill a tribal villager,"" The Hindu, November 27, 2017.",NA,START Primary Collection,0,0,0,0,NA,Communist Party of India - Maoist (CPI-Maoist) ||  ||  ||  ||  || ,"11/26/2017: Assailants stabbed and killed Sodi Prasad in Peddamidisileru, Telangana, India. The Communist Party of India - Maoist (CPI-Maoist) claimed responsibility for the incident and stated that Prasad was a police informant. || Maoists claimed responsibility for the incident and stated that Sodi Prasad was a police informant || ",2017,FALSE,FALSE,FALSE,TRUE,FALSE,FALSE,TRUE,TRUE,5,FALSE,FALSE,TRUE,probable_inspired,high_score_text_claim_signal
data/globalterrorismdb_0522dist.csv,201710100011,2017,10,9,NA,0,NA,200,Syria,10,Middle East & North Africa,Idlib,Idlib,35.928802,36.631452,1,0,The incident occurred in the Idlib district.,"10/09/2017: Assailants stopped a jeweler and his family and accused them of having links to the Islamic State of Iraq and the Levant (ISIL) in Idlib city, Syria. At least three family members, including the jeweler, were shot and killed in the assault. No group claimed responsibility; however, sources attributed the attack to a security committee affiliated with Hay'at Tahrir al-Sham.",1,0,1,1,3,Intra/Inter-group Conflict,0,1,0,2,Armed Assault,7,Facility/Infrastructure Attack,NA,NA,1,Business,7,Retail/Grocery/Bakery,Unknown,Jeweler: Hajj Ayman Qawsarah,200,Syria,NA,NA,NA,NA,NA,NA,NA,NA,NA,NA,NA,NA,NA,NA,NA,NA,Hay'at Tahrir al-Sham,NA,NA,NA,NA,NA,"The specific motive is unknown; however, sources posited that Hay'at Tahrir al-Sham accused the victims of being affiliated with the Islamic State of Iraq and the Levant (ISIL).",0,NA,NA,0,-99,0,0,NA,NA,NA,NA,NA,NA,NA,NA,NA,5,Firearms,5,Unknown Gun Type,NA,NA,NA,NA,NA,NA,NA,NA,NA,NA,NA,NA,Firearms equipped with silencers were used in the attack.,3,0,0,0,0,0,1,4,Unknown,-99,"Five kilograms of gold and $10,000 were stolen in this attack.",0,NA,NA,NA,NA,NA,NA,NA,NA,NA,NA,NA,NA,NA,NA,NA,"There is doubt that this incident meets terrorism-related criteria. The attack may have been the result of conflict between rival group. Casualty numbers conflict across sources. Following GTD protocol, the lowest reliable estimates are reported here. The victims included 'Abd-al-Mu'in, 'Isam, and Radwan.","""Syria: Idlib Residents Protest 'State of Lawlessnes' as Rebel Police Force 'Fails To Maintain Order',"" Syria Direct, October 11, 2017.","""Syria: General Strike in Idlib To Protest State of 'Lawlessness' Perpetrated by Fath al-Sham Members,"" Summary, October 11, 2017.",NA,START Primary Collection,0,0,0,0,NA,Hay'at Tahrir al-Sham ||  ||  ||  ||  || ,"10/09/2017: Assailants stopped a jeweler and his family and accused them of having links to the Islamic State of Iraq and the Levant (ISIL) in Idlib city, Syria. At least three family members, including the jeweler, were shot and killed in the assault. No group claimed responsibility; however, sources attributed the attack to a security committee affiliated with Hay'at Tahrir al-Sham. || The specific motive is unknown; however, sources posited that Hay'at Tahrir al-Sham accused the victims of being affiliated with the Islamic State of Iraq and the Levant (ISIL). || There is doubt that this incident meets terrorism-related criteria. The attack may have been the result of conflict between rival group. Casualty numbers conflict across sources. Following GTD protocol, the lowest reliable estimates are reported here. The victims included 'Abd-al-Mu'in, 'Isam, and Radwan.",2017,FALSE,FALSE,FALSE,TRUE,TRUE,FALSE,FALSE,TRUE,5,FALSE,FALSE,TRUE,probable_inspired,high_score_text_claim_signal
data/globalterrorismdb_0522dist.csv,201701060022,2017,1,6,NA,0,NA,217,United States,1,North America,Florida,Fort Lauderdale,26.141208,-80.146457,1,0,NA,"01/06/2017: An assailant opened fire at Fort Lauderdale-Hollywood International Airport in Fort Lauderdale, Florida, United States. At least five people were killed and six other people were injured in the assault. Esteban Santiago admitted that he had discussed his plans for the attack in various jihadi online chat rooms. Moreover, Santiago stated that the Central Intelligence Agency (CIA) was forcing him to view Islamic State of Iraq and the Levant (ISIL) videos.",1,1,1,1,4,Lack of Intentionality,0,1,0,2,Armed Assault,NA,NA,NA,NA,6,Airports & Aircraft,44,Airport,Fort Lauderdale-Hollywood International Airport,Airport,217,United States,NA,NA,NA,NA,NA,NA,NA,NA,NA,NA,NA,NA,NA,NA,NA,NA,Jihadi-inspired extremists,NA,NA,NA,NA,NA,"An unaffiliated individual, identified as Esteban Santiago, admitted that he had discussed his plans for the attack in various jihadi online chat rooms. Moreover, Santiago stated that the Central Intelligence Agency (CIA) was forcing him to view Islamic State of Iraq and the Levant (ISIL) videos.",0,NA,NA,1,1,1,1,8,Personal claim,NA,NA,NA,NA,NA,NA,NA,5,Firearms,3,Handgun,NA,NA,NA,NA,NA,NA,NA,NA,NA,NA,NA,NA,A 9-mm pistol was used in the attack.,5,5,0,6,6,0,0,NA,NA,NA,NA,0,NA,NA,NA,NA,NA,NA,NA,NA,NA,NA,NA,NA,NA,NA,NA,"There is doubt that this incident meets terrorism-related criteria. Sources noted that Santiago was diagnosed with schizophrenia. Additionally, Santiago claimed that the United States government was controlling his mind and forcing him to watch Islamic State of Iraq and the Levant (ISIL) videos, while the Central Intelligence Agency (CIA) was forcing him to join the group. Casualty numbers conflict across sources. Following GTD protocol, the most recent reliable estimates are reported here.","""US veteran arrested over Fort Lauderdale shooting,"" Al Jazeera, January 7, 2017.","""Fort Lauderdale airport shooter's motives still not clear, FBI says,"" CBC, January 7, 2017.","""Fort Lauderdale Shooting Exposes Airport Security Gaps, Experts Say,"" Time, January 6, 2017.",START Primary Collection,-9,-9,0,-9,NA,Jihadi-inspired extremists ||  ||  ||  ||  || ,"01/06/2017: An assailant opened fire at Fort Lauderdale-Hollywood International Airport in Fort Lauderdale, Florida, United States. At least five people were killed and six other people were injured in the assault. Esteban Santiago admitted that he had discussed his plans for the attack in various jihadi online chat rooms. Moreover, Santiago stated that the Central Intelligence Agency (CIA) was forcing him to view Islamic State of Iraq and the Levant (ISIL) videos. || An unaffiliated individual, identified as Esteban Santiago, admitted that he had discussed his plans for the attack in various jihadi online chat rooms. Moreover, Santiago stated that the Central Intelligence Agency (CIA) was forcing him to view Islamic State of Iraq and the Levant (ISIL) videos. || There is doubt that this incident meets terrorism-related criteria. Sources noted that Santiago was diagnosed with schizophrenia. Additionally, Santiago claimed that the United States government was controlling his mind and forcing him to watch Islamic State of Iraq and the Levant (ISIL) videos, while the Central Intelligence Agency (CIA) was forcing him to join the group. Casualty numbers conflict across sources. Following GTD protocol, the most recent reliable estimates are reported here.",2017,FALSE,TRUE,FALSE,TRUE,TRUE,FALSE,TRUE,TRUE,9,TRUE,FALSE,TRUE,probable_inspired,high_score_text_claim_signal
data/globalterrorismdb_0522dist.csv,201701300053,2017,1,30,NA,0,NA,202,Tajikistan,7,Central Asia,Khatlon,Qurghonteppa,37.83612,68.775722,1,1,NA,"01/30/2017: An explosive device detonated targeting the vehicle of a mobile phone company employee in Qurghonteppa, Khatlon, Tajikistan. There were no reported casualties in the blast. No group claimed responsibility for the attack; however, sources attributed the attack to Jihadi-Inspired extremists who had pledged allegiance to the Islamic State of Iraq and the Levant (ISIL).",1,1,1,0,NA,NA,0,1,0,3,Bombing/Explosion,NA,NA,NA,NA,1,Business,NA,NA,Beeline,Vehicle of Cell Phone Company Employee,202,Tajikistan,NA,NA,NA,NA,NA,NA,NA,NA,NA,NA,NA,NA,NA,NA,NA,NA,Jihadi-inspired extremists,NA,NA,NA,NA,NA,"The specific motive is unknown; however, sources noted that the assailants had pledged allegiance to the Islamic State of Iraq and the Levant (ISIL).",0,NA,NA,1,4,4,0,NA,NA,NA,NA,NA,NA,NA,NA,NA,6,Explosives,16,Unknown Explosive Type,NA,NA,NA,NA,NA,NA,NA,NA,NA,NA,NA,NA,NA,0,0,0,0,0,0,1,3,Minor (likely < $1 million),-99,A vehicle was damaged in this attack.,0,NA,NA,NA,NA,NA,NA,NA,NA,NA,NA,NA,NA,NA,NA,NA,NA,"""Explosion in Tajikistan: Terrorism or Accident?,"" EurasiaNet, March 15, 2017.","""State PAO: Tajikistan Media Highlights 2 October 2017,"" US Embassy Public Affairs Office, October 2, 2017.","""Tajikista: Blast at Qurghonteppa Military Prosecutor's Office Leaves One Dead,"" Asia-Plus Online, March 14, 2017.",START Primary Collection,-9,-9,0,-9,NA,Jihadi-inspired extremists ||  ||  ||  ||  || ,"01/30/2017: An explosive device detonated targeting the vehicle of a mobile phone company employee in Qurghonteppa, Khatlon, Tajikistan. There were no reported casualties in the blast. No group claimed responsibility for the attack; however, sources attributed the attack to Jihadi-Inspired extremists who had pledged allegiance to the Islamic State of Iraq and the Levant (ISIL). || The specific motive is unknown; however, sources noted that the assailants had pledged allegiance to the Islamic State of Iraq and the Levant (ISIL). || ",2017,FALSE,TRUE,FALSE,TRUE,TRUE,FALSE,FALSE,TRUE,7,TRUE,FALSE,TRUE,probable_inspired,high_score_text_claim_signal
data/globalterrorismdb_0522dist.csv,201701310059,2017,1,31,NA,0,NA,217,United States,1,North America,Colorado,Denver,39.762171,-104.875812,1,0,The incident occurred at Wynkoop Plaza near Denver Union Station.,"01/31/2017: An assailant shot and killed Scott Von Lanken, a transit security guard, near Union Station in Denver, Colorado, United States. Joshua Cummings, a Muslim extremist, claimed responsibility for the incident and stated that he carried out the attack ""for the pleasure of Allah."" Cummings pledged allegiance to the Islamic State of Iraq and the Levant (ISIL) after his arrest, but he claimed that the attack was not in the name of ISIL.",1,1,1,0,NA,NA,0,1,0,2,Armed Assault,NA,NA,NA,NA,3,Police,25,Police Security Forces/Officers,Regional Transportation District,Security Guard: Scott Von Lanken,217,United States,NA,NA,NA,NA,NA,NA,NA,NA,NA,NA,NA,NA,NA,NA,NA,NA,Jihadi-inspired extremists,NA,NA,NA,NA,NA,"An unaffiliated individual, identified as Joshua Andrew Cummings, claimed responsibility for the incident and stated ""On the night in question, what I did do, I didn’t do that for the Islamic State. I did that purely and solely for the pleasure of Allah."" Sources also noted that Cummings had pledged allegiance to the Islamic State of Iraq and the Levant (ISIL).",0,NA,NA,1,1,1,1,8,Personal claim,NA,NA,NA,NA,NA,NA,NA,5,Firearms,3,Handgun,NA,NA,NA,NA,NA,NA,NA,NA,NA,NA,NA,NA,A handgun was used in the attack.,1,1,0,0,0,0,0,NA,NA,NA,NA,0,NA,NA,NA,NA,NA,NA,NA,NA,NA,NA,NA,NA,NA,NA,NA,NA,"""Man Accused Of Killing RTD Guard: Actions Were 'For Pleasure Of Allah',"" CBS Local Denver, February 27, 2017.","""Denver Mosque Warned Feds About Murder Suspect's Alleged Radicalization,"" ABC News, February 2, 2017.","""Fountain Hills Church members remember former pastor who was gunned down in Denver,"" FOX 10 Phoenix, February 3, 2017.",START Primary Collection,-9,-9,0,-9,NA,Jihadi-inspired extremists ||  ||  ||  ||  || ,"01/31/2017: An assailant shot and killed Scott Von Lanken, a transit security guard, near Union Station in Denver, Colorado, United States. Joshua Cummings, a Muslim extremist, claimed responsibility for the incident and stated that he carried out the attack ""for the pleasure of Allah."" Cummings pledged allegiance to the Islamic State of Iraq and the Levant (ISIL) after his arrest, but he claimed that the attack was not in the name of ISIL. || An unaffiliated individual, identified as Joshua Andrew Cummings, claimed responsibility for the incident and stated ""On the night in question, what I did do, I didn’t do that for the Islamic State. I did that purely and solely for the pleasure of Allah."" Sources also noted that Cummings had pledged allegiance to the Islamic State of Iraq and the Levant (ISIL). || ",2017,FALSE,TRUE,FALSE,TRUE,TRUE,FALSE,TRUE,TRUE,9,TRUE,FALSE,TRUE,probable_inspired,high_score_text_claim_signal
data/globalterrorismdb_0522dist.csv,201702030003,2017,2,3,NA,0,NA,69,France,8,Western Europe,Ile-de-France,Paris,48.856642,2.34233,1,0,The incident occurred at the Lourve museum.,"02/03/2017: An assailant wielding two machetes attacked French Army soldiers outside the Louvre Museum in Paris, France. The soldiers opened fire, shooting and injuring the assailant, but not before one soldier was also injured. The assailant was identified as Abdallah El-Hamahmy, an Egyptian national, who was sympathetic to the plight of the Syrian people and supported the Islamic State of Iraq and the Levant (ISIL).",1,1,0,0,NA,NA,0,1,0,2,Armed Assault,NA,NA,NA,NA,4,Military,34,"Military Personnel (soldiers, troops, officers, forces)",French Army,Soldiers,69,France,NA,NA,NA,NA,NA,NA,NA,NA,NA,NA,NA,NA,NA,NA,NA,NA,Jihadi-inspired extremists,NA,NA,NA,NA,NA,"An unaffiliated individual, identified as Abdallah El-Hamahmy, claimed responsibility for the incident and stated that the attack was carried out in revenge for those in Syria. He also wrote about the Islamic State of Iraq and the Levant (ISIL) on his Twitter account prior to the attack.",0,NA,NA,1,1,1,1,7,"Posted to website, blog, etc.",NA,NA,NA,NA,NA,NA,NA,9,Melee,23,Knife or Other Sharp Object,NA,NA,NA,NA,NA,NA,NA,NA,NA,NA,NA,NA,Two machetes were used in the attack.,0,0,0,2,0,1,0,NA,NA,NA,NA,0,NA,NA,NA,NA,NA,NA,NA,NA,NA,NA,NA,NA,NA,NA,NA,NA,"""Louvre suspect 'confirms identity',"" BBC, February 7, 2017.","""Paris - Louvre suspect may have tweeted about IS before attack,"" AFP (North European Service), February 4, 2017.","""Paris - Paris Louvre attack suspect says is Egyptian: probe source,"" AFP (North European Service), February 3, 2017.",START Primary Collection,-9,-9,0,-9,NA,Jihadi-inspired extremists ||  ||  ||  ||  || ,"02/03/2017: An assailant wielding two machetes attacked French Army soldiers outside the Louvre Museum in Paris, France. The soldiers opened fire, shooting and injuring the assailant, but not before one soldier was also injured. The assailant was identified as Abdallah El-Hamahmy, an Egyptian national, who was sympathetic to the plight of the Syrian people and supported the Islamic State of Iraq and the Levant (ISIL). || An unaffiliated individual, identified as Abdallah El-Hamahmy, claimed responsibility for the incident and stated that the attack was carried out in revenge for those in Syria. He also wrote about the Islamic State of Iraq and the Levant (ISIL) on his Twitter account prior to the attack. || ",2017,FALSE,TRUE,FALSE,TRUE,TRUE,FALSE,TRUE,TRUE,9,TRUE,FALSE,TRUE,probable_inspired,high_score_text_claim_signal
data/globalterrorismdb_0522dist.csv,201703120028,2017,3,12,NA,0,NA,202,Tajikistan,7,Central Asia,Khatlon,Qurghonteppa,37.83612,68.775722,1,0,NA,"03/12/2017: An explosive device detonated near the military prosecutor's office in Qurghonteppa, Khatlon, Tajikistan. One person was killed in the blast. No group claimed responsibility for the attack; however, sources attributed the attack to Jihadi-Inspired extremists who had pledged allegiance to the Islamic State of Iraq and the Levant (ISIL).",1,1,1,0,NA,NA,0,1,0,3,Bombing/Explosion,NA,NA,NA,NA,20,Unknown,NA,NA,Unknown,Unknown,202,Tajikistan,NA,NA,NA,NA,NA,NA,NA,NA,NA,NA,NA,NA,NA,NA,NA,NA,Jihadi-inspired extremists,NA,NA,NA,NA,NA,"The specific motive is unknown; however, sources noted that the assailants had pledged allegiance to the Islamic State of Iraq and the Levant (ISIL).",0,NA,NA,1,4,4,0,NA,NA,NA,NA,NA,NA,NA,NA,NA,6,Explosives,16,Unknown Explosive Type,NA,NA,NA,NA,NA,NA,NA,NA,NA,NA,NA,NA,NA,1,0,NA,0,0,0,0,NA,NA,NA,NA,0,NA,NA,NA,NA,NA,NA,NA,NA,NA,NA,NA,NA,NA,NA,NA,NA,"""Explosion in Tajikistan: Terrorism or Accident?,"" EurasiaNet, March 15, 2017.","""State PAO: Tajikistan Media Highlights 2 October 2017,"" US Embassy Public Affairs Office, October 2, 2017.","""Tajikista: Blast at Qurghonteppa Military Prosecutor's Office Leaves One Dead,"" Asia-Plus Online, March 14, 2017.",START Primary Collection,-9,-9,0,-9,NA,Jihadi-inspired extremists ||  ||  ||  ||  || ,"03/12/2017: An explosive device detonated near the military prosecutor's office in Qurghonteppa, Khatlon, Tajikistan. One person was killed in the blast. No group claimed responsibility for the attack; however, sources attributed the attack to Jihadi-Inspired extremists who had pledged allegiance to the Islamic State of Iraq and the Levant (ISIL). || The specific motive is unknown; however, sources noted that the assailants had pledged allegiance to the Islamic State of Iraq and the Levant (ISIL). || ",2017,FALSE,TRUE,FALSE,TRUE,TRUE,FALSE,FALSE,TRUE,7,TRUE,FALSE,TRUE,probable_inspired,high_score_text_claim_signal
data/globalterrorismdb_0522dist.csv,201704070038,2017,4,7,NA,0,NA,198,Sweden,8,Western Europe,Stockholm,Stockholm,59.332722,18.062278,1,0,The incident occurred in the Norrmalm neighborhood.,"04/07/2017: An assailant hijacked a vehicle and drove it into a department store in Norrmalm neighborhood, Stockholm, Sweden. At least five people were killed and 14 other people were injured in the attack. In addition, an explosive device was also discovered in the cab of the vehicle following the assault. The assailant, identified as Rakhmat Akilov, claimed he was a supporter of the Islamic State of Iraq and the Levant (ISIL), stating that the attack was carried out in revenge for bombings in Syria.",1,1,1,0,NA,NA,0,1,0,4,Hijacking,NA,NA,NA,NA,14,Private Citizens & Property,67,Unnamed Civilian/Unspecified,Not Applicable,Civilians,198,Sweden,NA,NA,NA,NA,NA,NA,NA,NA,NA,NA,NA,NA,NA,NA,NA,NA,Jihadi-inspired extremists,NA,NA,NA,NA,NA,"An unaffiliated individual, identified as Rakhmat Akilov, claimed responsibility for the incident and stated that he carried out the attack in retaliation for airstrikes in Syria. He also stated that he supported the Islamic State of Iraq and the Levant (ISIL).",0,NA,NA,1,1,1,1,8,Personal claim,NA,NA,NA,NA,NA,NA,NA,6,Explosives,17,Other Explosive Type,10,"Vehicle (not to include vehicle-borne explosives, i.e., car or truck bombs)",NA,NA,NA,NA,NA,NA,NA,NA,NA,NA,A homemade explosive device and a truck were used in the attack.,5,0,0,14,0,0,1,3,Minor (likely < $1 million),-99,A department store was damaged in this attack.,0,NA,NA,NA,NA,NA,NA,NA,NA,NA,NA,NA,NA,NA,NA,NA,"The victims included Swedish citizens Lena Wahlberg, Ebba Akerlund, and Marie Kide; Belgian citizen Mailys Dereymaeker; and British citizen Crispin Bevington. Casualty numbers conflict across sources. Following GTD protocol, the most recent reliable estimates are reported here.","""EXTRA,"" Deutsche Presse-Agentur, February 20, 2018.","""Xinhua: Suspect In Stockholm Truck Attack Not Insane, Evaluation Concludes,"" Xinhua, May 10, 2017.","""Stockholm Truck Attack Toll Rises To Five,"" Radio Free Europe, April 28, 2017.",START Primary Collection,-9,-9,0,-9,NA,Jihadi-inspired extremists ||  ||  ||  ||  || ,"04/07/2017: An assailant hijacked a vehicle and drove it into a department store in Norrmalm neighborhood, Stockholm, Sweden. At least five people were killed and 14 other people were injured in the attack. In addition, an explosive device was also discovered in the cab of the vehicle following the assault. The assailant, identified as Rakhmat Akilov, claimed he was a supporter of the Islamic State of Iraq and the Levant (ISIL), stating that the attack was carried out in revenge for bombings in Syria. || An unaffiliated individual, identified as Rakhmat Akilov, claimed responsibility for the incident and stated that he carried out the attack in retaliation for airstrikes in Syria. He also stated that he supported the Islamic State of Iraq and the Levant (ISIL). || The victims included Swedish citizens Lena Wahlberg, Ebba Akerlund, and Marie Kide; Belgian citizen Mailys Dereymaeker; and British citizen Crispin Bevington. Casualty numbers conflict across sources. Following GTD protocol, the most recent reliable estimates are reported here.",2017,FALSE,TRUE,FALSE,TRUE,TRUE,FALSE,TRUE,TRUE,9,TRUE,FALSE,TRUE,probable_inspired,high_score_text_claim_signal
data/globalterrorismdb_0522dist.csv,201704070064,2017,4,7,NA,0,NA,14,Australia,12,Australasia & Oceania,New South Wales,Queanbeyan,-35.349304,149.244385,1,0,The incident occurred along Bungendore Road.,"04/07/2017: Two assailants stabbed and killed a service station worked on Bungendore Road, Queanbeyan, New South Wales, Australia. No group claimed responsibility for the incident; however, sources believe the attack was inspired by jihadi extremism, as the letters ""IS"" were discovered at the scene.",1,1,1,0,NA,NA,0,1,0,2,Armed Assault,NA,NA,NA,NA,1,Business,1,Gas/Oil/Electric,Caltex Petroleum Australia Pty. Ltd.,Service Station Worker: Zeeshan Akbar,14,Australia,NA,NA,NA,NA,NA,NA,NA,NA,NA,NA,NA,NA,NA,NA,NA,NA,Jihadi-inspired extremists,NA,NA,NA,NA,NA,"The specific motive is unknown; however, sources noted that the letters ""IS,"" likely referencing the Islamic State of Iraq and the Levant (ISIL), were discovered at the scene.",0,NA,NA,1,2,2,0,NA,NA,NA,NA,NA,NA,NA,NA,NA,9,Melee,23,Knife or Other Sharp Object,NA,NA,NA,NA,NA,NA,NA,NA,NA,NA,NA,NA,NA,1,0,0,0,0,0,0,NA,NA,NA,NA,0,NA,NA,NA,NA,NA,NA,NA,NA,NA,NA,NA,NA,NA,NA,NA,NA,"""Queanbeyan stabbing death: two teens charged with murder,"" The Guardian, April 7, 2017.","""Two teenagers arrested after fatal stabbing at Queanbeyan service station,"" The Sydney Morning Herald, April 7, 2017.",NA,START Primary Collection,-9,-9,0,-9,NA,Jihadi-inspired extremists ||  ||  ||  ||  || ,"04/07/2017: Two assailants stabbed and killed a service station worked on Bungendore Road, Queanbeyan, New South Wales, Australia. No group claimed responsibility for the incident; however, sources believe the attack was inspired by jihadi extremism, as the letters ""IS"" were discovered at the scene. || The specific motive is unknown; however, sources noted that the letters ""IS,"" likely referencing the Islamic State of Iraq and the Levant (ISIL), were discovered at the scene. || ",2017,FALSE,TRUE,FALSE,TRUE,TRUE,FALSE,FALSE,TRUE,7,TRUE,FALSE,TRUE,probable_inspired,high_score_text_claim_signal
data/globalterrorismdb_0522dist.csv,201704080037,2017,4,8,NA,0,NA,151,Norway,8,Western Europe,Oslo,Oslo,59.912178,10.762815,1,0,The incident occurred in the Gronland neighborhood.,"04/08/2017: An explosive device was discovered and defused near a metro station in Gronland neighborhood, Oslo, Norway. No group claimed responsibility; however, authorities arrested a 17-year old Russian asylum-seeker, identified as a jihadi-Inspired extremist, in connection with the incident.",1,1,1,0,NA,NA,0,0,0,3,Bombing/Explosion,NA,NA,NA,NA,20,Unknown,NA,NA,Unknown,Unknown,151,Norway,NA,NA,NA,NA,NA,NA,NA,NA,NA,NA,NA,NA,NA,NA,NA,NA,Jihadi-inspired extremists,NA,NA,NA,NA,NA,"The specific motive is unknown; however, sources noted that the assailant may have been sympathetic to the Islamic State of Iraq and the Levant (ISIL).",0,NA,NA,1,1,1,0,NA,NA,NA,NA,NA,NA,NA,NA,NA,6,Explosives,17,Other Explosive Type,NA,NA,NA,NA,NA,NA,NA,NA,NA,NA,NA,NA,A homemade explosive device was used in the attack.,0,0,0,0,0,0,0,NA,NA,NA,NA,0,NA,NA,NA,NA,NA,NA,NA,NA,NA,NA,NA,NA,NA,NA,NA,NA,"""Norwegian police investigate after bomb-like device defusal in Oslo,"" Deutsche Presse-Agentur, April 9, 2017.","""Norway police defuse 'bomb-like device' in Oslo,"" Al Jazeera, April 9, 2017.","""Oslo police destroy 'bomb-like device',"" BBC, April 9, 2017.",START Primary Collection,-9,-9,0,-9,NA,Jihadi-inspired extremists ||  ||  ||  ||  || ,"04/08/2017: An explosive device was discovered and defused near a metro station in Gronland neighborhood, Oslo, Norway. No group claimed responsibility; however, authorities arrested a 17-year old Russian asylum-seeker, identified as a jihadi-Inspired extremist, in connection with the incident. || The specific motive is unknown; however, sources noted that the assailant may have been sympathetic to the Islamic State of Iraq and the Levant (ISIL). || ",2017,FALSE,TRUE,FALSE,TRUE,TRUE,FALSE,FALSE,TRUE,7,TRUE,FALSE,TRUE,probable_inspired,high_score_text_claim_signal
data/globalterrorismdb_0522dist.csv,201704200005,2017,4,20,NA,0,NA,69,France,8,Western Europe,Ile-de-France,Paris,48.856642,2.34233,1,0,"The incident occurred on the Champs-Elysees, in the 8th arrondissement.","04/20/2017: An assailant opened fire on police personnel on the Champs-Elysees in Paris, France. One police officer was killed and two officers and one German tourist were injured in the attack before the assailant was shot and killed by police forces. Karim Cheurfi claimed responsibility for the incident in a note left at the scene and defended the Islamic State of Iraq and the Levant (ISIL). ISIL also claimed responsibility for the attack; however, Cheurfi's connection to ISIL could not be confirmed.",1,1,1,0,NA,NA,0,1,0,2,Armed Assault,NA,NA,NA,NA,3,Police,25,Police Security Forces/Officers,French Police,Officers,69,France,18,Tourists,97,Tourist,Not Applicable,Tourist,75,Germany,NA,NA,NA,NA,NA,NA,NA,NA,Jihadi-inspired extremists,NA,NA,NA,NA,NA,"Karim Cheurfi, an unaffiliated individual, claimed responsibility for the incident in a note left at the scene and defended the Islamic State of Iraq and the Levant (ISIL).",0,NA,NA,1,1,0,1,5,Note left at scene,NA,NA,NA,NA,NA,NA,NA,5,Firearms,2,Automatic or Semi-Automatic Rifle,NA,NA,NA,NA,NA,NA,NA,NA,NA,NA,NA,NA,An AK-47 assault rifle was used in the attack.,2,0,1,3,0,0,1,3,Minor (likely < $1 million),-99,A police van was damaged during this attack.,0,NA,NA,NA,NA,NA,NA,NA,NA,NA,NA,NA,NA,NA,NA,NA,The victims included Officer Xavier Jugele.,"""Paris Champs Elysees attack gunman named as Karim Cheurfi,"" BBC, April 21, 2017.","""Hollande honours slain police officer,"" The Herald (Glasgow), April 26, 2017.","""'IS' claims deadly police shooting on Paris' Champs-Elysees,"" Deutsche Welle, April 20, 2017.",START Primary Collection,-9,-9,1,1,NA,Jihadi-inspired extremists ||  ||  ||  ||  || ,"04/20/2017: An assailant opened fire on police personnel on the Champs-Elysees in Paris, France. One police officer was killed and two officers and one German tourist were injured in the attack before the assailant was shot and killed by police forces. Karim Cheurfi claimed responsibility for the incident in a note left at the scene and defended the Islamic State of Iraq and the Levant (ISIL). ISIL also claimed responsibility for the attack; however, Cheurfi's connection to ISIL could not be confirmed. || Karim Cheurfi, an unaffiliated individual, claimed responsibility for the incident in a note left at the scene and defended the Islamic State of Iraq and the Levant (ISIL). || The victims included Officer Xavier Jugele.",2017,FALSE,TRUE,FALSE,TRUE,TRUE,FALSE,TRUE,TRUE,9,TRUE,FALSE,TRUE,probable_inspired,high_score_text_claim_signal
data/globalterrorismdb_0522dist.csv,201705180022,2017,5,18,NA,0,NA,98,Italy,8,Western Europe,Lombardy,Milan,45.469213,9.174508,1,0,NA,"05/18/2017: An assailant armed with a knife stabbed a police officer and two soldiers at a train station in Milan, Lombardy, Italy. The three security personnel were injured in the attack before the assailant was arrested. No group claimed responsibility for the incident; however, sources attributed the attack to a Muslim extremist, identified as Hosni Ismail Tommaso Bejn Yousef.",0,1,1,1,2,Other Crime Type,0,1,0,2,Armed Assault,NA,NA,NA,NA,3,Police,25,Police Security Forces/Officers,Department of Public Security (DPS),Officer,98,Italy,4,Military,34,"Military Personnel (soldiers, troops, officers, forces)",Italian Army (EI),Soldiers,98,Italy,NA,NA,NA,NA,NA,NA,NA,NA,Jihadi-inspired extremists,NA,NA,NA,NA,NA,"The specific motive is unknown; however, sources noted that Hosni Ismail Tommaso Bejn Yousef's Facebook page included Islamic State of Iraq and the Levant (ISIL) propaganda videos.",0,NA,NA,1,1,1,0,NA,NA,NA,NA,NA,NA,NA,NA,NA,9,Melee,23,Knife or Other Sharp Object,NA,NA,NA,NA,NA,NA,NA,NA,NA,NA,NA,NA,A knife was used in the attack.,0,0,0,3,0,0,0,NA,NA,NA,NA,0,NA,NA,NA,NA,NA,NA,NA,NA,NA,NA,NA,NA,NA,NA,NA,There is doubt that this incident meets terrorism-related criteria. Sources questioned whether the attack was ideologically motivated.,"""Milan station knife attacker probed for terror (2); Also for attempted murder,"" ANSA English Media Service, May 19, 2017.","""Man stabs policeman and soldier at Milan train station,"" Astro Awani, May 19, 2017.","""Tunisian held in Milan after knifing members of Italian security forces,"" AKI - Adnkronos International, May 19, 2017.",START Primary Collection,-9,-9,0,-9,NA,Jihadi-inspired extremists ||  ||  ||  ||  || ,"05/18/2017: An assailant armed with a knife stabbed a police officer and two soldiers at a train station in Milan, Lombardy, Italy. The three security personnel were injured in the attack before the assailant was arrested. No group claimed responsibility for the incident; however, sources attributed the attack to a Muslim extremist, identified as Hosni Ismail Tommaso Bejn Yousef. || The specific motive is unknown; however, sources noted that Hosni Ismail Tommaso Bejn Yousef's Facebook page included Islamic State of Iraq and the Levant (ISIL) propaganda videos. || There is doubt that this incident meets terrorism-related criteria. Sources questioned whether the attack was ideologically motivated.",2017,FALSE,TRUE,FALSE,TRUE,TRUE,FALSE,FALSE,TRUE,7,TRUE,FALSE,TRUE,probable_inspired,high_score_text_claim_signal
data/globalterrorismdb_0522dist.csv,201706030010,2017,6,3,NA,0,NA,603,United Kingdom,8,Western Europe,England,London,51.504385,-0.140041,1,0,The incident occurred on London Bridge.,"06/03/2017: Three assailants driving a van ran over pedestrians along the London Bridge in London, England, United Kingdom. The assailants, wearing fake suicide vests, then crashed the van on Borough High Street. After exiting the vehicle, the assailants ran towards the nearby Borough Market, stabbing civilians in pubs and restaurants along the way. All three assailants were shot and killed by security forces on Stoney Street. In addition, eight civilians were killed and 48 civilians were injured in the attack. The assailants were identified as Khuram Butt, Rachid Redouane, and Youssef Zaghba. The Islamic State of Iraq and the Levant (ISIL) claimed responsibility for the attacks; however, the connection between the group and the assailants could not be confirmed.",1,1,1,0,NA,NA,0,1,1,2,Armed Assault,NA,NA,NA,NA,14,Private Citizens & Property,67,Unnamed Civilian/Unspecified,Not Applicable,Civilians,999,Multinational,14,Private Citizens & Property,74,Marketplace/Plaza/Square,Borough Market,Market,603,United Kingdom,NA,NA,NA,NA,NA,NA,NA,NA,Jihadi-inspired extremists,NA,NA,NA,NA,NA,"The specific motive is unknown; however, sources noted that Khuram Butt had watched Islamic State of Iraq and the Levant (ISIL) videos and ISIL propaganda was found on Youssef Zaghba's mobile phone.",0,NA,NA,1,3,0,0,NA,NA,NA,NA,NA,NA,NA,NA,NA,9,Melee,23,Knife or Other Sharp Object,10,"Vehicle (not to include vehicle-borne explosives, i.e., car or truck bombs)",NA,NA,7,Fake Weapons,NA,NA,NA,NA,NA,NA,"Multiple 12-inch Ceramic knives, a Renault van, and fake suicide belts were used in the attack.",11,0,3,48,1,0,-9,NA,NA,NA,NA,0,NA,NA,NA,NA,NA,NA,NA,NA,NA,NA,NA,NA,NA,NA,NA,"The Islamic State of Iraq and the Levant (ISIL) claimed responsibility and stated that the attack was carried out in retaliation for a missile with ""love from Manchester"" written on it that was used in Syria. Among the victims killed were French citizens Sebastien Belanger, Alexandre Pigeard, and Xavier Thomas; Spanish citizen Ignacio Echeverria; Australian citizens Sara Zelenak and Kirsty Boden; Canadian citizen Christine Archibald; and English citizen James McMullan. Casualty numbers conflict across sources. Following GTD protocol, the most recent reliable estimates are reported here.","""London attack: Who were the attackers?,"" BBC, June 28, 2017.","""London attack: Men 'wanted to use 7.5 tonne lorry',"" BBC, June 9, 2017.","""London Bridge: more arrests as police tell how terrorists wanted to use truck,"" The Guardian, June 10, 2017.",START Primary Collection,-9,-9,1,1,NA,Jihadi-inspired extremists ||  ||  ||  ||  || ,"06/03/2017: Three assailants driving a van ran over pedestrians along the London Bridge in London, England, United Kingdom. The assailants, wearing fake suicide vests, then crashed the van on Borough High Street. After exiting the vehicle, the assailants ran towards the nearby Borough Market, stabbing civilians in pubs and restaurants along the way. All three assailants were shot and killed by security forces on Stoney Street. In addition, eight civilians were killed and 48 civilians were injured in the attack. The assailants were identified as Khuram Butt, Rachid Redouane, and Youssef Zaghba. The Islamic State of Iraq and the Levant (ISIL) claimed responsibility for the attacks; however, the connection between the group and the assailants could not be confirmed. || The specific motive is unknown; however, sources noted that Khuram Butt had watched Islamic State of Iraq and the Levant (ISIL) videos and ISIL propaganda was found on Youssef Zaghba's mobile phone. || The Islamic State of Iraq and the Levant (ISIL) claimed responsibility and stated that the attack was carried out in retaliation for a missile with ""love from Manchester"" written on it that was used in Syria. Among the victims killed were French citizens Sebastien Belanger, Alexandre Pigeard, and Xavier Thomas; Spanish citizen Ignacio Echeverria; Australian citizens Sara Zelenak and Kirsty Boden; Canadian citizen Christine Archibald; and English citizen James McMullan. Casualty numbers conflict across sources. Following GTD protocol, the most recent reliable estimates are reported here.",2017,FALSE,TRUE,FALSE,TRUE,TRUE,FALSE,FALSE,TRUE,7,TRUE,FALSE,TRUE,probable_inspired,high_score_text_claim_signal
data/globalterrorismdb_0522dist.csv,201706030051,2017,6,3,NA,0,NA,38,Canada,1,North America,Ontario,Toronto,43.7252,-79.387029,1,0,NA,"06/03/2017: A female assailant wearing an Islamic State bandana and shouting ""Allahu Akbar"" attempted to assault customers and employees with a golf club and knife in a Canadian Tire store in Toronto, Ontario, Canada. One employee was injured in the attack. Police arrested Rehab Dughmosh in connection with the attack and charged her with multiple terrorism related offenses. At her trial, Dughmosh pledged allegiance to Abu Bakr al-Baghdadi, the leader of the Islamic State of Iraq and the Levant (ISIL).",1,1,1,0,NA,NA,0,1,0,2,Armed Assault,NA,NA,NA,NA,1,Business,7,Retail/Grocery/Bakery,"Canadian Tire Corporation, Limited",Store,38,Canada,NA,NA,NA,NA,NA,NA,NA,NA,NA,NA,NA,NA,NA,NA,NA,NA,Jihadi-inspired extremists,NA,NA,NA,NA,NA,"An unaffiliated individual, identified as Rehab Dughmosh, claimed responsibility for the incident and pledged allegiance to the Islamic State of Iraq and the Levant (ISIL).",0,NA,NA,1,1,1,1,8,Personal claim,NA,NA,NA,NA,NA,NA,NA,9,Melee,23,Knife or Other Sharp Object,9,Melee,21,Blunt Object,NA,NA,NA,NA,NA,NA,NA,NA,A knife and a golf club were used in the attack.,0,0,0,1,0,0,0,NA,NA,NA,NA,0,NA,NA,NA,NA,NA,NA,NA,NA,NA,NA,NA,NA,NA,NA,NA,"Casualty numbers conflict across sources. Following GTD protocol, the most recent reliable estimates are reported here.","""Woman who pledged allegiance to ISIS after alleged Canadian Tire attack appears in court by video,"" CBC News, August 21, 2017.","""Woman facing terror charges forced to appear in court: 'You are all infidels',"" CTV News, August 21, 2017.","""RCMP lays terror charges against woman accused of wielding a knife at Canadian Tire,"" The Hamilton Spectator, July 5, 2017.",START Primary Collection,-9,-9,0,-9,NA,Jihadi-inspired extremists ||  ||  ||  ||  || ,"06/03/2017: A female assailant wearing an Islamic State bandana and shouting ""Allahu Akbar"" attempted to assault customers and employees with a golf club and knife in a Canadian Tire store in Toronto, Ontario, Canada. One employee was injured in the attack. Police arrested Rehab Dughmosh in connection with the attack and charged her with multiple terrorism related offenses. At her trial, Dughmosh pledged allegiance to Abu Bakr al-Baghdadi, the leader of the Islamic State of Iraq and the Levant (ISIL). || An unaffiliated individual, identified as Rehab Dughmosh, claimed responsibility for the incident and pledged allegiance to the Islamic State of Iraq and the Levant (ISIL). || Casualty numbers conflict across sources. Following GTD protocol, the most recent reliable estimates are reported here.",2017,FALSE,TRUE,FALSE,TRUE,TRUE,FALSE,TRUE,TRUE,9,TRUE,FALSE,TRUE,probable_inspired,high_score_text_claim_signal
data/globalterrorismdb_0522dist.csv,201706050019,2017,6,5,NA,0,NA,14,Australia,12,Australasia & Oceania,Victoria,Brighton,-37.906633,145.007628,1,0,The incident occurred on Bay street.,"06/05/2017: An assailants took a sex worker hostage at the Buckingham Serviced Apartments on Bay Street in Brighton, Victoria, Australia. At least two people, including the assailant, were killed and three Victoria Police officers were injured in the incident. The hostage was released a few hours later. Yacqub Khayre claimed responsibility and stated that he carried out the attack on behalf of the Islamic State of Iraq and the Levant (ISIL) and Al-Qaida.",1,1,1,0,NA,NA,0,1,0,5,Hostage Taking (Barricade Incident),NA,NA,NA,NA,3,Police,25,Police Security Forces/Officers,Victoria Police,Officers,14,Australia,14,Private Citizens & Property,77,Laborer (General)/Occupation Identified,Not Applicable,Sex Worker,45,Colombia,NA,NA,NA,NA,NA,NA,NA,NA,Jihadi-inspired extremists,NA,NA,NA,NA,NA,"An unaffiliated individual, identified as Yacqub Khayre, claimed responsibility for the incident and stated that he carried out the attack on behalf of the Islamic State of Iraq and the Levant (ISIL) and Al-Qaida.",0,NA,NA,1,1,0,1,8,Personal claim,NA,NA,NA,NA,NA,NA,NA,5,Firearms,5,Unknown Gun Type,NA,NA,NA,NA,NA,NA,NA,NA,NA,NA,NA,NA,NA,2,0,1,3,0,0,-9,NA,NA,NA,NA,1,1,0,2,NA,NA,NA,0,NA,NA,NA,NA,NA,5,Successful Rescue,1,"The Islamic State of Iraq and the Levant (ISIL) claimed responsibility for the incident; however, Khayre's connection to ISIL could not be confirmed. Furthermore, Khayre had previous been linked to Al-Shabaab. Casualty numbers conflict across sources. Following GTD protocol, the majority reliable estimates are reported here.","""Australia police regard Melbourne attack as 'act of terrorism',"" Jerusalem Post, June 5, 2017.","""REFUGEE TO JIHAD,"" The Daily Telegraph (Australia), June 7, 2017.","""Weakling, deserter and a   jihadi   of convenience,"" The Australian, June 7, 2017.",START Primary Collection,-9,-9,1,1,NA,Jihadi-inspired extremists ||  ||  ||  ||  || ,"06/05/2017: An assailants took a sex worker hostage at the Buckingham Serviced Apartments on Bay Street in Brighton, Victoria, Australia. At least two people, including the assailant, were killed and three Victoria Police officers were injured in the incident. The hostage was released a few hours later. Yacqub Khayre claimed responsibility and stated that he carried out the attack on behalf of the Islamic State of Iraq and the Levant (ISIL) and Al-Qaida. || An unaffiliated individual, identified as Yacqub Khayre, claimed responsibility for the incident and stated that he carried out the attack on behalf of the Islamic State of Iraq and the Levant (ISIL) and Al-Qaida. || The Islamic State of Iraq and the Levant (ISIL) claimed responsibility for the incident; however, Khayre's connection to ISIL could not be confirmed. Furthermore, Khayre had previous been linked to Al-Shabaab. Casualty numbers conflict across sources. Following GTD protocol, the majority reliable estimates are reported here.",2017,FALSE,TRUE,FALSE,TRUE,TRUE,FALSE,TRUE,TRUE,9,TRUE,FALSE,TRUE,probable_inspired,high_score_text_claim_signal
data/globalterrorismdb_0522dist.csv,201706060028,2017,6,6,NA,0,NA,69,France,8,Western Europe,Ile-de-France,Paris,48.856642,2.34233,1,0,NA,"06/06/2017: An assailant armed with a hammer shouted ""This is for Syria!"" and struck a French Police officer outside Notre Dame Cathedral in Paris, France. The officer was injured while another officer opened fire and injured the assailant. Authorities identified the assailant as Farid Ikken, who claimed to be a ""soldier of the caliphate"" for the Islamic State of Iraq and the Levant (ISIL).",1,1,1,0,NA,NA,0,1,0,8,Unarmed Assault,NA,NA,NA,NA,3,Police,25,Police Security Forces/Officers,French Police,Officer,69,France,NA,NA,NA,NA,NA,NA,NA,NA,NA,NA,NA,NA,NA,NA,NA,NA,Jihadi-inspired extremists,NA,NA,NA,NA,NA,"An unaffiliated individual, identified as Farid Ikken, claimed responsibility for the incident and stated that the attack was carried out on behalf of Syria and that he was a ""solider of the caliphate."" Sources also noted that an Islamic State of Iraq and the Levant (ISIL) ""lone wolves' manual"" was found at his apartment.",0,NA,NA,1,1,1,1,8,Personal claim,NA,NA,NA,NA,NA,NA,NA,9,Melee,21,Blunt Object,NA,NA,NA,NA,NA,NA,NA,NA,NA,NA,NA,NA,A hammer was used in the attack.,0,0,0,2,0,1,0,NA,NA,NA,NA,0,NA,NA,NA,NA,NA,NA,NA,NA,NA,NA,NA,NA,NA,NA,NA,NA,"""Paris - Notre Dame attacker a self-radicalised novice: prosecutor,"" AFP (North European Service), June 10, 2017.","""Attack on police at Notre Dame Cathedral a 'lone wolf' incident,"" France24, June 7, 2017.","""The Latest: New video shows man attacking Paris police,"" Mail.com, June 7, 2017.",START Primary Collection,-9,-9,0,-9,NA,Jihadi-inspired extremists ||  ||  ||  ||  || ,"06/06/2017: An assailant armed with a hammer shouted ""This is for Syria!"" and struck a French Police officer outside Notre Dame Cathedral in Paris, France. The officer was injured while another officer opened fire and injured the assailant. Authorities identified the assailant as Farid Ikken, who claimed to be a ""soldier of the caliphate"" for the Islamic State of Iraq and the Levant (ISIL). || An unaffiliated individual, identified as Farid Ikken, claimed responsibility for the incident and stated that the attack was carried out on behalf of Syria and that he was a ""solider of the caliphate."" Sources also noted that an Islamic State of Iraq and the Levant (ISIL) ""lone wolves' manual"" was found at his apartment. || ",2017,FALSE,TRUE,FALSE,TRUE,TRUE,FALSE,TRUE,TRUE,9,TRUE,FALSE,TRUE,probable_inspired,high_score_text_claim_signal
data/globalterrorismdb_0522dist.csv,201706190022,2017,6,19,NA,0,NA,69,France,8,Western Europe,Ile-de-France,Paris,48.856642,2.34233,1,0,The incident occurred on Champs Elysees.,"06/19/2017: A suicide bomber rammed an explosives-laden vehicle into a police van on the Champs Elysees in Paris, France. The assailant was killed in the attack. Adam Dzaziri claimed responsibility for the incident and pledged allegiance to the Islamic State of Iraq and the Levant (ISIL) in letters mailed prior to the attack.",1,1,1,0,NA,NA,0,0,1,3,Bombing/Explosion,NA,NA,NA,NA,3,Police,23,Police Patrol (including vehicles and convoys),French Police,Van,69,France,NA,NA,NA,NA,NA,NA,NA,NA,NA,NA,NA,NA,NA,NA,NA,NA,Jihadi-inspired extremists,NA,NA,NA,NA,NA,"An unaffiliated individual, identified as Adam Dzaziri, claimed responsibility for the incident and pledged allegiance to the Islamic State of Iraq and the Levant (ISIL).",0,NA,NA,1,1,0,1,1,Letter,NA,NA,NA,NA,NA,NA,NA,6,Explosives,15,Vehicle,NA,NA,NA,NA,NA,NA,NA,NA,NA,NA,NA,NA,An explosives-laden vehicle containing gas bottles was used in the attack.,1,0,1,0,0,0,1,3,Minor (likely < $1 million),-99,A police vehicle was damaged in this attack.,0,NA,NA,NA,NA,NA,NA,NA,NA,NA,NA,NA,NA,NA,NA,NA,NA,"""Champs-Elysees attack car 'had guns and gas' - Paris police,"" BBC, June 19, 2017.","""Driver Killed After Car Rams Police Van in Paris,"" OrlandoEcho.com, June 19, 2017.","""France: Champs Élysées cordoned off after car attack,"" Daily Sun, June 19, 2017.",START Primary Collection,-9,-9,0,-9,NA,Jihadi-inspired extremists ||  ||  ||  ||  || ,"06/19/2017: A suicide bomber rammed an explosives-laden vehicle into a police van on the Champs Elysees in Paris, France. The assailant was killed in the attack. Adam Dzaziri claimed responsibility for the incident and pledged allegiance to the Islamic State of Iraq and the Levant (ISIL) in letters mailed prior to the attack. || An unaffiliated individual, identified as Adam Dzaziri, claimed responsibility for the incident and pledged allegiance to the Islamic State of Iraq and the Levant (ISIL). || ",2017,FALSE,TRUE,FALSE,TRUE,TRUE,FALSE,TRUE,TRUE,9,TRUE,FALSE,TRUE,probable_inspired,high_score_text_claim_signal
data/globalterrorismdb_0522dist.csv,201706200001,2017,6,20,NA,0,NA,21,Belgium,8,Western Europe,Brussels,Brussels,50.836426,4.367415,1,0,NA,"06/20/2017: A suicide bomber attempted to detonate an explosives-laden suitcase at the Brussels Central Station in Brussels, Belgium. The suitcase partially detonated twice without causing any casualties or damage. Following the failed blasts, the assailant charged soldiers while shouting ""Allahu Akbar"" before he was shot and killed. No group claimed responsibility for the incident; however, sources identified the assailant as Oussama Zariouh and stated that he was sympathetic to the Islamic State of Iraq and the Levant (ISIL).",1,1,1,0,NA,NA,0,1,1,3,Bombing/Explosion,NA,NA,NA,NA,19,Transportation,100,Train/Train Tracks/Trolley,National Railway Company of Belgium,Brussels Central Station,21,Belgium,NA,NA,NA,NA,NA,NA,NA,NA,NA,NA,NA,NA,NA,NA,NA,NA,Jihadi-inspired extremists,NA,NA,NA,NA,NA,"The specific motive is unknown; however, sources noted that the assailant, Oussama Zariouh, was sympathetic to the Islamic State of Iraq and the Levant (ISIL).",0,NA,NA,1,1,0,0,NA,NA,NA,NA,NA,NA,NA,NA,NA,6,Explosives,13,Suicide (carried bodily by human being),NA,NA,NA,NA,NA,NA,NA,NA,NA,NA,NA,NA,"An explosives-laden suitcase containing TATP, gas canisters, and nails was used in the attack.",1,0,1,0,0,0,0,NA,NA,NA,NA,0,NA,NA,NA,NA,NA,NA,NA,NA,NA,NA,NA,NA,NA,NA,NA,NA,"""Brussels bombing: Station attack device contained TATP, initial assessment shows,"" CNN, June 21, 2017.","""Brussels - Brussels attacker identified as Moroccan with nail bomb,"" AFP (North European Service), June 21, 2017.","""Bomb Is Detonated in Brussels Train Station,"" The New York Times, June 20, 2017.",START Primary Collection,-9,-9,0,-9,NA,Jihadi-inspired extremists ||  ||  ||  ||  || ,"06/20/2017: A suicide bomber attempted to detonate an explosives-laden suitcase at the Brussels Central Station in Brussels, Belgium. The suitcase partially detonated twice without causing any casualties or damage. Following the failed blasts, the assailant charged soldiers while shouting ""Allahu Akbar"" before he was shot and killed. No group claimed responsibility for the incident; however, sources identified the assailant as Oussama Zariouh and stated that he was sympathetic to the Islamic State of Iraq and the Levant (ISIL). || The specific motive is unknown; however, sources noted that the assailant, Oussama Zariouh, was sympathetic to the Islamic State of Iraq and the Levant (ISIL). || ",2017,FALSE,TRUE,FALSE,TRUE,TRUE,FALSE,FALSE,TRUE,7,TRUE,FALSE,TRUE,probable_inspired,high_score_text_claim_signal
data/globalterrorismdb_0522dist.csv,201706300036,2017,6,30,NA,0,NA,15,Austria,8,Western Europe,Upper Austria,Linz,48.30694,14.28583,1,0,NA,"06/30/2017: An assailant attacked an elderly couple in their home in Linz, Austria. Both victims were killed and the house was set on fire during the attack. An unaffiliated individual claimed responsibility for the incident and stated that he was motivated by hatred of the Freedom Party of Austria. Authorities stated that the assailant had recently pledged allegiance to the Islamic State of Iraq and the Levant (ISIL) on social media.",1,1,1,0,NA,NA,0,1,0,2,Armed Assault,7,Facility/Infrastructure Attack,NA,NA,14,Private Citizens & Property,68,Named Civilian,Not Applicable,"Civilians: Hildegard Sch., Siegfried",15,Austria,NA,NA,NA,NA,NA,NA,NA,NA,NA,NA,NA,NA,NA,NA,NA,NA,Jihadi-inspired extremists,NA,NA,NA,NA,NA,An unidentified unaffiliated individual claimed responsibility for the incident and stated that he targeted the Austrian couple for political reasons and that he opposed the Freedom Party of Austria. Sources also stated that he had pledged allegiance to the Islamic State of Iraq and the Levant (ISIL).,0,NA,NA,1,1,1,1,8,Personal claim,NA,NA,NA,NA,NA,NA,NA,8,Incendiary,18,Arson/Fire,9,Melee,23,Knife or Other Sharp Object,NA,NA,NA,NA,NA,NA,NA,NA,"A knife, a stick covered with screws, and fire were used in the attack.",2,0,0,0,0,0,1,3,Minor (likely < $1 million),-99,A house was damaged in this attack.,0,NA,NA,NA,NA,NA,NA,NA,NA,NA,NA,NA,NA,NA,NA,NA,NA,"""Vienna - Austria elderly couple murder 'was Islamist killing',"" AFP (North European Service), July 5, 2017.","""'Islamist' motive behind murder of elderly couple in Austria, official says,"" FOXNews.com, July 9, 2017.","""Elderly couple are stabbed to death by Tunisian in first Islamist attack on Austrian soil... as the country SCRAPS plan to send troops to its border to stop flow of migrants from Italy,"" Daily Mail, July 6, 2017.",START Primary Collection,-9,-9,0,-9,NA,Jihadi-inspired extremists ||  ||  ||  ||  || ,"06/30/2017: An assailant attacked an elderly couple in their home in Linz, Austria. Both victims were killed and the house was set on fire during the attack. An unaffiliated individual claimed responsibility for the incident and stated that he was motivated by hatred of the Freedom Party of Austria. Authorities stated that the assailant had recently pledged allegiance to the Islamic State of Iraq and the Levant (ISIL) on social media. || An unidentified unaffiliated individual claimed responsibility for the incident and stated that he targeted the Austrian couple for political reasons and that he opposed the Freedom Party of Austria. Sources also stated that he had pledged allegiance to the Islamic State of Iraq and the Levant (ISIL). || ",2017,FALSE,TRUE,FALSE,TRUE,TRUE,FALSE,TRUE,TRUE,9,TRUE,FALSE,TRUE,probable_inspired,high_score_text_claim_signal
data/globalterrorismdb_0522dist.csv,201707280023,2017,7,28,NA,0,NA,75,Germany,8,Western Europe,Hamburg,Hamburg,53.551065,9.993673,1,0,NA,"07/28/2017: An assailant stabbed civilians at a supermarket in Hamburg, Germany. A civilian was killed and at least seven others, including the assailant, were injured in the attack. Ahmad A. Alhaw, an unaffiliated individual, claimed responsibility for the incident and stated that ""he wanted to kill as many 'Christians and young people' as possible."" Sources also noted that Alhaw followed the ideology of the Islamic State of Iraq and the Levant (ISIL).",1,1,1,0,NA,NA,0,1,0,2,Armed Assault,NA,NA,NA,NA,14,Private Citizens & Property,67,Unnamed Civilian/Unspecified,Not Applicable,Civilians,75,Germany,NA,NA,NA,NA,NA,NA,NA,NA,NA,NA,NA,NA,NA,NA,NA,NA,Jihadi-inspired extremists,NA,NA,NA,NA,NA,"Ahmad A. Alhaw, an unaffiliated individual, claimed responsibility for the incident and stated that ""he wanted to kill as many 'Christians and young people' as possible."" Sources also noted that Alhaw followed Islamic State of Iraq and the Levant (ISIL) ideology.",0,NA,NA,1,1,1,1,8,Personal claim,NA,NA,NA,NA,NA,NA,NA,9,Melee,23,Knife or Other Sharp Object,NA,NA,NA,NA,NA,NA,NA,NA,NA,NA,NA,NA,A knife was used in the attack.,1,0,0,7,0,1,0,NA,NA,NA,NA,0,NA,NA,NA,NA,NA,NA,NA,NA,NA,NA,NA,NA,NA,NA,NA,"Casualty numbers conflict across sources. Following GTD protocol, the majority reliable estimates are reported here. Sources also indicated that the assailant suffered from alcohol and psychological problems.","""Hamburg - One dead, four wounded in Hamburg supermarket knife attack: police,"" AFP (North European Service), July 28, 2017.","""German Prosecutors Say Suspect In Hamburg Knife Attack Likely Had 'Radical Islamist' Motive,"" Radio Free Europe, July 31, 2017.","""1st LD-Writethru: Hamburg knife attacker identified as Islamist,"" Xinhua General News Service, July 29, 2017.",START Primary Collection,-9,-9,0,-9,NA,Jihadi-inspired extremists ||  ||  ||  ||  || ,"07/28/2017: An assailant stabbed civilians at a supermarket in Hamburg, Germany. A civilian was killed and at least seven others, including the assailant, were injured in the attack. Ahmad A. Alhaw, an unaffiliated individual, claimed responsibility for the incident and stated that ""he wanted to kill as many 'Christians and young people' as possible."" Sources also noted that Alhaw followed the ideology of the Islamic State of Iraq and the Levant (ISIL). || Ahmad A. Alhaw, an unaffiliated individual, claimed responsibility for the incident and stated that ""he wanted to kill as many 'Christians and young people' as possible."" Sources also noted that Alhaw followed Islamic State of Iraq and the Levant (ISIL) ideology. || Casualty numbers conflict across sources. Following GTD protocol, the majority reliable estimates are reported here. Sources also indicated that the assailant suffered from alcohol and psychological problems.",2017,FALSE,TRUE,FALSE,TRUE,TRUE,FALSE,TRUE,TRUE,9,TRUE,FALSE,TRUE,probable_inspired,high_score_text_claim_signal
data/globalterrorismdb_0522dist.csv,201708050014,2017,8,5,NA,0,NA,69,France,8,Western Europe,Ile-de-France,Paris,48.856642,2.34233,1,0,The incident occurred at the Eiffel Tower.,"08/05/2017: An assailant shouting ""Allahu Akhbar"" attempted to stab a French Armed Forces soldier at the Eiffel Tower in Paris, France. There were no reported casualties and the assailant was arrested. The assailant, identified as Mamaye D., claimed responsibility for the attack and stated that he was in communication with the Islamic State of Iraq and the Levant (ISIL).",1,1,0,1,4,Lack of Intentionality,0,0,0,2,Armed Assault,NA,NA,NA,NA,4,Military,34,"Military Personnel (soldiers, troops, officers, forces)",French Armed Forces,Soldier,69,France,NA,NA,NA,NA,NA,NA,NA,NA,NA,NA,NA,NA,NA,NA,NA,NA,Jihadi-inspired extremists,NA,NA,NA,NA,NA,"An unaffiliated individual, identified as Mamaye D., claimed responsibility for the incident and stated that he was in communication with the Islamic State of Iraq and the Levant (ISIL).",0,NA,NA,1,1,1,1,8,Personal claim,NA,NA,NA,NA,NA,NA,NA,9,Melee,23,Knife or Other Sharp Object,NA,NA,NA,NA,NA,NA,NA,NA,NA,NA,NA,NA,NA,0,0,0,0,0,0,0,NA,NA,NA,NA,0,NA,NA,NA,NA,NA,NA,NA,NA,NA,NA,NA,NA,NA,NA,NA,There is doubt that this incident meets terrorism-related criteria. Sources noted that the assailant had previously spent time in a psychiatric hospital and had been granted permission to leave the facility for the weekend.,"""Terror probe opened over Eiffel Tower attacker,"" Deutsche Welle, August 8, 2017.","""Eiffel Tower suspect says he was in touch with IS member,"" Washington Post, August 6, 2017.","""Singapore: France opens terrorism probe into knife-wielding man at Eiffel Tower - source,"" Channel NewsAsia Online, August 6, 2017.",START Primary Collection,-9,-9,0,-9,NA,Jihadi-inspired extremists ||  ||  ||  ||  || ,"08/05/2017: An assailant shouting ""Allahu Akhbar"" attempted to stab a French Armed Forces soldier at the Eiffel Tower in Paris, France. There were no reported casualties and the assailant was arrested. The assailant, identified as Mamaye D., claimed responsibility for the attack and stated that he was in communication with the Islamic State of Iraq and the Levant (ISIL). || An unaffiliated individual, identified as Mamaye D., claimed responsibility for the incident and stated that he was in communication with the Islamic State of Iraq and the Levant (ISIL). || There is doubt that this incident meets terrorism-related criteria. Sources noted that the assailant had previously spent time in a psychiatric hospital and had been granted permission to leave the facility for the weekend.",2017,FALSE,TRUE,FALSE,TRUE,TRUE,FALSE,TRUE,TRUE,9,TRUE,FALSE,TRUE,probable_inspired,high_score_text_claim_signal
data/globalterrorismdb_0522dist.csv,201708160034,2017,8,16,NA,0,NA,38,Canada,1,North America,Ontario,Burlington,43.428942,-79.839402,1,0,The incident occurred on Appleby Line.,"08/16/2017: Assailants set fire to Trinity Baptist Church in Burlington, Ontario, Canada. There were no reported casualties, but the church was damaged in the attack. No group claimed responsibility for the incident. Sources suspected that the assailants spray-painted ""ISIS,"" referencing the Islamic State of Iraq and the Levant (ISIL), on the outside of the church; however, authorities stated that the relationship between the arson and the graffiti was unclear.",1,1,1,0,NA,NA,0,1,0,7,Facility/Infrastructure Attack,NA,NA,NA,NA,15,Religious Figures/Institutions,86,Place of Worship,Trinity Baptist Church,Church,38,Canada,NA,NA,NA,NA,NA,NA,NA,NA,NA,NA,NA,NA,NA,NA,NA,NA,Jihadi-inspired extremists,NA,NA,NA,NA,NA,"The specific motive is unknown; however, sources noted that the assailants spray-painted ""ISIS,"" referencing the Islamic State of Iraq and the Levant (ISIL), on the church.",1,NA,NA,0,-99,0,0,NA,NA,NA,NA,NA,NA,NA,NA,NA,8,Incendiary,18,Arson/Fire,NA,NA,NA,NA,NA,NA,NA,NA,NA,NA,NA,NA,NA,0,0,0,0,0,0,1,3,Minor (likely < $1 million),-99,A church was damaged in this attack.,0,NA,NA,NA,NA,NA,NA,NA,NA,NA,NA,NA,NA,NA,NA,NA,NA,"""Burlington church fire was arson,"" The Hamilton Spectator, September 13, 2017.","""Suspicious fire rips through Burlington church,"" CBC, August 16, 2017.","""Fire marshal called to investigate 'suspicious' cause of Burlington church fire,"" Toronto Star - Metroland Newspapers, August 17, 2017.",START Primary Collection,-9,-9,0,-9,NA,Jihadi-inspired extremists ||  ||  ||  ||  || ,"08/16/2017: Assailants set fire to Trinity Baptist Church in Burlington, Ontario, Canada. There were no reported casualties, but the church was damaged in the attack. No group claimed responsibility for the incident. Sources suspected that the assailants spray-painted ""ISIS,"" referencing the Islamic State of Iraq and the Levant (ISIL), on the outside of the church; however, authorities stated that the relationship between the arson and the graffiti was unclear. || The specific motive is unknown; however, sources noted that the assailants spray-painted ""ISIS,"" referencing the Islamic State of Iraq and the Levant (ISIL), on the church. || ",2017,FALSE,TRUE,FALSE,TRUE,TRUE,FALSE,FALSE,TRUE,7,TRUE,FALSE,TRUE,probable_inspired,high_score_text_claim_signal
data/globalterrorismdb_0522dist.csv,201708180014,2017,8,18,NA,0,NA,68,Finland,8,Western Europe,Tavastia Proper,Turku,60.454957,22.268782,1,0,The incident occurred in Puutori market square.,"08/18/2017: An assailant stabbed civilians in Puutori market square, Turku, Tavastia Proper, Finland. Two people were killed and eight people, including a Swede, Italian, and a Briton, were injured in the attack. The assailant was shot, wounded, and apprehended. Abderrahman Bouanane claimed responsibility for the attack and was found to be in possession of propaganda from the Islamic State of Iraq and the Levant (ISIL). Additionally, Bouanane stated that he was waging a ""war against women.""",1,1,1,0,NA,NA,0,1,0,2,Armed Assault,NA,NA,NA,NA,14,Private Citizens & Property,67,Unnamed Civilian/Unspecified,Not Applicable,Civilians,68,Finland,14,Private Citizens & Property,67,Unnamed Civilian/Unspecified,Not Applicable,Civlian,216,Great Britain,14,Private Citizens & Property,67,Unnamed Civilian/Unspecified,Not Applicable,Civilian,98,Italy,Jihadi-inspired extremists,NA,NA,NA,NA,NA,"The specific motive is unknown; however, sources noted that Abderrahman Bounane possessed Islamic State of Iraq and the Levant (ISIL) propaganda. Sources also noted that in court Bounane stated, ""My target was to hit women, not men ... I was in war against women.""",0,NA,NA,1,1,1,1,8,Personal claim,NA,NA,NA,NA,NA,NA,NA,9,Melee,23,Knife or Other Sharp Object,NA,NA,NA,NA,NA,NA,NA,NA,NA,NA,NA,NA,NA,2,0,0,9,0,1,0,NA,NA,NA,NA,0,NA,NA,NA,NA,NA,NA,NA,NA,NA,NA,NA,NA,NA,NA,NA,The victims included a Swedish civilian.,"""Helsinki - Suspect admits killings in Finnish stabbing spree,"" AFP (North European Service), August 22, 2017.","""Attack in Turku, Finland, Investigated as Terrorism,"" New York Times, August 19, 2017.","""Finland stabbings a 'terror attack',"" BBC, August 19, 2017.",START Primary Collection,-9,-9,1,1,NA,Jihadi-inspired extremists ||  ||  ||  ||  || ,"08/18/2017: An assailant stabbed civilians in Puutori market square, Turku, Tavastia Proper, Finland. Two people were killed and eight people, including a Swede, Italian, and a Briton, were injured in the attack. The assailant was shot, wounded, and apprehended. Abderrahman Bouanane claimed responsibility for the attack and was found to be in possession of propaganda from the Islamic State of Iraq and the Levant (ISIL). Additionally, Bouanane stated that he was waging a ""war against women."" || The specific motive is unknown; however, sources noted that Abderrahman Bounane possessed Islamic State of Iraq and the Levant (ISIL) propaganda. Sources also noted that in court Bounane stated, ""My target was to hit women, not men ... I was in war against women."" || The victims included a Swedish civilian.",2017,FALSE,TRUE,FALSE,TRUE,TRUE,FALSE,TRUE,TRUE,9,TRUE,FALSE,TRUE,probable_inspired,high_score_text_claim_signal
data/globalterrorismdb_0522dist.csv,201709150014,2017,9,15,NA,0,NA,69,France,8,Western Europe,Ile-de-France,Paris,48.856642,2.34233,1,0,The incident occurred near the Chatelet train station.,"09/15/2017: An assailant armed with a knife attacked an on-duty soldier at the Chatelet metro station in Paris, France. There were no reported casualties, and the assailant was arrested. No group claimed responsibility for the incident; however, sources noted that the assailant referenced the Islamic State of Iraq and the Levant (ISIL) during the attack.",1,1,0,0,NA,NA,0,0,0,2,Armed Assault,NA,NA,NA,NA,4,Military,34,"Military Personnel (soldiers, troops, officers, forces)",French Army,Soldier,69,France,NA,NA,NA,NA,NA,NA,NA,NA,NA,NA,NA,NA,NA,NA,NA,NA,Jihadi-inspired extremists,NA,NA,NA,NA,NA,"The specific motive is unknown; however, sources noted that the assailant referenced the Islamic State of Iraq and the Levant (ISIL) during the attack.",0,NA,NA,1,1,1,0,NA,NA,NA,NA,NA,NA,NA,NA,NA,9,Melee,23,Knife or Other Sharp Object,NA,NA,NA,NA,NA,NA,NA,NA,NA,NA,NA,NA,A knife was used in the attack.,0,0,0,0,0,0,0,NA,NA,NA,NA,0,NA,NA,NA,NA,NA,NA,NA,NA,NA,NA,NA,NA,NA,NA,NA,NA,"""Paris - Knife-wielding man attacks Paris soldier, no injuries: police,"" AFP (North European Service), September 15, 2017.","""Man nabbed after launching knife attack on soldier in Paris,"" Singapore Star.com, September 15, 2017.","""Knifeman attacks soldier in Paris subway, terrorism probe opened,"" Reuters India, September 15, 2017.",START Primary Collection,-9,-9,0,-9,NA,Jihadi-inspired extremists ||  ||  ||  ||  || ,"09/15/2017: An assailant armed with a knife attacked an on-duty soldier at the Chatelet metro station in Paris, France. There were no reported casualties, and the assailant was arrested. No group claimed responsibility for the incident; however, sources noted that the assailant referenced the Islamic State of Iraq and the Levant (ISIL) during the attack. || The specific motive is unknown; however, sources noted that the assailant referenced the Islamic State of Iraq and the Levant (ISIL) during the attack. || ",2017,FALSE,TRUE,FALSE,TRUE,TRUE,FALSE,FALSE,TRUE,7,TRUE,FALSE,TRUE,probable_inspired,high_score_text_claim_signal
data/globalterrorismdb_0522dist.csv,201709300012,2017,9,30,NA,0,NA,38,Canada,1,North America,Alberta,Edmonton,53.559074,-113.478905,1,0,NA,"09/30/2017: An assailant rammed a vehicle into a police officer at a barricade outside of Commonwealth Stadium in Edmonton, Alberta, Canada. The assailant then exited the vehicle and stabbed the police officer, injuring him. This was one of two related attacks that took place in Edmonton on this date. No group claimed responsibility for the incidents; however, sources identified the assailant as Abdulahi Hasan Sharif, a jihadi-inspired extremist, and indicated that he had an Islamic State of Iraq and the Levant (ISIL) flag in his vehicle.",1,1,1,0,NA,NA,1,1,0,2,Armed Assault,NA,NA,NA,NA,3,Police,25,Police Security Forces/Officers,Edmonton Police Service,Officer,38,Canada,NA,NA,NA,NA,NA,NA,NA,NA,NA,NA,NA,NA,NA,NA,NA,NA,Jihadi-inspired extremists,NA,NA,NA,NA,NA,"The specific motive is unknown; however, sources noted that an Islamic State of Iraq and the Levant (ISIL) flag was discovered in the vehicle of Abdulahi Hasan Sharif.",0,NA,NA,1,1,1,0,NA,NA,NA,NA,NA,NA,NA,NA,NA,9,Melee,23,Knife or Other Sharp Object,10,"Vehicle (not to include vehicle-borne explosives, i.e., car or truck bombs)",NA,NA,NA,NA,NA,NA,NA,NA,NA,NA,A knife and a Chevrolet Malibu were used in the attack.,0,0,0,1,0,0,0,NA,NA,NA,NA,0,NA,NA,NA,NA,NA,NA,NA,NA,NA,NA,NA,NA,NA,NA,NA,NA,"""Canada police charge Somali refugee in Edmonton 'terrorist' attacks,"" ABC Online, October 2, 2017.","""Canadian police officer stabbed in 'act of terrorism',"" Anadolu Agency (AA), October 1, 2017.","""Canada police probe car and knife attack as terrorism,"" Reuters India, October 1, 2017.",START Primary Collection,-9,-9,0,-9,"201709300012, 201709300013",Jihadi-inspired extremists ||  ||  ||  ||  || ,"09/30/2017: An assailant rammed a vehicle into a police officer at a barricade outside of Commonwealth Stadium in Edmonton, Alberta, Canada. The assailant then exited the vehicle and stabbed the police officer, injuring him. This was one of two related attacks that took place in Edmonton on this date. No group claimed responsibility for the incidents; however, sources identified the assailant as Abdulahi Hasan Sharif, a jihadi-inspired extremist, and indicated that he had an Islamic State of Iraq and the Levant (ISIL) flag in his vehicle. || The specific motive is unknown; however, sources noted that an Islamic State of Iraq and the Levant (ISIL) flag was discovered in the vehicle of Abdulahi Hasan Sharif. || ",2017,FALSE,TRUE,FALSE,TRUE,TRUE,FALSE,FALSE,TRUE,7,TRUE,FALSE,TRUE,probable_inspired,high_score_text_claim_signal
data/globalterrorismdb_0522dist.csv,201709300013,2017,9,30,NA,0,NA,38,Canada,1,North America,Alberta,Edmonton,53.549221,-113.507826,1,0,NA,"09/30/2017: An assailant rammed a U-Haul van into pedestrians after being identified at a police checkpoint in Edmonton, Alberta, Canada. Four people were injured in the attack. This was one of two related attacks that took place in Edmonton on this date. No group claimed responsibility for the incidents; however, sources identified the assailant as Abdulahi Hasan Sharif, a jihadi-inspired extremist, and indicated that he had an Islamic State of Iraq and the Levant (ISIL) flag in his vehicle.",1,1,1,0,NA,NA,1,1,0,8,Unarmed Assault,NA,NA,NA,NA,14,Private Citizens & Property,67,Unnamed Civilian/Unspecified,Not Applicable,Civilians,38,Canada,NA,NA,NA,NA,NA,NA,NA,NA,NA,NA,NA,NA,NA,NA,NA,NA,Jihadi-inspired extremists,NA,NA,NA,NA,NA,"The specific motive is unknown; however, sources noted that an Islamic State of Iraq and the Levant (ISIL) flag was discovered in the vehicle of Abdulahi Hasan Sharif.",0,NA,NA,1,1,1,0,NA,NA,NA,NA,NA,NA,NA,NA,NA,10,"Vehicle (not to include vehicle-borne explosives, i.e., car or truck bombs)",NA,NA,NA,NA,NA,NA,NA,NA,NA,NA,NA,NA,NA,NA,A U-Haul van was used in the attack.,0,0,0,4,0,0,0,NA,NA,NA,NA,0,NA,NA,NA,NA,NA,NA,NA,NA,NA,NA,NA,NA,NA,NA,NA,NA,"""Canada police charge Somali refugee in Edmonton 'terrorist' attacks,"" ABC Online, October 2, 2017.","""Canadian police officer stabbed in 'act of terrorism',"" Anadolu Agency (AA), October 1, 2017.","""Canada police probe car and knife attack as terrorism,"" Reuters India, October 1, 2017.",START Primary Collection,-9,-9,0,-9,"201709300012, 201709300013",Jihadi-inspired extremists ||  ||  ||  ||  || ,"09/30/2017: An assailant rammed a U-Haul van into pedestrians after being identified at a police checkpoint in Edmonton, Alberta, Canada. Four people were injured in the attack. This was one of two related attacks that took place in Edmonton on this date. No group claimed responsibility for the incidents; however, sources identified the assailant as Abdulahi Hasan Sharif, a jihadi-inspired extremist, and indicated that he had an Islamic State of Iraq and the Levant (ISIL) flag in his vehicle. || The specific motive is unknown; however, sources noted that an Islamic State of Iraq and the Levant (ISIL) flag was discovered in the vehicle of Abdulahi Hasan Sharif. || ",2017,FALSE,TRUE,FALSE,TRUE,TRUE,FALSE,FALSE,TRUE,7,TRUE,FALSE,TRUE,probable_inspired,high_score_text_claim_signal
data/globalterrorismdb_0522dist.csv,201710310017,2017,10,31,NA,0,NA,217,United States,1,North America,New York,New York City,40.694257,-73.93068,1,0,The incident occurred along the West Side Highway in Lower Manhattan.,"10/31/2017: An assailant driving a Home Depot rental truck entered a bike path in an attempt to run over civilians on the West Side Highway in Lower Manhattan, New York City, United States. Following the initial attack, the assailant exited the vehicle and was shot by a police officer after displaying imitation firearms. At least eight people, including two citizens from the United States, five Argentinian tourists, and one Belgian tourist, were killed and 13 other people, including the assailant, were injured in the attack. The Islamic State of Iraq and the Levant (ISIL) claimed that the assailant, identified as Sayfullo Habibullaevic Saipov, was ""one of the caliphate soldiers;"" however, sources doubted the veracity of this claim. Authorities also recovered a note from the vehicle in which Saipov pledged allegiance to ISIL.",1,1,1,0,NA,NA,0,1,0,8,Unarmed Assault,NA,NA,NA,NA,18,Tourists,97,Tourist,Not Applicable,"Tourists: Hernan Diego Mendoza, Diego Enrique Angelini, Alejandro Damian Pagnucco",11,Argentina,8,Educational Institution,50,Other Personnel,New York City Department of Education,School Bus,217,United States,14,Private Citizens & Property,68,Named Civilian,Not Applicable,"Civilians: Anne Laure Decadt, Darren Drake, and Nicholas Cleves",999,Multinational,Jihadi-inspired extremists,NA,NA,NA,NA,NA,"An unaffiliated individual, identified as Sayfullo Habibullaevic Saipov, claimed responsibility for the incident and pledged allegiance to the Islamic State of Iraq and the Levant (ISIL).",0,NA,NA,1,1,1,1,5,Note left at scene,NA,NA,NA,NA,NA,NA,NA,10,"Vehicle (not to include vehicle-borne explosives, i.e., car or truck bombs)",NA,NA,7,Fake Weapons,NA,NA,NA,NA,NA,NA,NA,NA,NA,NA,A rental pickup truck and replica firearms were used in the attack.,8,2,0,13,NA,1,1,3,Minor (likely < $1 million),-99,A school bus was damaged in this attack.,0,NA,NA,NA,NA,NA,NA,NA,NA,NA,NA,NA,NA,NA,NA,NA,"The victims included tourists from Argentina and Belgium and civilians from the United States. The victims were identified as Ariel Erlij, Hernan Ferruchi, and Martin Ludovico Marro. Casualty numbers conflict across sources. Following GTD protocol, the majority reliable estimates are reported here.","""Vehicles as weapons: New York City crash is part of a deadly trend,"" CNN Wire, October 31, 2017.","""ISIS claims responsibility for New York truck attack,"" New York Daily News, November 2, 2017.","""NYC Attack: ISIS and Islamic Extremists Have Threatened New York for Years,"" MSNBC Newsweek, November 1, 2017.",START Primary Collection,-9,-9,1,1,NA,Jihadi-inspired extremists ||  ||  ||  ||  || ,"10/31/2017: An assailant driving a Home Depot rental truck entered a bike path in an attempt to run over civilians on the West Side Highway in Lower Manhattan, New York City, United States. Following the initial attack, the assailant exited the vehicle and was shot by a police officer after displaying imitation firearms. At least eight people, including two citizens from the United States, five Argentinian tourists, and one Belgian tourist, were killed and 13 other people, including the assailant, were injured in the attack. The Islamic State of Iraq and the Levant (ISIL) claimed that the assailant, identified as Sayfullo Habibullaevic Saipov, was ""one of the caliphate soldiers;"" however, sources doubted the veracity of this claim. Authorities also recovered a note from the vehicle in which Saipov pledged allegiance to ISIL. || An unaffiliated individual, identified as Sayfullo Habibullaevic Saipov, claimed responsibility for the incident and pledged allegiance to the Islamic State of Iraq and the Levant (ISIL). || The victims included tourists from Argentina and Belgium and civilians from the United States. The victims were identified as Ariel Erlij, Hernan Ferruchi, and Martin Ludovico Marro. Casualty numbers conflict across sources. Following GTD protocol, the majority reliable estimates are reported here.",2017,FALSE,TRUE,FALSE,TRUE,TRUE,FALSE,TRUE,TRUE,9,TRUE,FALSE,TRUE,probable_inspired,high_score_text_claim_signal
data/globalterrorismdb_0522dist.csv,201711160032,2017,11,16,"November 1-November 30, 2017",0,NA,121,Malaysia,5,Southeast Asia,Kuala Lumpur,Kuala Lumpur,3.138943,101.691316,1,0,The incident occurred in the Jalan Pudu neighborhood.,"11/00/2017: Sometime between November 1, 2017 and November 30, 2017, an assailant attempted to stab Buddhist monks in Jalan Pudu, Kuala Lumpur, Malaysia. The assailant wandered the neighborhood but was unable to find any victims and aborted the attack. No group claimed responsibility; however, authorities attributed the incident to Jihadi-Inspired extremists and arrested a 23 year-old Indonesian in connection with the incident.",1,1,1,0,NA,NA,0,0,0,2,Armed Assault,NA,NA,NA,NA,15,Religious Figures/Institutions,85,Religious Figure,Unknown,Buddhist Monks,121,Malaysia,NA,NA,NA,NA,NA,NA,NA,NA,NA,NA,NA,NA,NA,NA,NA,NA,Jihadi-inspired extremists,NA,NA,NA,NA,NA,"The specific motive is unknown; however, sources noted that the assailant pledged allegiance to the Islamic State of Iraq and the Levant (ISIL). Sources also posited that the assailant carried out the attack in retaliation for violence against Rohingya Muslims in Myanmar.",0,NA,NA,1,1,1,0,NA,NA,NA,NA,NA,NA,NA,NA,NA,9,Melee,23,Knife or Other Sharp Object,NA,NA,NA,NA,NA,NA,NA,NA,NA,NA,NA,NA,A knife was used in the attack.,0,0,0,0,0,0,0,NA,NA,NA,NA,0,NA,NA,NA,NA,NA,NA,NA,NA,NA,NA,NA,NA,NA,NA,NA,NA,"""BBCM: Terrorism Digest: 21-22 January 2018,"" BBC Monitoring, January 22, 2018.",NA,NA,START Primary Collection,-9,-9,0,-9,NA,Jihadi-inspired extremists ||  ||  ||  ||  || ,"11/00/2017: Sometime between November 1, 2017 and November 30, 2017, an assailant attempted to stab Buddhist monks in Jalan Pudu, Kuala Lumpur, Malaysia. The assailant wandered the neighborhood but was unable to find any victims and aborted the attack. No group claimed responsibility; however, authorities attributed the incident to Jihadi-Inspired extremists and arrested a 23 year-old Indonesian in connection with the incident. || The specific motive is unknown; however, sources noted that the assailant pledged allegiance to the Islamic State of Iraq and the Levant (ISIL). Sources also posited that the assailant carried out the attack in retaliation for violence against Rohingya Muslims in Myanmar. || ",2017,FALSE,TRUE,FALSE,TRUE,TRUE,FALSE,FALSE,TRUE,7,TRUE,FALSE,TRUE,probable_inspired,high_score_text_claim_signal
data/globalterrorismdb_0522dist.csv,201712110001,2017,12,11,NA,0,NA,217,United States,1,North America,New York,New York City,40.694257,-73.93068,1,0,The incident occurred between Seventh and Eighth Avenue in Manhattan.,"12/11/2017: A suicide bomber detonated explosives at Port Authority Bus Terminal between Seventh and Eighth Avenue in Manhattan, New York City, New York, United States. In addition to the assailant, three civilians were injured in the blast. Akayed Ullah, a jihadi-inspired extremist, claimed responsibility for the incident and stated ""They've been bombing in my country and I wanted to do damage here,"" and ""I did it for the Islamic State."" In April 2021, Ullah was sentenced to life plus 30 years.",1,1,1,0,NA,NA,0,1,1,3,Bombing/Explosion,NA,NA,NA,NA,19,Transportation,101,Bus Station/Stop,Port Authority of New York and New Jersey,Bus Terminal,217,United States,NA,NA,NA,NA,NA,NA,NA,NA,NA,NA,NA,NA,NA,NA,NA,NA,Jihadi-inspired extremists,NA,NA,NA,NA,NA,"An unaffiliated individual, identified as Akayed Ullah, claimed responsibility for the incident and stated ""They’ve been bombing in my country and I wanted to do damage here,"" and ""I did it for the Islamic State.""",0,NA,NA,1,1,1,1,8,Personal claim,NA,NA,NA,NA,NA,NA,NA,6,Explosives,13,Suicide (carried bodily by human being),NA,NA,NA,NA,NA,NA,NA,NA,NA,NA,NA,NA,"A crude metal pipe bomb consisting of match heads and sugar, screws, Christmas light wires, and a nine-volt battery was used in the attack.",0,0,0,4,3,1,-9,NA,NA,NA,NA,0,NA,NA,NA,NA,NA,NA,NA,NA,NA,NA,NA,NA,NA,NA,NA,NA,"""New York bombing suspect charged,"" BBC, December 12, 2017.","""NY Port Authority suspect blames bombing on Israeli actions in Gaza,"" Jerusalem Post, December 11, 2017.","""NYC Subway Bomber Sentenced To Life Plus 30 Years,"" Cliffside Park-Edgewater, April 22, 2021.",START Primary Collection,-9,-9,0,-9,NA,Jihadi-inspired extremists ||  ||  ||  ||  || ,"12/11/2017: A suicide bomber detonated explosives at Port Authority Bus Terminal between Seventh and Eighth Avenue in Manhattan, New York City, New York, United States. In addition to the assailant, three civilians were injured in the blast. Akayed Ullah, a jihadi-inspired extremist, claimed responsibility for the incident and stated ""They've been bombing in my country and I wanted to do damage here,"" and ""I did it for the Islamic State."" In April 2021, Ullah was sentenced to life plus 30 years. || An unaffiliated individual, identified as Akayed Ullah, claimed responsibility for the incident and stated ""They’ve been bombing in my country and I wanted to do damage here,"" and ""I did it for the Islamic State."" || ",2017,FALSE,TRUE,FALSE,TRUE,TRUE,FALSE,TRUE,TRUE,9,TRUE,FALSE,TRUE,probable_inspired,high_score_text_claim_signal
data/globalterrorismdb_0522dist.csv,201703220001,2017,3,22,NA,0,NA,603,United Kingdom,8,Western Europe,England,London,51.504385,-0.140041,1,0,The incident occurred at the Westminster Bridge.,"03/22/2017: An assailant drove a vehicle into pedestrians along the Westminster Bridge in London, England, United Kingdom. The assailant then fled the vehicle outside the Palace of Westminster, stabbing a police officer before being shot and killed by police forces. In addition to the assailant, five people were killed and at least 50 people were injured in the attack. Khalid Masood, a Muslim extremist, claimed responsibility for the incident and stated that the attack was carried out in retaliation for Western military offensives in the Middle East. The Islamic State of Iraq and the Levant (ISIL) also claimed responsibility for the incident; however, authorities doubted the veracity of this claim and could not confirm Masood's connection to ISIL.",1,1,1,0,NA,NA,0,1,0,2,Armed Assault,NA,NA,NA,NA,3,Police,25,Police Security Forces/Officers,Metropolitan Police Parliamentary and Diplomatic Protection (PaDP),Officer: Keith Palmer,216,Great Britain,14,Private Citizens & Property,67,Unnamed Civilian/Unspecified,Not Applicable,Civilians,999,Multinational,NA,NA,NA,NA,NA,NA,NA,NA,Muslim extremists,NA,NA,NA,NA,NA,"Khalid Masood, an unaffiliated individual, claimed responsibility for the incident and stated that the attack was carried out in retaliation for Western military offensives in the Middle East.",0,NA,NA,1,1,0,1,7,"Posted to website, blog, etc.",NA,NA,NA,NA,NA,NA,NA,9,Melee,23,Knife or Other Sharp Object,10,"Vehicle (not to include vehicle-borne explosives, i.e., car or truck bombs)",NA,NA,NA,NA,NA,NA,NA,NA,NA,NA,A knife and a vehicle were used in the attack.,6,1,1,50,1,0,-9,NA,NA,NA,NA,0,NA,NA,NA,NA,NA,NA,NA,NA,NA,NA,NA,NA,NA,NA,NA,"The victims included Romanian civilians Andreea Cristea and Andrei Burnaz, United States civilians Kurt Cochran and Melissa Cochran, British civilians Leslie Rhodes and Aysha Frade, and French civilians. Casualty numbers conflict across sources. Following GTD protocol, the most recent reliable estimates are reported here.","""Five dead and 40 injured in London attack,"" BBC, March 23, 2017.","""Westminster terror attacker Khalid Masood's final message revealed,"" The Telegraph, April 28, 2017.","""Romanian Woman Injured In London Attack Dies,"" Radio Free Europe, April 7, 2017.",START Primary Collection,-9,-9,1,1,NA,Muslim extremists ||  ||  ||  ||  || ,"03/22/2017: An assailant drove a vehicle into pedestrians along the Westminster Bridge in London, England, United Kingdom. The assailant then fled the vehicle outside the Palace of Westminster, stabbing a police officer before being shot and killed by police forces. In addition to the assailant, five people were killed and at least 50 people were injured in the attack. Khalid Masood, a Muslim extremist, claimed responsibility for the incident and stated that the attack was carried out in retaliation for Western military offensives in the Middle East. The Islamic State of Iraq and the Levant (ISIL) also claimed responsibility for the incident; however, authorities doubted the veracity of this claim and could not confirm Masood's connection to ISIL. || Khalid Masood, an unaffiliated individual, claimed responsibility for the incident and stated that the attack was carried out in retaliation for Western military offensives in the Middle East. || The victims included Romanian civilians Andreea Cristea and Andrei Burnaz, United States civilians Kurt Cochran and Melissa Cochran, British civilians Leslie Rhodes and Aysha Frade, and French civilians. Casualty numbers conflict across sources. Following GTD protocol, the most recent reliable estimates are reported here.",2017,FALSE,TRUE,FALSE,TRUE,TRUE,FALSE,TRUE,TRUE,9,TRUE,FALSE,TRUE,probable_inspired,high_score_text_claim_signal
data/globalterrorismdb_0522dist.csv,201708170002,2017,8,17,NA,0,NA,185,Spain,8,Western Europe,Catalonia,Barcelona,41.400636,2.150913,1,0,The incident occurred in Las Ramblas neighborhood.,"08/17/2017: An assailant rammed a van into a crowd of pedestrians along Las Ramblas in Barcelona, Spain. Fourteen civilians, including United States citizen Jared Tucker, were killed and more than 100 civilians were injured in the attack. This was one of three coordinated attacks in Catalonia within 24 hours. Authorities identified the assailant, Younes Abouyaaqoub, as a Muslim extremist. The Islamic State of Iraq and the Levant (ISIL) claimed that the attack was carried out in an effort to target countries participating in the United States-led coalition against the group; however, the veracity of this claim could not be verified.",1,1,1,0,NA,NA,1,1,0,8,Unarmed Assault,NA,NA,NA,NA,14,Private Citizens & Property,67,Unnamed Civilian/Unspecified,Not Applicable,Civilians,999,Multinational,NA,NA,NA,NA,NA,NA,NA,NA,NA,NA,NA,NA,NA,NA,NA,NA,Muslim extremists,NA,NA,NA,NA,NA,NA,0,NA,NA,1,1,0,0,NA,NA,NA,NA,NA,NA,NA,NA,NA,10,"Vehicle (not to include vehicle-borne explosives, i.e., car or truck bombs)",NA,NA,NA,NA,NA,NA,NA,NA,NA,NA,NA,NA,NA,NA,A Fiat Talento van was used in the attack.,14,1,0,101,1,0,-9,NA,NA,NA,NA,0,NA,NA,NA,NA,NA,NA,NA,NA,NA,NA,NA,NA,NA,NA,NA,"The victims included Spanish, French, German, Dutch, Argentine, Venezuelan, Belgian, Peruvian, Romanian, Irish, Cuban, Greek, Macedonian, British, Austrian, Pakistani, Taiwanese, Canadian, Ecuadorian, American, Filipino, Kuwaiti, Turkish, and Chinese civilians.","""Barcelona attacks: What we know so far,"" BBC, August 21, 2017.","""Police See Wider Plot in Spain and Say Carnage Could Have Been Worse,"" The New York Times, August 18, 2017.","""Spain terror attacks death toll rises to 16 as German woman dies in hospital,"" The Herald (Glasgow), August 28, 2017.",START Primary Collection,-9,-9,1,1,"201708170002, 201708170003, 201708180003",Muslim extremists ||  ||  ||  ||  || ,"08/17/2017: An assailant rammed a van into a crowd of pedestrians along Las Ramblas in Barcelona, Spain. Fourteen civilians, including United States citizen Jared Tucker, were killed and more than 100 civilians were injured in the attack. This was one of three coordinated attacks in Catalonia within 24 hours. Authorities identified the assailant, Younes Abouyaaqoub, as a Muslim extremist. The Islamic State of Iraq and the Levant (ISIL) claimed that the attack was carried out in an effort to target countries participating in the United States-led coalition against the group; however, the veracity of this claim could not be verified. ||  || The victims included Spanish, French, German, Dutch, Argentine, Venezuelan, Belgian, Peruvian, Romanian, Irish, Cuban, Greek, Macedonian, British, Austrian, Pakistani, Taiwanese, Canadian, Ecuadorian, American, Filipino, Kuwaiti, Turkish, and Chinese civilians.",2017,FALSE,TRUE,FALSE,TRUE,TRUE,FALSE,FALSE,TRUE,7,TRUE,FALSE,TRUE,probable_inspired,high_score_text_claim_signal
data/globalterrorismdb_0522dist.csv,201708170003,2017,8,17,NA,0,NA,185,Spain,8,Western Europe,Catalonia,Barcelona,41.400636,2.150913,1,0,The incident occurred in the University district of the city.,"08/17/2017: An assailant hijacked a vehicle and killed its driver, identified as Pau Perez, in University district, Barcelona, Spain. Three police officers were also injured when the assailant drove through a roadblock before abandoning the vehicle. This was one of three coordinated attacks in Catalonia within 24 hours. Authorities identified the assailant, Younes Abouyaaqoub, as a Muslim extremist. The Islamic State of Iraq and the Levant (ISIL) claimed that the attack was carried out in an effort to target countries participating in the United States-led coalition against the group; however, the veracity of this claim could not be verified.",1,1,1,0,NA,NA,1,1,0,4,Hijacking,NA,NA,NA,NA,14,Private Citizens & Property,68,Named Civilian,Not Applicable,Civilian: Pau Perez,185,Spain,3,Police,NA,NA,National Police Force (CNP),Roadblock,185,Spain,NA,NA,NA,NA,NA,NA,NA,NA,Muslim extremists,NA,NA,NA,NA,NA,NA,0,NA,NA,1,1,0,0,NA,NA,NA,NA,NA,NA,NA,NA,NA,9,Melee,23,Knife or Other Sharp Object,10,"Vehicle (not to include vehicle-borne explosives, i.e., car or truck bombs)",NA,NA,NA,NA,NA,NA,NA,NA,NA,NA,A knife and a white Ford Focus were used in the attack.,1,0,0,3,0,0,1,3,Minor (likely < $1 million),-99,A vehicle was stolen in this attack.,1,1,0,-99,NA,NA,NA,0,NA,NA,NA,NA,NA,4,Hostage(s) killed (not during rescue attempt),0,NA,"""Madrid - Following the last moves of the Barcelona terror cell,"" AFP (North European Service), August 23, 2017.","""Barcelona attacks: Key suspect hunt widened across Europe,"" BBC, August 21, 2017.","""Barcelona attacks: What we know so far,"" BBC, August 21, 2017.",START Primary Collection,-9,-9,0,-9,"201708170002, 201708170003, 201708180003",Muslim extremists ||  ||  ||  ||  || ,"08/17/2017: An assailant hijacked a vehicle and killed its driver, identified as Pau Perez, in University district, Barcelona, Spain. Three police officers were also injured when the assailant drove through a roadblock before abandoning the vehicle. This was one of three coordinated attacks in Catalonia within 24 hours. Authorities identified the assailant, Younes Abouyaaqoub, as a Muslim extremist. The Islamic State of Iraq and the Levant (ISIL) claimed that the attack was carried out in an effort to target countries participating in the United States-led coalition against the group; however, the veracity of this claim could not be verified. ||  || ",2017,FALSE,TRUE,FALSE,TRUE,TRUE,FALSE,FALSE,TRUE,7,TRUE,FALSE,TRUE,probable_inspired,high_score_text_claim_signal
data/globalterrorismdb_0522dist.csv,201708180003,2017,8,18,NA,0,NA,185,Spain,8,Western Europe,Catalonia,Cambrils,41.066675,1.060361,1,0,NA,"08/18/2017: Five assailants rammed a vehicle into a crowd of pedestrians in Cambrils, Catalonia, Spain. The assailants, wearing fake suicide belts, then exited the vehicle and attacked nearby civilians with knives. One person was killed and six people, including a police officer, were injured in the assault before all five assailants were shot and killed by police. This was one of three coordinated attacks in Catalonia within 24 hours. Authorities identified the assailants as Muslim extremists. The Islamic State of Iraq and the Levant (ISIL) claimed that the attack was carried out in an effort to target countries participating in the United States-led coalition against the group; however, the veracity of this claim could not be verified.",1,1,1,0,NA,NA,1,1,1,2,Armed Assault,NA,NA,NA,NA,14,Private Citizens & Property,67,Unnamed Civilian/Unspecified,Not Applicable,Civilians,185,Spain,NA,NA,NA,NA,NA,NA,NA,NA,NA,NA,NA,NA,NA,NA,NA,NA,Muslim extremists,NA,NA,NA,NA,NA,NA,0,NA,NA,1,5,0,0,NA,NA,NA,NA,NA,NA,NA,NA,NA,9,Melee,23,Knife or Other Sharp Object,10,"Vehicle (not to include vehicle-borne explosives, i.e., car or truck bombs)",NA,NA,7,Fake Weapons,NA,NA,NA,NA,NA,NA,"A black Audi A3, knives, and fake suicide belts were used in the attack.",6,0,5,6,0,0,-9,NA,NA,NA,NA,0,NA,NA,NA,NA,NA,NA,NA,NA,NA,NA,NA,NA,NA,NA,NA,The victims included Spanish civilian Ana Maria Suarez.,"""Barcelona attacks: What we know so far,"" BBC, August 21, 2017.","""Spain attacks: Isis claims responsibility for Cambrils car rampage after Barcelona atrocity; Authorities say terror cell now 'dismantled',"" The Independent, August 19, 2017.","""Spanish police foil second attack in Cambrils, hours after Las Ramblas incident,"" RTE Online, August 18, 2017.",START Primary Collection,-9,-9,0,-9,"201708170002, 201708170003, 201708180003",Muslim extremists ||  ||  ||  ||  || ,"08/18/2017: Five assailants rammed a vehicle into a crowd of pedestrians in Cambrils, Catalonia, Spain. The assailants, wearing fake suicide belts, then exited the vehicle and attacked nearby civilians with knives. One person was killed and six people, including a police officer, were injured in the assault before all five assailants were shot and killed by police. This was one of three coordinated attacks in Catalonia within 24 hours. Authorities identified the assailants as Muslim extremists. The Islamic State of Iraq and the Levant (ISIL) claimed that the attack was carried out in an effort to target countries participating in the United States-led coalition against the group; however, the veracity of this claim could not be verified. ||  || The victims included Spanish civilian Ana Maria Suarez.",2017,FALSE,TRUE,FALSE,TRUE,TRUE,FALSE,FALSE,TRUE,7,TRUE,FALSE,TRUE,probable_inspired,high_score_text_claim_signal
data/globalterrorismdb_0522dist.csv,201708250027,2017,8,25,NA,0,NA,21,Belgium,8,Western Europe,Brussels,Brussels,50.836426,4.367415,1,0,The incident occurred on Boulevard Emile Jacqmain.,"08/25/2017: An assailant attacked soldiers with a machete in Brussels, Belgium. At least one soldier was injured in the attack while the assailant was shot and killed. Sources identified the assailant as Haashi Ayaanle and noted that he shouted ""Allahu Akhbar"" and was carrying copies of the Koran during the attack. Additionally, the Islamic State of Iraq and the Levant (ISIL) claimed that the assailant was an ""Islamic State soldier;"" however, Ayaanle's connection to the group could not be confirmed.",1,1,0,0,NA,NA,0,1,0,2,Armed Assault,NA,NA,NA,NA,4,Military,29,Military Unit/Patrol/Convoy,Belgian Armed Forces,Patrol,21,Belgium,NA,NA,NA,NA,NA,NA,NA,NA,NA,NA,NA,NA,NA,NA,NA,NA,Muslim extremists,NA,NA,NA,NA,NA,"The specific motive is unknown; however, sources noted that Haashi Ayaanle was carrying two copies of the Quran with him at the time of the attack.",0,NA,NA,1,1,0,0,NA,NA,NA,NA,NA,NA,NA,NA,NA,9,Melee,23,Knife or Other Sharp Object,NA,NA,NA,NA,NA,NA,NA,NA,NA,NA,NA,NA,A machete was used in the attack.,1,0,1,1,0,0,0,NA,NA,NA,NA,0,NA,NA,NA,NA,NA,NA,NA,NA,NA,NA,NA,NA,NA,NA,NA,"Casualty numbers conflict across sources. Following GTD protocol, the lowest reliable estimates are reported here. Sources noted that the assailant had previously been admitted to a psychiatric clinic on a voluntary basis.","""ISIS claims attack on soldiers in Brussels,"" CNN, August 26, 2017.","""Brussels - Belgian of Somali origin staged Brussels knife attack: prosecutors,"" AFP (North European Service), August 26, 2017.","""Man shot after stabbing Brussels troops,"" BBC, August 25, 2017.",START Primary Collection,-9,-9,0,-9,NA,Muslim extremists ||  ||  ||  ||  || ,"08/25/2017: An assailant attacked soldiers with a machete in Brussels, Belgium. At least one soldier was injured in the attack while the assailant was shot and killed. Sources identified the assailant as Haashi Ayaanle and noted that he shouted ""Allahu Akhbar"" and was carrying copies of the Koran during the attack. Additionally, the Islamic State of Iraq and the Levant (ISIL) claimed that the assailant was an ""Islamic State soldier;"" however, Ayaanle's connection to the group could not be confirmed. || The specific motive is unknown; however, sources noted that Haashi Ayaanle was carrying two copies of the Quran with him at the time of the attack. || Casualty numbers conflict across sources. Following GTD protocol, the lowest reliable estimates are reported here. Sources noted that the assailant had previously been admitted to a psychiatric clinic on a voluntary basis.",2017,FALSE,TRUE,FALSE,TRUE,TRUE,FALSE,FALSE,TRUE,7,TRUE,FALSE,TRUE,probable_inspired,high_score_text_claim_signal
data/globalterrorismdb_0522dist.csv,201710240007,2017,10,24,NA,0,NA,160,Philippines,5,Southeast Asia,Zamboanga del Sur,Pagadian,7.825203,123.437378,1,0,The incident occurred in the Santa Maria neighborhood.,"10/24/2017: Assailants shot and killed an Armed Forces corporal, Rhuphel Lihay-lihay, in Santa Maria, Pagadian, Zamboanga del Sur, Philippines. No group claimed responsibility for the incident; however, sources attributed the attack to the New People's Army (NPA).",1,1,0,1,1,Insurgency/Guerilla Action,0,1,0,2,Armed Assault,NA,NA,NA,NA,4,Military,34,"Military Personnel (soldiers, troops, officers, forces)",Philippine Army (PA),1st Infantry Division Soldier: Corporal Rhuphel Lihay-lihay,160,Philippines,NA,NA,NA,NA,NA,NA,NA,NA,NA,NA,NA,NA,NA,NA,NA,NA,New People's Army (NPA),NA,NA,NA,NA,NA,"The specific motive is unknown; however, sources noted that Rhuphel Lihay-lihay had recently returned home from Marawi, where he took part in security operations targeting Islamic State of Iraq and the Levant (ISIL) inspired organizations.",0,NA,NA,0,1,0,0,NA,NA,NA,NA,NA,NA,NA,NA,NA,5,Firearms,3,Handgun,NA,NA,NA,NA,NA,NA,NA,NA,NA,NA,NA,NA,A .45-caliber pistol was used in the attack.,1,0,0,0,0,0,0,NA,NA,NA,NA,0,NA,NA,NA,NA,NA,NA,NA,NA,NA,NA,NA,NA,NA,NA,NA,NA,"""Reds kill Cotabato policeman in ambush,"" Manila Times, October 26, 2017.","""‘Marawi’ soldier killed at home in Zamboanga del Sur,"" Manila Times, October 24, 2017.","""Asia: US Army ASD Philippine Terrorist Media Weekly Wrap-up 22 - 28 October 2017,"" Summary, October 31, 2017.",START Primary Collection,0,0,0,0,NA,New People's Army (NPA) ||  ||  ||  ||  || ,"10/24/2017: Assailants shot and killed an Armed Forces corporal, Rhuphel Lihay-lihay, in Santa Maria, Pagadian, Zamboanga del Sur, Philippines. No group claimed responsibility for the incident; however, sources attributed the attack to the New People's Army (NPA). || The specific motive is unknown; however, sources noted that Rhuphel Lihay-lihay had recently returned home from Marawi, where he took part in security operations targeting Islamic State of Iraq and the Levant (ISIL) inspired organizations. || ",2017,FALSE,FALSE,FALSE,TRUE,TRUE,FALSE,FALSE,TRUE,5,FALSE,FALSE,TRUE,probable_inspired,high_score_text_claim_signal
data/globalterrorismdb_0522dist.csv,201706270016,2017,6,27,NA,0,NA,4,Afghanistan,6,South Asia,Nuristan,Waygal district,35.234823,71.03245,3,0,NA,"06/27/2017: Assailants attacked the house belonging to Tora, a former Taliban member who recently joined the Khorasan Chapter of the Islamic State, in Waygal, Nuristan, Afghanistan. Tora was unharmed but one of his guards was killed and three of his family members were injured in the ensuing clash. This was one of two coordinated attacks on the same night. No group claimed responsibility; however, sources attributed the attacks to the Taliban.",1,1,1,0,NA,NA,1,0,0,1,Assassination,NA,NA,NA,NA,14,Private Citizens & Property,77,Laborer (General)/Occupation Identified,Not Applicable,Former Taliban Commander: Tora,4,Afghanistan,NA,NA,NA,NA,NA,NA,NA,NA,NA,NA,NA,NA,NA,NA,NA,NA,Taliban,NA,NA,NA,NA,NA,"The specific motive is unknown; however, sources noted that Tora was a former Taliban member who had joined the Khorasan Chapter of the Islamic State.",0,NA,NA,0,-99,0,0,NA,NA,NA,NA,NA,NA,NA,NA,NA,13,Unknown,NA,NA,NA,NA,NA,NA,NA,NA,NA,NA,NA,NA,NA,NA,NA,1,0,0,3,0,0,1,3,Minor (likely < $1 million),-99,A house was damaged in this attack.,0,NA,NA,NA,NA,NA,NA,NA,NA,NA,NA,NA,NA,NA,NA,NA,NA,"""Hosted Product: Military Intelligence of the Czech Republic Daily Bulletin: 28 Jun 2017,"" Military Intelligence Daily Bulletin, June 28, 2017.",NA,NA,START Primary Collection,0,0,0,0,"201706270016, 201706270017",Taliban ||  ||  ||  ||  || ,"06/27/2017: Assailants attacked the house belonging to Tora, a former Taliban member who recently joined the Khorasan Chapter of the Islamic State, in Waygal, Nuristan, Afghanistan. Tora was unharmed but one of his guards was killed and three of his family members were injured in the ensuing clash. This was one of two coordinated attacks on the same night. No group claimed responsibility; however, sources attributed the attacks to the Taliban. || The specific motive is unknown; however, sources noted that Tora was a former Taliban member who had joined the Khorasan Chapter of the Islamic State. || ",2017,FALSE,FALSE,FALSE,TRUE,TRUE,FALSE,FALSE,TRUE,5,FALSE,FALSE,TRUE,probable_inspired,high_score_text_claim_signal
data/globalterrorismdb_0522dist.csv,201706270017,2017,6,27,NA,0,NA,4,Afghanistan,6,South Asia,Nuristan,Waygal district,35.232743,71.031173,3,0,NA,"06/27/2017: Assailants set fire to the house of the brother of a former Taliban member who recently joined the Khorasan Chapter of the Islamic State in Waygal, Nuristan, Afghanistan. There were no reported casualties. This was one of two coordinated attacks on the same night. No group claimed responsibility; however, sources attributed the attacks to the Taliban.",1,1,1,0,NA,NA,1,1,0,7,Facility/Infrastructure Attack,NA,NA,NA,NA,14,Private Citizens & Property,77,Laborer (General)/Occupation Identified,Not Applicable,Residence of Brother of Former Taliban Member,4,Afghanistan,NA,NA,NA,NA,NA,NA,NA,NA,NA,NA,NA,NA,NA,NA,NA,NA,Taliban,NA,NA,NA,NA,NA,"The specific motive is unknown; however, sources noted that Tora was a former Taliban member and had joined the Khorasan Chapter of the Islamic State.",0,NA,NA,0,-99,0,0,NA,NA,NA,NA,NA,NA,NA,NA,NA,8,Incendiary,18,Arson/Fire,NA,NA,NA,NA,NA,NA,NA,NA,NA,NA,NA,NA,NA,0,0,0,0,0,0,1,3,Minor (likely < $1 million),-99,A house was damaged in this attack.,0,NA,NA,NA,NA,NA,NA,NA,NA,NA,NA,NA,NA,NA,NA,NA,NA,"""Hosted Product: Military Intelligence of the Czech Republic Daily Bulletin: 28 Jun 2017,"" Military Intelligence Daily Bulletin, June 28, 2017.",NA,NA,START Primary Collection,0,0,0,0,"201706270016, 201706270017",Taliban ||  ||  ||  ||  || ,"06/27/2017: Assailants set fire to the house of the brother of a former Taliban member who recently joined the Khorasan Chapter of the Islamic State in Waygal, Nuristan, Afghanistan. There were no reported casualties. This was one of two coordinated attacks on the same night. No group claimed responsibility; however, sources attributed the attacks to the Taliban. || The specific motive is unknown; however, sources noted that Tora was a former Taliban member and had joined the Khorasan Chapter of the Islamic State. || ",2017,FALSE,FALSE,FALSE,TRUE,TRUE,FALSE,FALSE,TRUE,5,FALSE,FALSE,TRUE,probable_inspired,high_score_text_claim_signal
data/globalterrorismdb_0522dist.csv,201709090009,2017,9,9,NA,1,09/12/2017,4,Afghanistan,6,South Asia,Jawzjan,Gardan,36.038333,65.3675,1,0,The incident occurred in the Qush Tepa district.,"09/09/2017: Assailants established a checkpoint and abducted 20 people in Gardan, Jawzjan, Afghanistan. The hostages were released on September 12, 2017. No group claimed responsibility; however, sources attributed the attack to the Taliban and stated that the victims were accused of cooperating with the Khorasan Chapter of the Islamic State.",1,1,1,0,NA,NA,0,1,0,6,Hostage Taking (Kidnapping),NA,NA,NA,NA,14,Private Citizens & Property,67,Unnamed Civilian/Unspecified,Not Applicable,Civilians,4,Afghanistan,NA,NA,NA,NA,NA,NA,NA,NA,NA,NA,NA,NA,NA,NA,NA,NA,Taliban,NA,NA,NA,NA,NA,"The specific motive is unknown; however, sources posited that the Taliban abducted civilians who they accused of working with the Khorasan Chapter of the Islamic State.",0,NA,NA,0,-99,0,0,NA,NA,NA,NA,NA,NA,NA,NA,NA,13,Unknown,NA,NA,NA,NA,NA,NA,NA,NA,NA,NA,NA,NA,NA,NA,NA,0,0,0,0,0,0,0,NA,NA,NA,NA,1,20,0,NA,3,NA,NA,0,NA,NA,NA,NA,NA,2,Hostage(s) released by perpetrators,20,NA,"""Taliban, IS militants abduct 35 civilians in N. Afghanistan,"" Xinhua General News Service, September 10, 2017.","""Daesh and Taliban insurgents abduct more than 30 civilians in Jawzjan,"" SalamWatandar.com, September 9, 2017.","""33 Commuters Free From Grip of Taliban And Daesh,"" Bakhtar News Agency, September 12, 2017.",START Primary Collection,0,0,0,0,NA,Taliban ||  ||  ||  ||  || ,"09/09/2017: Assailants established a checkpoint and abducted 20 people in Gardan, Jawzjan, Afghanistan. The hostages were released on September 12, 2017. No group claimed responsibility; however, sources attributed the attack to the Taliban and stated that the victims were accused of cooperating with the Khorasan Chapter of the Islamic State. || The specific motive is unknown; however, sources posited that the Taliban abducted civilians who they accused of working with the Khorasan Chapter of the Islamic State. || ",2017,FALSE,FALSE,FALSE,TRUE,TRUE,FALSE,FALSE,TRUE,5,FALSE,FALSE,TRUE,probable_inspired,high_score_text_claim_signal
data/globalterrorismdb_0522dist.csv,201701070026,2017,1,7,NA,0,NA,95,Iraq,10,Middle East & North Africa,Saladin,Tikrit,35.0325,43.646389,1,1,The incident occurred in the Hamreen mountains.,"01/07/2017: An explosive device detonated near families fleeing the Hamreen Mountains area outside Tikrit, Saladin, Iraq. At least 19 people were injured in the blast. No group claimed responsibility for the attack.",1,1,1,0,NA,NA,0,1,0,3,Bombing/Explosion,NA,NA,NA,NA,14,Private Citizens & Property,67,Unnamed Civilian/Unspecified,Not Applicable,Civilians,95,Iraq,NA,NA,NA,NA,NA,NA,NA,NA,NA,NA,NA,NA,NA,NA,NA,NA,Unknown,NA,NA,NA,NA,NA,"The specific motive is unknown; however, sources stated that the victims were attempting to leave areas controlled by the Islamic State of Iraq and the Levant (ISIL) at the time of the attack.",0,NA,NA,0,-99,0,0,NA,NA,NA,NA,NA,NA,NA,NA,NA,6,Explosives,16,Unknown Explosive Type,NA,NA,NA,NA,NA,NA,NA,NA,NA,NA,NA,NA,NA,0,0,0,19,0,0,0,NA,NA,NA,NA,0,NA,NA,NA,NA,NA,NA,NA,NA,NA,NA,NA,NA,NA,NA,NA,NA,"""Bomb blast wounds 19 civilians near Salahuddin,"" Iraqi News, January 7, 2017.",NA,NA,START Primary Collection,-9,-9,0,-9,NA,Unknown ||  ||  ||  ||  || ,"01/07/2017: An explosive device detonated near families fleeing the Hamreen Mountains area outside Tikrit, Saladin, Iraq. At least 19 people were injured in the blast. No group claimed responsibility for the attack. || The specific motive is unknown; however, sources stated that the victims were attempting to leave areas controlled by the Islamic State of Iraq and the Levant (ISIL) at the time of the attack. || ",2017,FALSE,FALSE,TRUE,TRUE,TRUE,FALSE,FALSE,TRUE,6,FALSE,TRUE,TRUE,probable_inspired,high_score_text_claim_signal
data/globalterrorismdb_0522dist.csv,201701090031,2017,1,9,NA,0,NA,95,Iraq,10,Middle East & North Africa,Saladin,Tikrit,35.0325,43.646389,1,1,The incident occurred in the Hamreen mountains.,"01/09/2017: An explosive device detonated near families fleeing the Hamreen Mountains area outside Tikrit, Saladin, Iraq. At least 15 people were killed in the blast. No group claimed responsibility for the attack.",1,1,1,0,NA,NA,0,1,0,3,Bombing/Explosion,NA,NA,NA,NA,14,Private Citizens & Property,67,Unnamed Civilian/Unspecified,Not Applicable,Civilians,95,Iraq,NA,NA,NA,NA,NA,NA,NA,NA,NA,NA,NA,NA,NA,NA,NA,NA,Unknown,NA,NA,NA,NA,NA,"The specific motive is unknown; however, sources noted that the victims were attempting to leave areas controlled by the Islamic State of Iraq and the Levant (ISIL) at the time of the attack.",0,NA,NA,0,-99,0,0,NA,NA,NA,NA,NA,NA,NA,NA,NA,6,Explosives,16,Unknown Explosive Type,NA,NA,NA,NA,NA,NA,NA,NA,NA,NA,NA,NA,NA,15,0,0,0,0,0,0,NA,NA,NA,NA,0,NA,NA,NA,NA,NA,NA,NA,NA,NA,NA,NA,NA,NA,NA,NA,NA,"""Bomb blast kills 15 persons while fleeing east of Tikrit,"" Iraqi News, January 9, 2017.",NA,NA,START Primary Collection,-9,-9,0,-9,NA,Unknown ||  ||  ||  ||  || ,"01/09/2017: An explosive device detonated near families fleeing the Hamreen Mountains area outside Tikrit, Saladin, Iraq. At least 15 people were killed in the blast. No group claimed responsibility for the attack. || The specific motive is unknown; however, sources noted that the victims were attempting to leave areas controlled by the Islamic State of Iraq and the Levant (ISIL) at the time of the attack. || ",2017,FALSE,FALSE,TRUE,TRUE,TRUE,FALSE,FALSE,TRUE,6,FALSE,TRUE,TRUE,probable_inspired,high_score_text_claim_signal
data/globalterrorismdb_0522dist.csv,201702120008,2017,2,12,"February 12, 2017",0,NA,95,Iraq,10,Middle East & North Africa,Nineveh,Saff at Tut,36.045,43.311667,1,0,NA,"02/12/2017: Assailants shot and killed a former member of the Islamic State of Iraq and the Levant (ISIL) in Saff at Tut, Nineveh, Iraq. No group claimed responsibility for the incident.",1,1,1,0,NA,NA,0,1,0,2,Armed Assault,NA,NA,NA,NA,14,Private Citizens & Property,77,Laborer (General)/Occupation Identified,Not Applicable,Former Islamic State in Iraq and the Levant (ISIL) Member,95,Iraq,NA,NA,NA,NA,NA,NA,NA,NA,NA,NA,NA,NA,NA,NA,NA,NA,Unknown,NA,NA,NA,NA,NA,NA,0,NA,NA,0,-99,0,0,NA,NA,NA,NA,NA,NA,NA,NA,NA,5,Firearms,5,Unknown Gun Type,NA,NA,NA,NA,NA,NA,NA,NA,NA,NA,NA,NA,NA,1,0,0,0,0,0,0,NA,NA,NA,NA,0,NA,NA,NA,NA,NA,NA,NA,NA,NA,NA,NA,NA,NA,NA,NA,NA,"""Iraq: Security Roundup 1900 GMT 12 February 2017,"" Summary, February 11, 2017.",NA,NA,START Primary Collection,-9,-9,0,-9,NA,Unknown ||  ||  ||  ||  || ,"02/12/2017: Assailants shot and killed a former member of the Islamic State of Iraq and the Levant (ISIL) in Saff at Tut, Nineveh, Iraq. No group claimed responsibility for the incident. ||  || ",2017,FALSE,FALSE,TRUE,TRUE,TRUE,FALSE,FALSE,TRUE,6,FALSE,TRUE,TRUE,probable_inspired,high_score_text_claim_signal
data/globalterrorismdb_0522dist.csv,201702260060,2017,2,26,"February 26, 2017",0,NA,95,Iraq,10,Middle East & North Africa,Kirkuk,Sayyid Khalaf,35.270833,43.846944,1,0,NA,"02/26/2017: An explosive device detonated targeting families fleeing the area in Sayyid Khalaf, Kirkuk, Iraq. At least one person was killed in the blast. No group claimed responsibility for the incident.",1,1,1,0,NA,NA,0,1,0,3,Bombing/Explosion,NA,NA,NA,NA,14,Private Citizens & Property,67,Unnamed Civilian/Unspecified,Not Applicable,Civilians,95,Iraq,NA,NA,NA,NA,NA,NA,NA,NA,NA,NA,NA,NA,NA,NA,NA,NA,Unknown,NA,NA,NA,NA,NA,"The specific motive is unknown; however, sources stated that the attack was intended to target civilians leaving areas controlled by the Islamic State of Iraq and the Levant (ISIL).",0,NA,NA,0,-99,0,0,NA,NA,NA,NA,NA,NA,NA,NA,NA,6,Explosives,16,Unknown Explosive Type,NA,NA,NA,NA,NA,NA,NA,NA,NA,NA,NA,NA,NA,1,0,0,0,0,0,0,NA,NA,NA,NA,0,NA,NA,NA,NA,NA,NA,NA,NA,NA,NA,NA,NA,NA,NA,NA,NA,"""Iraq: Security Roundup 1900 GMT 27 February 2017,"" Summary, February 24, 2017.",NA,NA,START Primary Collection,-9,-9,0,-9,NA,Unknown ||  ||  ||  ||  || ,"02/26/2017: An explosive device detonated targeting families fleeing the area in Sayyid Khalaf, Kirkuk, Iraq. At least one person was killed in the blast. No group claimed responsibility for the incident. || The specific motive is unknown; however, sources stated that the attack was intended to target civilians leaving areas controlled by the Islamic State of Iraq and the Levant (ISIL). || ",2017,FALSE,FALSE,TRUE,TRUE,TRUE,FALSE,FALSE,TRUE,6,FALSE,TRUE,TRUE,probable_inspired,high_score_text_claim_signal
data/globalterrorismdb_0522dist.csv,201703260024,2017,3,26,"March 26, 2017",0,NA,95,Iraq,10,Middle East & North Africa,Saladin,Mutaybijah,34.093739,44.218171,1,0,The incident occurred in Dawr district.,"03/26/2017: An explosive device detonated in Mutaybijah, Saladin, Iraq. A member of the Islamic State of Iraq and the Levant (ISIL) who was passing by was killed in the blast. No group claimed responsibility for the incident.",1,1,1,0,NA,NA,0,1,0,3,Bombing/Explosion,NA,NA,NA,NA,20,Unknown,NA,NA,Unknown,Unknown,95,Iraq,NA,NA,NA,NA,NA,NA,NA,NA,NA,NA,NA,NA,NA,NA,NA,NA,Unknown,NA,NA,NA,NA,NA,NA,0,NA,NA,0,-99,0,0,NA,NA,NA,NA,NA,NA,NA,NA,NA,6,Explosives,16,Unknown Explosive Type,NA,NA,NA,NA,NA,NA,NA,NA,NA,NA,NA,NA,A roadside bomb was used in the attack.,1,0,1,0,0,0,0,NA,NA,NA,NA,0,NA,NA,NA,NA,NA,NA,NA,NA,NA,NA,NA,NA,NA,NA,NA,NA,"""Iraq: Security Roundup 1900 GMT 27 March 2017,"" Summary, March 25, 2017.",NA,NA,START Primary Collection,-9,-9,0,-9,NA,Unknown ||  ||  ||  ||  || ,"03/26/2017: An explosive device detonated in Mutaybijah, Saladin, Iraq. A member of the Islamic State of Iraq and the Levant (ISIL) who was passing by was killed in the blast. No group claimed responsibility for the incident. ||  || ",2017,FALSE,FALSE,TRUE,TRUE,TRUE,FALSE,FALSE,TRUE,6,FALSE,TRUE,TRUE,probable_inspired,high_score_text_claim_signal
data/globalterrorismdb_0522dist.csv,201706240007,2017,6,24,NA,0,NA,95,Iraq,10,Middle East & North Africa,Diyala,Himreen,34.100725,45.051958,1,0,The incident occurred in the Khanaqin district.,"06/24/2017: A roadside bomb detonated targeting civilians in Himreen, Khanaqin, Diyala, Iraq. Ten civilians were killed and six others were injured in the blast. No group claimed responsibility for the incident; however, sources believe the civilians were targeted for attempting to leave Islamic State of Iraq and the Levant (ISIL) controlled areas at the time of the attack.",1,1,1,0,NA,NA,0,1,0,3,Bombing/Explosion,NA,NA,NA,NA,14,Private Citizens & Property,67,Unnamed Civilian/Unspecified,Not Applicable,Civilians,95,Iraq,NA,NA,NA,NA,NA,NA,NA,NA,NA,NA,NA,NA,NA,NA,NA,NA,Unknown,NA,NA,NA,NA,NA,"The specific motive is unknown; however, sources noted that the targeted civilians were attempting to leave Islamic State of Iraq and the Levant (ISIL) controlled areas at the time of the attack.",0,NA,NA,0,-99,0,0,NA,NA,NA,NA,NA,NA,NA,NA,NA,6,Explosives,16,Unknown Explosive Type,NA,NA,NA,NA,NA,NA,NA,NA,NA,NA,NA,NA,A roadside bomb was used in the attack.,10,0,0,6,0,0,0,NA,NA,NA,NA,0,NA,NA,NA,NA,NA,NA,NA,NA,NA,NA,NA,NA,NA,NA,NA,NA,"""10 people fleeing IS-held town killed in bomb attack in Iraq,"" Xinhua General News Service, June 24, 2017.",NA,NA,START Primary Collection,-9,-9,0,-9,NA,Unknown ||  ||  ||  ||  || ,"06/24/2017: A roadside bomb detonated targeting civilians in Himreen, Khanaqin, Diyala, Iraq. Ten civilians were killed and six others were injured in the blast. No group claimed responsibility for the incident; however, sources believe the civilians were targeted for attempting to leave Islamic State of Iraq and the Levant (ISIL) controlled areas at the time of the attack. || The specific motive is unknown; however, sources noted that the targeted civilians were attempting to leave Islamic State of Iraq and the Levant (ISIL) controlled areas at the time of the attack. || ",2017,FALSE,FALSE,TRUE,TRUE,TRUE,FALSE,FALSE,TRUE,6,FALSE,TRUE,TRUE,probable_inspired,high_score_text_claim_signal
data/globalterrorismdb_0522dist.csv,201708050002,2017,8,5,"August 5, 2017",0,NA,95,Iraq,10,Middle East & North Africa,Kirkuk,Hawijah district,35.288593,43.837578,3,0,NA,"08/05/2017: Assailants opened fire on the family members of a former Islamic State in Iraq and the Levant (ISIL) member at their residence in Hawijah district, Kirkuk, Iraq. At least five people were killed in the assault. No group claimed responsibility for the attack.",1,1,1,0,NA,NA,0,1,0,2,Armed Assault,NA,NA,NA,NA,14,Private Citizens & Property,77,Laborer (General)/Occupation Identified,Not Applicable,Family of Former Member of Islamic State in Iraq and the Levant (ISIL),95,Iraq,NA,NA,NA,NA,NA,NA,NA,NA,NA,NA,NA,NA,NA,NA,NA,NA,Unknown,NA,NA,NA,NA,NA,"The specific motive is unknown; however, sources stated that the victims were relatives of a member of the Islamic State of Iraq and the Levant (ISIL) who was killed in 2016.",0,NA,NA,0,-99,0,0,NA,NA,NA,NA,NA,NA,NA,NA,NA,5,Firearms,5,Unknown Gun Type,NA,NA,NA,NA,NA,NA,NA,NA,NA,NA,NA,NA,NA,5,0,0,0,0,0,0,NA,NA,NA,NA,0,NA,NA,NA,NA,NA,NA,NA,NA,NA,NA,NA,NA,NA,NA,NA,NA,"""Iraq: Security Roundup 1900 GMT 06 August 2017,"" Summary, August 6, 2017.",NA,NA,START Primary Collection,-9,-9,0,-9,NA,Unknown ||  ||  ||  ||  || ,"08/05/2017: Assailants opened fire on the family members of a former Islamic State in Iraq and the Levant (ISIL) member at their residence in Hawijah district, Kirkuk, Iraq. At least five people were killed in the assault. No group claimed responsibility for the attack. || The specific motive is unknown; however, sources stated that the victims were relatives of a member of the Islamic State of Iraq and the Levant (ISIL) who was killed in 2016. || ",2017,FALSE,FALSE,TRUE,TRUE,TRUE,FALSE,FALSE,TRUE,6,FALSE,TRUE,TRUE,probable_inspired,high_score_text_claim_signal
data/globalterrorismdb_0522dist.csv,201708200033,2017,8,20,"August 20, 2017",0,NA,110,Lebanon,10,Middle East & North Africa,Beqaa,Baalbek,34.034915,36.227844,1,0,The incident occurred in the Baalbek district.,"08/20/2017: Suicide bombers attempted to detonate explosives targeting military personnel in Baalbek, Beqaa, Lebanon. The military thwarted the attack and an unknown number of assailants were killed. No group claimed responsibility for the incident; however, sources noted that the attack occurred as Lebanese security forces were carrying out military operations targeting the Islamic State of Iraq and the Levant (ISIL).",1,1,0,1,1,Insurgency/Guerilla Action,0,0,1,3,Bombing/Explosion,NA,NA,NA,NA,4,Military,34,"Military Personnel (soldiers, troops, officers, forces)",Lebanese Army,Soldiers,110,Lebanon,NA,NA,NA,NA,NA,NA,NA,NA,NA,NA,NA,NA,NA,NA,NA,NA,Unknown,NA,NA,NA,NA,NA,"The specific motive is unknown; however, sources noted that the attack occurred as Lebanese security forces were carrying out military operations targeting the Islamic State of Iraq and the Levant (ISIL).",0,NA,NA,0,-99,0,0,NA,NA,NA,NA,NA,NA,NA,NA,NA,6,Explosives,15,Vehicle,NA,NA,NA,NA,NA,NA,NA,NA,NA,NA,NA,NA,"Two explosives-laden vehicles, including a motorcycle, were used in the attack.",NA,0,NA,0,0,0,0,NA,NA,NA,NA,0,NA,NA,NA,NA,NA,NA,NA,NA,NA,NA,NA,NA,NA,NA,NA,NA,"""ISIL mine kills three Lebanese troops on Syrian border,"" Al Jazeera, August 20, 2017.",NA,NA,START Primary Collection,-9,-9,0,-9,NA,Unknown ||  ||  ||  ||  || ,"08/20/2017: Suicide bombers attempted to detonate explosives targeting military personnel in Baalbek, Beqaa, Lebanon. The military thwarted the attack and an unknown number of assailants were killed. No group claimed responsibility for the incident; however, sources noted that the attack occurred as Lebanese security forces were carrying out military operations targeting the Islamic State of Iraq and the Levant (ISIL). || The specific motive is unknown; however, sources noted that the attack occurred as Lebanese security forces were carrying out military operations targeting the Islamic State of Iraq and the Levant (ISIL). || ",2017,FALSE,FALSE,TRUE,TRUE,TRUE,FALSE,FALSE,TRUE,6,FALSE,TRUE,TRUE,probable_inspired,high_score_text_claim_signal
data/globalterrorismdb_0522dist.csv,201709040020,2017,9,4,"September 4, 2017",0,NA,95,Iraq,10,Middle East & North Africa,Kirkuk,Hawijah,35.326122,43.78081,1,0,NA,"09/04/2017: Assailants threw a grenade at the residence of an Islamic State of Iraq and the Levant (ISIL) leader in Hawijah, Kirkuk, Iraq. The ISIL member was unharmed; however, his son was injured in the blast. No group claimed responsibility for the incident.",1,0,1,1,3,Intra/Inter-group Conflict,0,1,0,3,Bombing/Explosion,NA,NA,NA,NA,17,Terrorists/Non-State Militia,93,Terrorist,Islamic State in Iraq and the Levant (ISIL),Residence of Security Leader,95,Iraq,NA,NA,NA,NA,NA,NA,NA,NA,NA,NA,NA,NA,NA,NA,NA,NA,Unknown,NA,NA,NA,NA,NA,NA,0,NA,NA,0,-99,0,0,NA,NA,NA,NA,NA,NA,NA,NA,NA,6,Explosives,7,Grenade,NA,NA,NA,NA,NA,NA,NA,NA,NA,NA,NA,NA,NA,0,0,0,1,0,0,0,NA,NA,NA,NA,0,NA,NA,NA,NA,NA,NA,NA,NA,NA,NA,NA,NA,NA,NA,NA,There is doubt that this incident meets terrorism-related criteria. The attack may have been the result of conflict between rival groups.,"""Hawija Operations Within Days; 97 Killed in Iraq,"" Antiwar.com, September 5, 2017.",NA,NA,START Primary Collection,-9,-9,0,-9,NA,Unknown ||  ||  ||  ||  || ,"09/04/2017: Assailants threw a grenade at the residence of an Islamic State of Iraq and the Levant (ISIL) leader in Hawijah, Kirkuk, Iraq. The ISIL member was unharmed; however, his son was injured in the blast. No group claimed responsibility for the incident. ||  || There is doubt that this incident meets terrorism-related criteria. The attack may have been the result of conflict between rival groups.",2017,FALSE,FALSE,TRUE,TRUE,TRUE,FALSE,FALSE,TRUE,6,FALSE,TRUE,TRUE,probable_inspired,high_score_text_claim_signal
data/globalterrorismdb_0522dist.csv,201709050025,2017,9,5,NA,0,NA,95,Iraq,10,Middle East & North Africa,Najaf,Najaf,32.025011,44.316335,1,0,NA,"09/05/2017: Assailants threw three grenades targeting Fadil al-Budayri, a Shia cleric, in Najaf, Iraq. Al-Budayri was injured while three aides were killed in the blasts. No group claimed responsibility for the incident.",1,1,1,0,NA,NA,0,0,0,1,Assassination,NA,NA,NA,NA,15,Religious Figures/Institutions,85,Religious Figure,Unknown,Shiite Cleric: Sheikh Fadel al-Bederi,95,Iraq,NA,NA,NA,NA,NA,NA,NA,NA,NA,NA,NA,NA,NA,NA,NA,NA,Unknown,NA,NA,NA,NA,NA,"The specific motive is unknown; however, sources noted that the attack occurred after Fadil al-Budayri criticized Hezbollah's decision to transport Islamic State of Iraq and the Levant (ISIL) members from Lebanon to areas in Syria near the Iraq border. Sources also stated that Iraqis who criticize Iran's policies will be targeted in attacks.",0,NA,NA,0,-99,0,0,NA,NA,NA,NA,NA,NA,NA,NA,NA,6,Explosives,7,Grenade,NA,NA,NA,NA,NA,NA,NA,NA,NA,NA,NA,NA,Three grenades were used in the attack.,3,0,0,1,0,0,0,NA,NA,NA,NA,0,NA,NA,NA,NA,NA,NA,NA,NA,NA,NA,NA,NA,NA,NA,NA,NA,"""Article Says Recent Assassination Attempt of Iraqi Shiite Cleric Shows Iranian Role in Iraqi Discord,"" Al-'Arab, September 10, 2017.","""Hundreds Flee ISIS Territory in Anbar; 43 Killed in Iraq,"" Antiwar.com, September 6, 2017.",NA,START Primary Collection,-9,-9,0,-9,NA,Unknown ||  ||  ||  ||  || ,"09/05/2017: Assailants threw three grenades targeting Fadil al-Budayri, a Shia cleric, in Najaf, Iraq. Al-Budayri was injured while three aides were killed in the blasts. No group claimed responsibility for the incident. || The specific motive is unknown; however, sources noted that the attack occurred after Fadil al-Budayri criticized Hezbollah's decision to transport Islamic State of Iraq and the Levant (ISIL) members from Lebanon to areas in Syria near the Iraq border. Sources also stated that Iraqis who criticize Iran's policies will be targeted in attacks. || ",2017,FALSE,FALSE,TRUE,TRUE,TRUE,FALSE,FALSE,TRUE,6,FALSE,TRUE,TRUE,probable_inspired,high_score_text_claim_signal
data/globalterrorismdb_0522dist.csv,201709120005,2017,9,12,NA,0,NA,95,Iraq,10,Middle East & North Africa,Nineveh,Mosul,36.354146,43.143571,1,0,The incident occurred in the Sukkar neighborhood.,"09/12/2017: Assailants raided a residence belonging to an Islamic State of Iraq and the Levant (ISIL) member's family in Sukkar neighborhood, Mosul, Nineveh, Iraq. Three people, including a member of ISIL's Hisbah division, were killed and one person was injured in the attack. No group claimed responsibility for the incident.",1,0,1,1,3,Intra/Inter-group Conflict,0,1,0,2,Armed Assault,NA,NA,NA,NA,17,Terrorists/Non-State Militia,93,Terrorist,Islamic State in Iraq and the Levant (ISIL),House of Member's Family,95,Iraq,NA,NA,NA,NA,NA,NA,NA,NA,NA,NA,NA,NA,NA,NA,NA,NA,Unknown,NA,NA,NA,NA,NA,"The specific motive is unknown; however, sources stated that the victims were targeted because they were related to Islamic State of Iraq and the Levant (ISIL) members.",0,NA,NA,0,-99,0,0,NA,NA,NA,NA,NA,NA,NA,NA,NA,5,Firearms,5,Unknown Gun Type,NA,NA,NA,NA,NA,NA,NA,NA,NA,NA,NA,NA,NA,3,0,0,1,0,0,-9,NA,NA,NA,NA,0,NA,NA,NA,NA,NA,NA,NA,NA,NA,NA,NA,NA,NA,NA,NA,There is doubt that this incident meets terrorism-related criteria. The attack may have been the result of conflict between rival groups.,"""Gunmen kill Islamic State-linked family in eastern Mosul,"" Iraqi News, September 12, 2017.",NA,NA,START Primary Collection,-9,-9,0,-9,NA,Unknown ||  ||  ||  ||  || ,"09/12/2017: Assailants raided a residence belonging to an Islamic State of Iraq and the Levant (ISIL) member's family in Sukkar neighborhood, Mosul, Nineveh, Iraq. Three people, including a member of ISIL's Hisbah division, were killed and one person was injured in the attack. No group claimed responsibility for the incident. || The specific motive is unknown; however, sources stated that the victims were targeted because they were related to Islamic State of Iraq and the Levant (ISIL) members. || There is doubt that this incident meets terrorism-related criteria. The attack may have been the result of conflict between rival groups.",2017,FALSE,FALSE,TRUE,TRUE,TRUE,FALSE,FALSE,TRUE,6,FALSE,TRUE,TRUE,probable_inspired,high_score_text_claim_signal
data/globalterrorismdb_0522dist.csv,201709160009,2017,9,16,"September 16, 2017",0,NA,95,Iraq,10,Middle East & North Africa,Kirkuk,Hawijah,35.326122,43.78081,1,1,NA,"09/16/2017: An explosive device detonated against a vehicle belonging to an Islamic State in Iraq and the Levant (ISIL) member's family near Hawijah, Kirkuk, Iraq. Five people were killed in the blast. No group claimed responsibility for the incident.",1,0,1,1,3,Intra/Inter-group Conflict,0,1,0,3,Bombing/Explosion,NA,NA,NA,NA,17,Terrorists/Non-State Militia,93,Terrorist,Islamic State in Iraq and the Levant (ISIL),Vehicle of Family of Member,95,Iraq,NA,NA,NA,NA,NA,NA,NA,NA,NA,NA,NA,NA,NA,NA,NA,NA,Unknown,NA,NA,NA,NA,NA,"The specific motive is unknown; however, sources stated that the victims were related to Islamic State of Iraq and the Levant (ISIL) members. Sources also noted that the victims were attempting to leave the area at the time of the attack.",0,NA,NA,0,-99,0,0,NA,NA,NA,NA,NA,NA,NA,NA,NA,6,Explosives,16,Unknown Explosive Type,NA,NA,NA,NA,NA,NA,NA,NA,NA,NA,NA,NA,A roadside bomb was used in the attack.,5,0,0,0,0,0,0,NA,NA,NA,NA,0,NA,NA,NA,NA,NA,NA,NA,NA,NA,NA,NA,NA,NA,NA,NA,There is doubt that this incident meets terrorism-related criteria. The attack may have been the result of conflict between rival groups.,"""Two senior IS terrorist killed in Iraq,"" Asian News International (ANI), September 16, 2017.",NA,NA,START Primary Collection,-9,-9,0,-9,NA,Unknown ||  ||  ||  ||  || ,"09/16/2017: An explosive device detonated against a vehicle belonging to an Islamic State in Iraq and the Levant (ISIL) member's family near Hawijah, Kirkuk, Iraq. Five people were killed in the blast. No group claimed responsibility for the incident. || The specific motive is unknown; however, sources stated that the victims were related to Islamic State of Iraq and the Levant (ISIL) members. Sources also noted that the victims were attempting to leave the area at the time of the attack. || There is doubt that this incident meets terrorism-related criteria. The attack may have been the result of conflict between rival groups.",2017,FALSE,FALSE,TRUE,TRUE,TRUE,FALSE,FALSE,TRUE,6,FALSE,TRUE,TRUE,probable_inspired,high_score_text_claim_signal
data/globalterrorismdb_0522dist.csv,201710010010,2017,10,1,NA,0,NA,69,France,8,Western Europe,Provence-Alpes-Cote d'Azur,Marseille,43.317193,5.390103,1,0,The incident occurred outside of Saint Charles train station.,"10/01/2017: An assailant stabbed two civilians at the French National Railway Corporation (SNCF) Saint Charles Train Station in Marseille, Provence-Alpes-Cote d'Azur, France. At least three people, including both civilians and the assailant, were killed in the assault. The Islamic State of Iraq and the Levant (ISIL) news outlet, Amaq News Agency, claimed that the assailant, identified as Ahmed Hanachi, was one of the group's ""soldiers.""",1,1,1,0,NA,NA,0,1,0,2,Armed Assault,NA,NA,NA,NA,19,Transportation,100,Train/Train Tracks/Trolley,French National Railway Corporation (SNCF),Marseille Saint Charles Train Station,69,France,NA,NA,NA,NA,NA,NA,NA,NA,NA,NA,NA,NA,NA,NA,NA,NA,Unknown,NA,NA,NA,NA,NA,NA,0,NA,NA,1,1,0,0,NA,NA,NA,NA,NA,NA,NA,NA,NA,9,Melee,23,Knife or Other Sharp Object,NA,NA,NA,NA,NA,NA,NA,NA,NA,NA,NA,NA,A knife was used in the attack.,3,0,1,0,0,0,0,NA,NA,NA,NA,0,NA,NA,NA,NA,NA,NA,NA,NA,NA,NA,NA,NA,NA,NA,NA,NA,"""Marseille: Fatal Knife Attack at Train Station, Assailant Cried ""Allahu Akbar"", Slit Women's Throats,"" BBC, October 1, 2017.","""Two dead in knife attack at France's Marseille,"" Al Jazeera, October 1, 2017.","""Washington - Islamic State group claims responsibility for Marseille attack: SITE,"" AFP (North European Service), October 1, 2017.",START Primary Collection,-9,-9,0,-9,NA,Unknown ||  ||  ||  ||  || ,"10/01/2017: An assailant stabbed two civilians at the French National Railway Corporation (SNCF) Saint Charles Train Station in Marseille, Provence-Alpes-Cote d'Azur, France. At least three people, including both civilians and the assailant, were killed in the assault. The Islamic State of Iraq and the Levant (ISIL) news outlet, Amaq News Agency, claimed that the assailant, identified as Ahmed Hanachi, was one of the group's ""soldiers."" ||  || ",2017,FALSE,FALSE,TRUE,TRUE,TRUE,FALSE,FALSE,TRUE,6,FALSE,TRUE,TRUE,probable_inspired,high_score_text_claim_signal
data/globalterrorismdb_0522dist.csv,201710050022,2017,10,5,NA,0,NA,69,France,8,Western Europe,Ile-de-France,Paris,48.856642,2.34233,1,0,"The incident occurred in the Paris, 16e arrondissement neighborhood.","10/05/2017: Assailants attempted to set containers of petrol on fire under cement trucks at a LafargeHolcim facility in 16e arrondissement neighborhood, Paris, France. The containers failed to ignite and there were no reported casualties in the attack. No group claimed responsibility for the incident.",1,1,1,0,NA,NA,0,0,0,7,Facility/Infrastructure Attack,NA,NA,NA,NA,1,Business,12,Construction,LafargeHolcim,Cement Trucks,69,France,NA,NA,NA,NA,NA,NA,NA,NA,NA,NA,NA,NA,NA,NA,NA,NA,Unknown,NA,NA,NA,NA,NA,"The specific motive is unknown; however, sources noted that LafargeHolcim was under investigation over ""indirectly"" financing the Islamic State of Iraq and the Levant (ISIL) as well as other armed groups.",0,NA,NA,0,-99,0,0,NA,NA,NA,NA,NA,NA,NA,NA,NA,8,Incendiary,20,Gasoline or Alcohol,NA,NA,NA,NA,NA,NA,NA,NA,NA,NA,NA,NA,Gasoline was used in the attack.,0,0,0,0,0,0,0,NA,NA,NA,NA,0,NA,NA,NA,NA,NA,NA,NA,NA,NA,NA,NA,NA,NA,NA,NA,NA,"""Revision: Paris - French cement-maker targeted in Paris security scare,"" AFP (North European Service), October 5, 2017.","""Explosives found under LafargeHolcim cement trucks in Paris; Explosives found under LafargeHolcim cement trucks in Paris,"" The Canadian Press, October 5, 2017.","""Lorries of firm in Syria civil war row may have been targeted in 'arson bid',"" Irish Independent, October 5, 2017.",START Primary Collection,-9,-9,0,-9,NA,Unknown ||  ||  ||  ||  || ,"10/05/2017: Assailants attempted to set containers of petrol on fire under cement trucks at a LafargeHolcim facility in 16e arrondissement neighborhood, Paris, France. The containers failed to ignite and there were no reported casualties in the attack. No group claimed responsibility for the incident. || The specific motive is unknown; however, sources noted that LafargeHolcim was under investigation over ""indirectly"" financing the Islamic State of Iraq and the Levant (ISIL) as well as other armed groups. || ",2017,FALSE,FALSE,TRUE,TRUE,TRUE,FALSE,FALSE,TRUE,6,FALSE,TRUE,TRUE,probable_inspired,high_score_text_claim_signal
data/globalterrorismdb_0522dist.csv,201710080007,2017,10,8,NA,0,NA,95,Iraq,10,Middle East & North Africa,Al Anbar,Hadithah,34.260719,42.483326,1,0,NA,"10/08/2017: Assailants opened fire on 'Abbas Fadil al-Jughayfi at his residence in Hadithah, Al Anbar, Iraq. Al-Jughayfi, an Anbar University professor and Faculty of Education assistant dean, was killed in the assault. No group claimed responsibility for the attack.",1,1,1,0,NA,NA,0,1,0,2,Armed Assault,NA,NA,NA,NA,8,Educational Institution,48,Teacher/Professor/Instructor,Anbar University,House of Arabic Professor: 'Abbas Fadil al-Jughayfi,95,Iraq,NA,NA,NA,NA,NA,NA,NA,NA,NA,NA,NA,NA,NA,NA,NA,NA,Unknown,NA,NA,NA,NA,NA,"The specific motive is unknown; however, sources noted that ‘Abbas Fadil al-Jughayfi was supportive of military operations against the Islamic State of Iraq and the Levant (ISIL).",0,NA,NA,0,-99,0,0,NA,NA,NA,NA,NA,NA,NA,NA,NA,5,Firearms,5,Unknown Gun Type,NA,NA,NA,NA,NA,NA,NA,NA,NA,NA,NA,NA,NA,1,0,0,0,0,0,0,NA,NA,NA,NA,0,NA,NA,NA,NA,NA,NA,NA,NA,NA,NA,NA,NA,NA,NA,NA,NA,"""Iraq: Roundup of Violent Activities Targeting Civilians 3-9 October 2017,"" Summary, October 3, 2017.","""Gunmen Assassinate A University Professor In Haditha District West Of Anbar,"" National Iraqi News Agency (NINA), October 8, 2017.",NA,START Primary Collection,-9,-9,0,-9,NA,Unknown ||  ||  ||  ||  || ,"10/08/2017: Assailants opened fire on 'Abbas Fadil al-Jughayfi at his residence in Hadithah, Al Anbar, Iraq. Al-Jughayfi, an Anbar University professor and Faculty of Education assistant dean, was killed in the assault. No group claimed responsibility for the attack. || The specific motive is unknown; however, sources noted that ‘Abbas Fadil al-Jughayfi was supportive of military operations against the Islamic State of Iraq and the Levant (ISIL). || ",2017,FALSE,FALSE,TRUE,TRUE,TRUE,FALSE,FALSE,TRUE,6,FALSE,TRUE,TRUE,probable_inspired,high_score_text_claim_signal
data/globalterrorismdb_0522dist.csv,201711070053,2017,11,8,"November 1-15, 2017",0,NA,200,Syria,10,Middle East & North Africa,Raqqah,Raqqah,35.951521,39.009562,1,1,NA,"11/00/2017: Sometime between November 1, 2017 and November 15, 2017, an explosive device detonated as coalition military personnel disarmed devices at a hospital near Raqqah city, Syria. Chief Petty Officer Kenton Stacey, a United States Navy explosive ordinance disposal (EOD) technician, was injured in the blast. No group claimed responsibility for the incident; however, sources stated that the hospital was located in an area previously controlled by the Islamic State of Iraq and the Levant (ISIL).",1,1,1,0,NA,NA,0,1,0,3,Bombing/Explosion,NA,NA,NA,NA,1,Business,6,Medical/Pharmaceutical,Unknown,Hospital,200,Syria,4,Military,34,"Military Personnel (soldiers, troops, officers, forces)",Combined Joint Task Force – Operation Inherent Resolve (CJTF-OIR),Personnel,422,International,NA,NA,NA,NA,NA,NA,NA,NA,Unknown,NA,NA,NA,NA,NA,NA,0,NA,NA,0,-99,0,0,NA,NA,NA,NA,NA,NA,NA,NA,NA,6,Explosives,16,Unknown Explosive Type,NA,NA,NA,NA,NA,NA,NA,NA,NA,NA,NA,NA,At least eight explosive devices were used in the attack.,0,0,0,1,1,0,1,4,Unknown,-99,A hospital was damaged in this attack.,0,NA,NA,NA,NA,NA,NA,NA,NA,NA,NA,NA,NA,NA,NA,NA,NA,"""How medical professionals saved Navy EOD Tech CPO Kenton Stacy,"" KHOU, February 22, 2018.","""Details surface about the operator saved by the soldier honored at the SOTU address,"" PopularMilitary.com, January 31, 2018.","""Greenville grad, explosive ordnance disposal tech hit by IED in Syria,"" WHIO TV 7, November 17, 2017.",START Primary Collection,-9,-9,1,1,NA,Unknown ||  ||  ||  ||  || ,"11/00/2017: Sometime between November 1, 2017 and November 15, 2017, an explosive device detonated as coalition military personnel disarmed devices at a hospital near Raqqah city, Syria. Chief Petty Officer Kenton Stacey, a United States Navy explosive ordinance disposal (EOD) technician, was injured in the blast. No group claimed responsibility for the incident; however, sources stated that the hospital was located in an area previously controlled by the Islamic State of Iraq and the Levant (ISIL). ||  || ",2017,FALSE,FALSE,TRUE,TRUE,TRUE,FALSE,FALSE,TRUE,6,FALSE,TRUE,TRUE,probable_inspired,high_score_text_claim_signal
data/globalterrorismdb_0522dist.csv,201711210007,2017,11,21,NA,0,NA,95,Iraq,10,Middle East & North Africa,Al Anbar,Hadithah,34.160588,42.37254,1,0,NA,"11/21/2017: Security forces identified and arrested two female suicide bombers targeting the residence of a top security forces commander in Hadithah, Al Anbar, Iraq. No group claimed responsibility for the incident.",1,1,0,1,1,Insurgency/Guerilla Action,0,0,1,3,Bombing/Explosion,NA,NA,NA,NA,4,Military,34,"Military Personnel (soldiers, troops, officers, forces)",Iraqi Armed Forces,Residence of Commander,95,Iraq,NA,NA,NA,NA,NA,NA,NA,NA,NA,NA,NA,NA,NA,NA,NA,NA,Unknown,NA,NA,NA,NA,NA,"The specific motive is unknown; however, sources noted that the targeted security officer was involved in security operations against the Islamic State of Iraq and the Levant (ISIL).",0,NA,NA,0,2,2,0,NA,NA,NA,NA,NA,NA,NA,NA,NA,6,Explosives,13,Suicide (carried bodily by human being),NA,NA,NA,NA,NA,NA,NA,NA,NA,NA,NA,NA,Two explosives-laden belts were used in the attack.,0,0,0,0,0,0,0,NA,NA,NA,NA,0,NA,NA,NA,NA,NA,NA,NA,NA,NA,NA,NA,NA,NA,NA,NA,NA,"""Two young girls caught in Anbar before carrying out suicide bombing,"" Iraqi News, November 21, 2017.",NA,NA,START Primary Collection,-9,-9,0,-9,NA,Unknown ||  ||  ||  ||  || ,"11/21/2017: Security forces identified and arrested two female suicide bombers targeting the residence of a top security forces commander in Hadithah, Al Anbar, Iraq. No group claimed responsibility for the incident. || The specific motive is unknown; however, sources noted that the targeted security officer was involved in security operations against the Islamic State of Iraq and the Levant (ISIL). || ",2017,FALSE,FALSE,TRUE,TRUE,TRUE,FALSE,FALSE,TRUE,6,FALSE,TRUE,TRUE,probable_inspired,high_score_text_claim_signal
data/globalterrorismdb_0522dist.csv,201712130027,2017,12,13,NA,0,NA,95,Iraq,10,Middle East & North Africa,Nineveh,Mosul,36.354146,43.143571,1,1,The incident occurred in the Al-Askari area south of the city.,"12/13/2017: Assailants threw an explosive device at the residence of a relative of an Islamic State of Iraq and the Levant (ISIL) fighter in Al-Askari, Mosul, Nineveh, Iraq. Three people were injured in the blast. No group claimed responsibility for the incident.",1,0,1,1,3,Intra/Inter-group Conflict,0,1,0,3,Bombing/Explosion,NA,NA,NA,NA,17,Terrorists/Non-State Militia,93,Terrorist,Islamic State in Iraq and the Levant (ISIL),House of Relative of Member,95,Iraq,NA,NA,NA,NA,NA,NA,NA,NA,NA,NA,NA,NA,NA,NA,NA,NA,Unknown,NA,NA,NA,NA,NA,"The specific motive is unknown; however, sources noted that the targeted house belonged to the brother of an Islamic State of Iraq and the Levant (ISIL) member.",0,NA,NA,0,-99,0,0,NA,NA,NA,NA,NA,NA,NA,NA,NA,6,Explosives,16,Unknown Explosive Type,NA,NA,NA,NA,NA,NA,NA,NA,NA,NA,NA,NA,NA,0,0,0,3,0,0,1,3,Minor (likely < $1 million),-99,A house was damaged in this attack.,0,NA,NA,NA,NA,NA,NA,NA,NA,NA,NA,NA,NA,NA,NA,NA,There is doubt that this incident meets terrorism-related criteria. The attack may have been the result of conflict between rival groups.,"""ISIS Attacks Troops, Mass Grave Found; 68 Killed in Iraq,"" Antiwar.com, December 14, 2017.",NA,NA,START Primary Collection,-9,-9,0,-9,NA,Unknown ||  ||  ||  ||  || ,"12/13/2017: Assailants threw an explosive device at the residence of a relative of an Islamic State of Iraq and the Levant (ISIL) fighter in Al-Askari, Mosul, Nineveh, Iraq. Three people were injured in the blast. No group claimed responsibility for the incident. || The specific motive is unknown; however, sources noted that the targeted house belonged to the brother of an Islamic State of Iraq and the Levant (ISIL) member. || There is doubt that this incident meets terrorism-related criteria. The attack may have been the result of conflict between rival groups.",2017,FALSE,FALSE,TRUE,TRUE,TRUE,FALSE,FALSE,TRUE,6,FALSE,TRUE,TRUE,probable_inspired,high_score_text_claim_signal
data/globalterrorismdb_0522dist.csv,201712270001,2017,12,27,NA,0,NA,167,Russia,9,Eastern Europe,Saint Petersburg,Saint Petersburg,59.85337,30.348432,1,0,NA,"12/27/2017: An explosive device detonated at Perekryostok supermarket in Saint Petersburg, Russia. At least 18 people were injured in the blast. Dmitry Lukyanenko claimed responsibility for the incident and stated that he carried out the attack due to a ""hatred towards the organizers and followers of the psychological training sessions."" The Islamic State of Iraq and the Levant (ISIL) also claimed responsibility for the incident; however, the veracity of the claim could not be verified.",0,1,1,1,2,Other Crime Type,0,1,0,3,Bombing/Explosion,NA,NA,NA,NA,1,Business,7,Retail/Grocery/Bakery,Perekryostok,Supermarket,167,Russia,NA,NA,NA,NA,NA,NA,NA,NA,NA,NA,NA,NA,NA,NA,NA,NA,Unknown,NA,NA,NA,NA,NA,"An unaffiliated individual, identified as Dmitry Lukyanenko, claimed responsibility for the incident and stated that he carried out the attack due to ""hatred towards the organizers and followers of the psychological training sessions.""",0,NA,NA,1,1,1,1,8,Personal claim,NA,NA,NA,NA,NA,NA,NA,6,Explosives,17,Other Explosive Type,NA,NA,NA,NA,NA,NA,NA,NA,NA,NA,NA,NA,A homemade explosive device containing the equivalent of 200 grams of TNT and hidden inside a locker was used in the attack.,0,0,0,18,0,0,1,3,Minor (likely < $1 million),-99,A store was damaged in this attack.,0,NA,NA,NA,NA,NA,NA,NA,NA,NA,NA,NA,NA,NA,NA,NA,"There is doubt that this incident meets terrorism-related criteria. Lukyanenko stated that he wanted to draw attention to his mistreatment by the organizers of ""psychological training sessions"" that he had attended. Additionally, Lukyanenko had been monitored previously for mental health issues. Casualty numbers conflict across sources. Following GTD protocol, the most recent reliable estimates are reported here.","""St Petersburg man charged over bombing,"" BBC, January 2, 2018.","""BBC Online: St Petersburg Supermarket Blast Injures at Least 10 Shoppers,"" BBC Online, December 27, 2017.","""update St. Petersburg Supermarket Bombing Suspect Charged With Terrorism,"" Radio Free Europe, December 31, 2017.",START Primary Collection,-9,-9,0,-9,NA,Unknown ||  ||  ||  ||  || ,"12/27/2017: An explosive device detonated at Perekryostok supermarket in Saint Petersburg, Russia. At least 18 people were injured in the blast. Dmitry Lukyanenko claimed responsibility for the incident and stated that he carried out the attack due to a ""hatred towards the organizers and followers of the psychological training sessions."" The Islamic State of Iraq and the Levant (ISIL) also claimed responsibility for the incident; however, the veracity of the claim could not be verified. || An unaffiliated individual, identified as Dmitry Lukyanenko, claimed responsibility for the incident and stated that he carried out the attack due to ""hatred towards the organizers and followers of the psychological training sessions."" || There is doubt that this incident meets terrorism-related criteria. Lukyanenko stated that he wanted to draw attention to his mistreatment by the organizers of ""psychological training sessions"" that he had attended. Additionally, Lukyanenko had been monitored previously for mental health issues. Casualty numbers conflict across sources. Following GTD protocol, the most recent reliable estimates are reported here.",2017,FALSE,FALSE,TRUE,TRUE,TRUE,FALSE,TRUE,TRUE,8,FALSE,TRUE,TRUE,probable_inspired,high_score_text_claim_signal
data/globalterrorismdb_0522dist.csv,201805290036,2018,5,29,NA,1,NA,182,Somalia,11,Sub-Saharan Africa,Lower Shebelle,Fino,1.876646,44.247902,2,0,NA,"05/29/2018: Assailants abducted and tortured seven civilians, including five Kenyan and two Tanzanian civilians, in Fino, Lower Shebelle, Somalia. The outcome of the kidnapping is unknown. This was one of two related attacks in the town on this date. No group claimed responsibility for the incident; however, sources attributed the attack to Al-Shabaab and noted that the victims were accused of having connections to the Islamic State of Iraq and the Levant (ISIL).",1,1,1,0,NA,NA,1,1,0,6,Hostage Taking (Kidnapping),NA,NA,NA,NA,14,Private Citizens & Property,67,Unnamed Civilian/Unspecified,Not Applicable,Civilians,104,Kenya,14,Private Citizens & Property,67,Unnamed Civilian/Unspecified,Not Applicable,Civilians,203,Tanzania,NA,NA,NA,NA,NA,NA,NA,NA,Al-Shabaab,NA,NA,NA,NA,NA,"The specific motive is unknown; however, sources stated that the victims were targeted because they were accused of having connections to the Islamic State of Iraq and the Levant (ISIL).",0,NA,NA,0,-99,0,0,NA,NA,NA,NA,NA,NA,NA,NA,NA,13,Unknown,NA,NA,NA,NA,NA,NA,NA,NA,NA,NA,NA,NA,NA,NA,NA,NA,0,0,NA,0,0,0,NA,NA,NA,NA,1,7,0,NA,-99,NA,NA,0,NA,NA,NA,NA,NA,7,Unknown,-99,NA,"""Two Kenyans reportedly executed by al-Shabab in Somalia,"" The Star, May 31, 2018.",NA,NA,START Primary Collection,0,1,1,1,"201805290035, 201805290036",Al-Shabaab ||  ||  ||  ||  || ,"05/29/2018: Assailants abducted and tortured seven civilians, including five Kenyan and two Tanzanian civilians, in Fino, Lower Shebelle, Somalia. The outcome of the kidnapping is unknown. This was one of two related attacks in the town on this date. No group claimed responsibility for the incident; however, sources attributed the attack to Al-Shabaab and noted that the victims were accused of having connections to the Islamic State of Iraq and the Levant (ISIL). || The specific motive is unknown; however, sources stated that the victims were targeted because they were accused of having connections to the Islamic State of Iraq and the Levant (ISIL). || ",2018,FALSE,FALSE,FALSE,TRUE,TRUE,FALSE,FALSE,TRUE,5,FALSE,FALSE,TRUE,probable_inspired,high_score_text_claim_signal
data/globalterrorismdb_0522dist.csv,201810310001,2018,10,31,NA,0,NA,167,Russia,9,Eastern Europe,Arkhangelsk,Arkhangelsk,64.547251,40.560155,1,0,NA,"10/31/2018: A suicide bomber detonated an explosive device after entering the Federal Security Bureau (FSB) office in Arkhangelsk, Russia. The assailant was killed and three people were injured in the blast. In a message prior to the attack, the assailant identified himself as an anarchist and stated that he targeted the Federal Security Bureau (FSB) because it ""fakes cases and tortures people.""",1,1,1,0,NA,NA,0,1,1,3,Bombing/Explosion,NA,NA,NA,NA,2,Government (General),20,Intelligence,Federal Security Service (FSB),Office,167,Russia,NA,NA,NA,NA,NA,NA,NA,NA,NA,NA,NA,NA,NA,NA,NA,NA,Anarchists,NA,NA,NA,NA,NA,"An anarchist, identified as Mikhail Zhlobitsky, claimed responsibility for the incident and stated that the Federal Security Bureau (FSB) was targeted because it ""fakes cases and tortures people.""",0,NA,NA,0,1,0,1,7,"Posted to website, blog, etc.",NA,NA,NA,NA,NA,NA,NA,6,Explosives,17,Other Explosive Type,NA,NA,NA,NA,NA,NA,NA,NA,NA,NA,NA,NA,A homemade explosive device in a backpack was used in the attack.,1,0,1,3,0,0,-9,NA,NA,NA,NA,0,NA,NA,NA,NA,NA,NA,NA,NA,NA,NA,NA,NA,NA,NA,NA,"The Islamic State of Iraq and the Levant (ISIL) claimed responsibility for the incident; however, sources refuted the claim.","""Russia calls deadly bombing at intel building terrorist attack,"" Deutsche Presse-Agentur, October 31, 2018.","""Anarchists fear backlash after Russia bombing by teen attacker,"" South China Morning Post, November 5, 2018.","""Russian suicide bomb kills one and injures three in FSB offices; Teenager reportedly detonates device after entering HQ in north-west city of Arkhangelsk,"" The Guardian (London), October 31, 2018.",START Primary Collection,-9,-9,0,-9,NA,Anarchists ||  ||  ||  ||  || ,"10/31/2018: A suicide bomber detonated an explosive device after entering the Federal Security Bureau (FSB) office in Arkhangelsk, Russia. The assailant was killed and three people were injured in the blast. In a message prior to the attack, the assailant identified himself as an anarchist and stated that he targeted the Federal Security Bureau (FSB) because it ""fakes cases and tortures people."" || An anarchist, identified as Mikhail Zhlobitsky, claimed responsibility for the incident and stated that the Federal Security Bureau (FSB) was targeted because it ""fakes cases and tortures people."" || The Islamic State of Iraq and the Levant (ISIL) claimed responsibility for the incident; however, sources refuted the claim.",2018,FALSE,FALSE,FALSE,TRUE,TRUE,FALSE,TRUE,TRUE,7,FALSE,FALSE,TRUE,probable_inspired,high_score_text_claim_signal
data/globalterrorismdb_0522dist.csv,201801160030,2018,1,15,NA,0,NA,113,Libya,10,Middle East & North Africa,Tripoli,Tripoli,32.838048,13.182591,1,1,NA,"01/15/2018: Assailants attacked the Mitiga military airport near Tripoli, Libya. The assault was an attempt to release Tripoli Province of the Islamic State and Al-Qaeda prisoners held at the airport. At least 20 people were killed and 69 others were injured in the incident. No group claimed responsibility for the attack; however, sources attributed the attack to the Bashir al-Baqarah militia.",1,1,1,0,NA,NA,0,1,0,2,Armed Assault,NA,NA,NA,NA,4,Military,27,Military Barracks/Base/Headquarters/Checkpost,Armed Forces of Libya,Mitiga Military Airport,113,Libya,14,Private Citizens & Property,67,Unnamed Civilian/Unspecified,Not Applicable,Civilians,113,Libya,NA,NA,NA,NA,NA,NA,NA,NA,Bashir al-Baqarah militia,NA,NA,NA,NA,NA,NA,0,NA,NA,0,-99,0,0,NA,NA,NA,NA,NA,NA,NA,NA,NA,5,Firearms,5,Unknown Gun Type,NA,NA,NA,NA,NA,NA,NA,NA,NA,NA,NA,NA,NA,20,0,NA,69,0,NA,1,4,Unknown,-99,Planes were damaged in this attack.,0,NA,NA,NA,NA,NA,NA,NA,NA,NA,NA,NA,NA,NA,NA,NA,"Casualty numbers conflict across sources. Following GTD protocol, the most recent reliable estimates are reported here.","""Libyan Interim Government's Religious Body Blames Shaykh Al-Gharyani for Attack on Mitiga Airport,"" Al-Marsad, January 17, 2018.","""Death Toll of Libya's Airport Attack Hits 20,"" CNC World, January 16, 2018.","""Airport clashes leave 11 dead in Libyan capital,"" Anadolu Ajansi, January 15, 2018.",START Primary Collection,0,0,0,0,NA,Bashir al-Baqarah militia ||  ||  ||  ||  || ,"01/15/2018: Assailants attacked the Mitiga military airport near Tripoli, Libya. The assault was an attempt to release Tripoli Province of the Islamic State and Al-Qaeda prisoners held at the airport. At least 20 people were killed and 69 others were injured in the incident. No group claimed responsibility for the attack; however, sources attributed the attack to the Bashir al-Baqarah militia. ||  || Casualty numbers conflict across sources. Following GTD protocol, the most recent reliable estimates are reported here.",2018,FALSE,FALSE,FALSE,TRUE,TRUE,FALSE,FALSE,TRUE,5,FALSE,FALSE,TRUE,probable_inspired,high_score_text_claim_signal
data/globalterrorismdb_0522dist.csv,201804250021,2018,4,25,NA,0,NA,92,India,6,South Asia,Telangana,Pedamidisileru,18.086239,80.863539,1,1,The incident occurred between Taliperu and Pedamidisileru.,"04/25/2018: An explosive device detonated between Taliperu and Pedamidisileru, Telangana, India. There were no reported casualties in the blast. The Communist Party of India - Maoist (CPI-Maoist) claimed responsibility for the incident and stated that the attack was carried out in opposition to the Supreme Court of India's decision to dilute the Scheduled Castes and Scheduled Tribes Atrocities Prevention Act.",1,1,1,0,NA,NA,0,1,0,3,Bombing/Explosion,NA,NA,NA,NA,20,Unknown,NA,NA,Unknown,Unknown,92,India,NA,NA,NA,NA,NA,NA,NA,NA,NA,NA,NA,NA,NA,NA,NA,NA,Communist Party of India - Maoist (CPI-Maoist),NA,NA,NA,NA,NA,The Communist Party of India - Maoist (CPI-Maoist) claimed responsibility for the incident and stated that the attack was carried out in opposition to the Supreme Court of India's decision to dilute the Scheduled Castes and Scheduled Tribes Atrocities Prevention Act.,0,NA,NA,0,-99,0,1,5,Note left at scene,NA,NA,NA,NA,NA,NA,NA,6,Explosives,16,Unknown Explosive Type,NA,NA,NA,NA,NA,NA,NA,NA,NA,NA,NA,NA,A roadside bomb was used in the attack.,0,0,0,0,0,0,1,3,Minor (likely < $1 million),-99,A causeway was damaged in this attack.,0,NA,NA,NA,NA,NA,NA,NA,NA,NA,NA,NA,NA,NA,NA,NA,NA,"""Six Maoists held in Charla mandal,"" The Hindu, May 16, 2018.","""Maoists blast culvert, traffic movement hit,"" The Hindu, April 25, 2018.",NA,START Primary Collection,0,0,0,0,NA,Communist Party of India - Maoist (CPI-Maoist) ||  ||  ||  ||  || ,"04/25/2018: An explosive device detonated between Taliperu and Pedamidisileru, Telangana, India. There were no reported casualties in the blast. The Communist Party of India - Maoist (CPI-Maoist) claimed responsibility for the incident and stated that the attack was carried out in opposition to the Supreme Court of India's decision to dilute the Scheduled Castes and Scheduled Tribes Atrocities Prevention Act. || The Communist Party of India - Maoist (CPI-Maoist) claimed responsibility for the incident and stated that the attack was carried out in opposition to the Supreme Court of India's decision to dilute the Scheduled Castes and Scheduled Tribes Atrocities Prevention Act. || ",2018,FALSE,FALSE,FALSE,TRUE,FALSE,FALSE,TRUE,TRUE,5,FALSE,FALSE,TRUE,probable_inspired,high_score_text_claim_signal
data/globalterrorismdb_0522dist.csv,201801300036,2018,1,30,NA,0,NA,217,United States,1,North America,South Carolina,Anderson,34.521247,-82.647767,1,1,The incident occurred at the intersection of Travis road and Martin road.,"01/30/2018: An explosive device detonated at the intersection of Travis Road and Martin Road in Anderson, South Carolina, United States. AT least one person was injured in the blast. The assailant was identified as Wesley “Dallas” Ayers and sources noted that he was self-radicalized and read propaganda from Anwar al-Awlaki and Osama bin Laden, among others. Ayers also pledged allegiance to the Islamic State of Iraq and the Levant (ISIL).",1,1,1,0,NA,NA,0,1,0,3,Bombing/Explosion,NA,NA,NA,NA,14,Private Citizens & Property,67,Unnamed Civilian/Unspecified,Not Applicable,Civilians,217,United States,NA,NA,NA,NA,NA,NA,NA,NA,NA,NA,NA,NA,NA,NA,NA,NA,Jihadi-inspired extremists,NA,NA,NA,NA,NA,"An unaffiliated individual, identified as Wesley ""Dallas"" Ayers, claimed responsibility for the incident and pledged allegience to the Islamic State. Sources also noted that authoriies found propoganda by both Anwar al-Awlaki and Osama bin Laden on Ayers' computer.",0,NA,NA,1,1,1,1,8,Personal claim,NA,NA,NA,NA,NA,NA,NA,6,Explosives,16,Unknown Explosive Type,NA,NA,NA,NA,NA,NA,NA,NA,NA,NA,NA,NA,An explosive device placed in a basket along a road was used in the attack.,0,0,0,1,1,0,0,NA,NA,NA,NA,0,NA,NA,NA,NA,NA,NA,NA,NA,NA,NA,NA,NA,NA,NA,NA,"This was one of a series of attacks, including three explosive device attacks and three hoax attacks, carried out by Wesley “Dallas” Ayers between January 24 and February 24","""Anderson Co. serial bomber hid device in teddy bear, FBI says,"" NBC - 4 WCMH (Columbus, Ohio), June 18, 2019.",NA,NA,START Primary Collection,-9,-9,0,-9,NA,Jihadi-inspired extremists ||  ||  ||  ||  || ,"01/30/2018: An explosive device detonated at the intersection of Travis Road and Martin Road in Anderson, South Carolina, United States. AT least one person was injured in the blast. The assailant was identified as Wesley “Dallas” Ayers and sources noted that he was self-radicalized and read propaganda from Anwar al-Awlaki and Osama bin Laden, among others. Ayers also pledged allegiance to the Islamic State of Iraq and the Levant (ISIL). || An unaffiliated individual, identified as Wesley ""Dallas"" Ayers, claimed responsibility for the incident and pledged allegience to the Islamic State. Sources also noted that authoriies found propoganda by both Anwar al-Awlaki and Osama bin Laden on Ayers' computer. || This was one of a series of attacks, including three explosive device attacks and three hoax attacks, carried out by Wesley “Dallas” Ayers between January 24 and February 24",2018,FALSE,TRUE,FALSE,TRUE,TRUE,FALSE,TRUE,TRUE,9,TRUE,FALSE,TRUE,probable_inspired,high_score_text_claim_signal
data/globalterrorismdb_0522dist.csv,201802090012,2018,2,9,NA,0,NA,14,Australia,12,Australasia & Oceania,Victoria,Melbourne,-37.673883,145.075344,1,0,The incident occurred in the Callistemon Rise are of the Mill Park neighborhood.,"02/09/2018: An assailant stabbed Roger Singaravelu at his residence in Mill Park neighborhood, Melbourne, JVictoria, Australia. Singaravelu, who had served as a homestay host to the assailant, was injured in the assault. No group claimed responsibility for the incident; however, authorities arrested and charged Momena Shoma in connection with the attack and stated that Shoma was inspired by the Islamic State of Iraq and the Levant (ISIL).",1,1,1,0,NA,NA,0,1,0,2,Armed Assault,NA,NA,NA,NA,14,Private Citizens & Property,68,Named Civilian,Not Applicable,Civilian: Roger Singaravelu,14,Australia,NA,NA,NA,NA,NA,NA,NA,NA,NA,NA,NA,NA,NA,NA,NA,NA,Jihadi-inspired extremists,NA,NA,NA,NA,NA,"The specific motive is unknown; however, sources noted that the attack was inspired by the Islamic State of Iraq and the Levant (ISIL). Sources also noted that the assailant's sister admitted to being a member of the Jama'atul Mujahideen Bangladesh (JMB).",0,NA,NA,1,1,1,0,NA,NA,NA,NA,NA,NA,NA,NA,NA,9,Melee,23,Knife or Other Sharp Object,NA,NA,NA,NA,NA,NA,NA,NA,NA,NA,NA,NA,A knife was used in the attack.,0,0,0,1,0,0,0,NA,NA,NA,NA,0,NA,NA,NA,NA,NA,NA,NA,NA,NA,NA,NA,NA,NA,NA,NA,NA,"""Sister of Bangladeshi student accused of Melbourne stabbing arrested in Dhaka; Police say Asmaul Husna, 22, attacked officers with a knife when they tried to question her,"" The Guardian (London), February 14, 2018.","""USPACOM Web Operations Trend Report 9-15 February 2018,"" Summary, February 21, 2018.","""Woman who stabbed innocent man in ISIS-inspired just attack weeks after entering Australia attended the same university as notorious Islamic State terrorists,"" Mail Online UK, February 12, 2018.",START Primary Collection,-9,-9,0,-9,NA,Jihadi-inspired extremists ||  ||  ||  ||  || ,"02/09/2018: An assailant stabbed Roger Singaravelu at his residence in Mill Park neighborhood, Melbourne, JVictoria, Australia. Singaravelu, who had served as a homestay host to the assailant, was injured in the assault. No group claimed responsibility for the incident; however, authorities arrested and charged Momena Shoma in connection with the attack and stated that Shoma was inspired by the Islamic State of Iraq and the Levant (ISIL). || The specific motive is unknown; however, sources noted that the attack was inspired by the Islamic State of Iraq and the Levant (ISIL). Sources also noted that the assailant's sister admitted to being a member of the Jama'atul Mujahideen Bangladesh (JMB). || ",2018,FALSE,TRUE,FALSE,TRUE,TRUE,FALSE,FALSE,TRUE,7,TRUE,FALSE,TRUE,probable_inspired,high_score_text_claim_signal
data/globalterrorismdb_0522dist.csv,201802110023,2018,2,11,NA,0,NA,93,Indonesia,5,Southeast Asia,Yogyakarta,Sleman district,-7.732521,110.402376,3,0,NA,"02/11/2018: An assailant equipped with a sword attacked the St. Lidwina Catholic Church in Sleman district, Yogyakarta, Indonesia. Four people, including the church's priest, were injured in the assault before the assailant was shot and injured by police forces. No group claimed responsibility for the attack; however, sources stated that the assailant, Suliyono, had attempted to join the Islamic State of Iraq and the Levant (ISIL) in Syria.",1,1,1,0,NA,NA,0,1,0,2,Armed Assault,NA,NA,NA,NA,15,Religious Figures/Institutions,86,Place of Worship,St. Lidwina Catholic Church,Church,93,Indonesia,15,Religious Figures/Institutions,85,Religious Figure,St. Lidwina Catholic Church,Priest: Edmund Prier,75,Germany,NA,NA,NA,NA,NA,NA,NA,NA,Jihadi-inspired extremists,NA,NA,NA,NA,NA,"The specific motive is unknown; however, sources noted that the assailant, Suliyono, wanted to join the Islamic State of Iraq and the Levant (ISIL) in Syria.",0,NA,NA,1,1,1,0,NA,NA,NA,NA,NA,NA,NA,NA,NA,9,Melee,23,Knife or Other Sharp Object,NA,NA,NA,NA,NA,NA,NA,NA,NA,NA,NA,NA,A one-meter long sword was used in the attack.,0,0,0,5,0,1,1,3,Minor (likely < $1 million),-99,Unspecified property was damaged in this attack.,0,NA,NA,NA,NA,NA,NA,NA,NA,NA,NA,NA,NA,NA,NA,NA,NA,"""Indonesian church attacker thought to be a lone wolf,"" Straits Times, February 14, 2018.","""Indonesia church attacker wanted to join Islamic State: police,"" Hindustan Times, February 12, 2018.","""Police fire on man during sword attack on church in Indonesia, 4 injured; INDONESIA ATTACK,"" EFE Newswire - Americas in Focus, February 11, 2018.",START Primary Collection,-9,-9,1,1,NA,Jihadi-inspired extremists ||  ||  ||  ||  || ,"02/11/2018: An assailant equipped with a sword attacked the St. Lidwina Catholic Church in Sleman district, Yogyakarta, Indonesia. Four people, including the church's priest, were injured in the assault before the assailant was shot and injured by police forces. No group claimed responsibility for the attack; however, sources stated that the assailant, Suliyono, had attempted to join the Islamic State of Iraq and the Levant (ISIL) in Syria. || The specific motive is unknown; however, sources noted that the assailant, Suliyono, wanted to join the Islamic State of Iraq and the Levant (ISIL) in Syria. || ",2018,FALSE,TRUE,FALSE,TRUE,TRUE,FALSE,FALSE,TRUE,7,TRUE,FALSE,TRUE,probable_inspired,high_score_text_claim_signal
data/globalterrorismdb_0522dist.csv,201802120030,2018,2,12,NA,1,06/13/2018,183,South Africa,11,Sub-Saharan Africa,KwaZulu-Natal,Vryheid,-27.760292,30.808812,1,1,The incident occurred to the northeast of the town.,"02/12/2018: Assailants abducted Rodney Saunders and Rachel Saunders, two British-South African dual nationals, near Vryheid, KwaZulu-Natal, South Africa. Rodney Saunders was killed and his body was discovered on February 17, 2018 and Rachel Saunders was killed on June 13, 2018. No group claimed responsibility for the incident; however, authorities arrested two people in connection with the kidnapping and stated that the assailants were inspired by the Islamic State of Iraq and the Levant (ISIL).",1,1,1,0,NA,NA,0,1,0,6,Hostage Taking (Kidnapping),NA,NA,NA,NA,14,Private Citizens & Property,68,Named Civilian,Not Applicable,"Civilians: Rodney Saunders, Rachel Saunders",216,Great Britain,NA,NA,NA,NA,NA,NA,NA,NA,NA,NA,NA,NA,NA,NA,NA,NA,Jihadi-inspired extremists,NA,NA,NA,NA,NA,"The specific motive is unknown; however, sources noted that the assailants raised an Islamic State of Iraq and the Levant (ISIL) flag in the area of the abduction.",0,NA,NA,1,-99,2,0,NA,NA,NA,NA,NA,NA,NA,NA,NA,13,Unknown,NA,NA,NA,NA,NA,NA,NA,NA,NA,NA,NA,NA,NA,NA,NA,2,0,0,0,0,0,1,3,Minor (likely < $1 million),-99,A cell phone was stolen in this attack.,1,2,0,NA,121,NA,NA,-9,NA,NA,NA,NA,NA,6,Combination,0,NA,"""Body Of Second Vanished Briton Found In S.Africa,"" AFP (World Service), June 14, 2018.","""Body Identified After British Couple Go Missing In S.Africa,"" AFP (World Service), April 25, 2018.","""Suspected ISIS Couple Appears In KZN Court,"" News24, March 1, 2018.",START Primary Collection,-9,-9,1,1,NA,Jihadi-inspired extremists ||  ||  ||  ||  || ,"02/12/2018: Assailants abducted Rodney Saunders and Rachel Saunders, two British-South African dual nationals, near Vryheid, KwaZulu-Natal, South Africa. Rodney Saunders was killed and his body was discovered on February 17, 2018 and Rachel Saunders was killed on June 13, 2018. No group claimed responsibility for the incident; however, authorities arrested two people in connection with the kidnapping and stated that the assailants were inspired by the Islamic State of Iraq and the Levant (ISIL). || The specific motive is unknown; however, sources noted that the assailants raised an Islamic State of Iraq and the Levant (ISIL) flag in the area of the abduction. || ",2018,FALSE,TRUE,FALSE,TRUE,TRUE,FALSE,FALSE,TRUE,7,TRUE,FALSE,TRUE,probable_inspired,high_score_text_claim_signal
data/globalterrorismdb_0522dist.csv,201802150038,2018,2,15,NA,0,NA,217,United States,1,North America,South Carolina,Anderson,34.521247,-82.647767,1,1,The incident occurred along Little Mountain road.,"02/15/2018: An explosive device was discovered and defused along Little Mountain Road in Anderson, South Carolina, United States. The assailant was identified as Wesley “Dallas” Ayers and sources noted that he was self-radicalized and read propaganda from Anwar al-Awlaki and Osama bin Laden, among others. Ayers also pledged allegiance to the Islamic State of Iraq and the Levant (ISIL).",1,1,1,0,NA,NA,0,0,0,3,Bombing/Explosion,NA,NA,NA,NA,14,Private Citizens & Property,67,Unnamed Civilian/Unspecified,Not Applicable,Civilians,217,United States,NA,NA,NA,NA,NA,NA,NA,NA,NA,NA,NA,NA,NA,NA,NA,NA,Jihadi-inspired extremists,NA,NA,NA,NA,NA,"An unaffiliated individual, identified as Wesley ""Dallas"" Ayers, claimed responsibility for the incident and pledged allegience to the Islamic State. Sources also noted that authoriies found propoganda by both Anwar al-Awlaki and Osama bin Laden on Ayers' computer.",0,NA,NA,1,1,1,1,8,Personal claim,NA,NA,NA,NA,NA,NA,NA,6,Explosives,31,Pipe Bomb,NA,NA,NA,NA,NA,NA,NA,NA,NA,NA,NA,NA,A pipe bomb containing nails and hidden inside a teddy bear along a road was used in the attack.,0,0,0,0,0,0,0,NA,NA,NA,NA,0,NA,NA,NA,NA,NA,NA,NA,NA,NA,NA,NA,NA,NA,NA,NA,"This was one of a series of attacks, including three explosive device attacks and three hoax attacks, carried out by Wesley “Dallas” Ayers between January 24 and February 24","""Anderson Co. serial bomber hid device in teddy bear, FBI says,"" NBC - 4 WCMH (Columbus, Ohio), June 18, 2019.",NA,NA,START Primary Collection,-9,-9,0,-9,NA,Jihadi-inspired extremists ||  ||  ||  ||  || ,"02/15/2018: An explosive device was discovered and defused along Little Mountain Road in Anderson, South Carolina, United States. The assailant was identified as Wesley “Dallas” Ayers and sources noted that he was self-radicalized and read propaganda from Anwar al-Awlaki and Osama bin Laden, among others. Ayers also pledged allegiance to the Islamic State of Iraq and the Levant (ISIL). || An unaffiliated individual, identified as Wesley ""Dallas"" Ayers, claimed responsibility for the incident and pledged allegience to the Islamic State. Sources also noted that authoriies found propoganda by both Anwar al-Awlaki and Osama bin Laden on Ayers' computer. || This was one of a series of attacks, including three explosive device attacks and three hoax attacks, carried out by Wesley “Dallas” Ayers between January 24 and February 24",2018,FALSE,TRUE,FALSE,TRUE,TRUE,FALSE,TRUE,TRUE,9,TRUE,FALSE,TRUE,probable_inspired,high_score_text_claim_signal
data/globalterrorismdb_0522dist.csv,201802240046,2018,2,24,NA,0,NA,217,United States,1,North America,South Carolina,Anderson,34.521247,-82.647767,1,1,The incident occurred at the intersection of Little Mountain road and Travis road.,"02/24/2018: An explosive device was discovered and defused at the intersection of Travis Road and Little Mountain Road in Anderson, South Carolina, United States. The assailant was identified as Wesley “Dallas” Ayers and sources noted that he was self-radicalized and read propaganda from Anwar al-Awlaki and Osama bin Laden, among others. Ayers also pledged allegiance to the Islamic State of Iraq and the Levant (ISIL).",1,1,1,0,NA,NA,0,1,0,3,Bombing/Explosion,NA,NA,NA,NA,14,Private Citizens & Property,67,Unnamed Civilian/Unspecified,Not Applicable,Civilians,217,United States,NA,NA,NA,NA,NA,NA,NA,NA,NA,NA,NA,NA,NA,NA,NA,NA,Jihadi-inspired extremists,NA,NA,NA,NA,NA,"An unaffiliated individual, identified as Wesley ""Dallas"" Ayers, claimed responsibility for the incident and pledged allegience to the Islamic State. Sources also noted that authoriies found propoganda by both Anwar al-Awlaki and Osama bin Laden on Ayers' computer.",0,NA,NA,1,1,1,1,8,Personal claim,NA,NA,NA,NA,NA,NA,NA,6,Explosives,16,Unknown Explosive Type,NA,NA,NA,NA,NA,NA,NA,NA,NA,NA,NA,NA,A roadside bomb in a wooden box was used in the attack.,0,0,0,0,0,0,0,NA,NA,NA,NA,0,NA,NA,NA,NA,NA,NA,NA,NA,NA,NA,NA,NA,NA,NA,NA,"This was one of a series of attacks, including three explosive device attacks and three hoax attacks, carried out by Wesley “Dallas” Ayers between January 24 and February 24","""Anderson Co. serial bomber hid device in teddy bear, FBI says,"" NBC - 4 WCMH (Columbus, Ohio), June 18, 2019.",NA,NA,START Primary Collection,-9,-9,0,-9,NA,Jihadi-inspired extremists ||  ||  ||  ||  || ,"02/24/2018: An explosive device was discovered and defused at the intersection of Travis Road and Little Mountain Road in Anderson, South Carolina, United States. The assailant was identified as Wesley “Dallas” Ayers and sources noted that he was self-radicalized and read propaganda from Anwar al-Awlaki and Osama bin Laden, among others. Ayers also pledged allegiance to the Islamic State of Iraq and the Levant (ISIL). || An unaffiliated individual, identified as Wesley ""Dallas"" Ayers, claimed responsibility for the incident and pledged allegience to the Islamic State. Sources also noted that authoriies found propoganda by both Anwar al-Awlaki and Osama bin Laden on Ayers' computer. || This was one of a series of attacks, including three explosive device attacks and three hoax attacks, carried out by Wesley “Dallas” Ayers between January 24 and February 24",2018,FALSE,TRUE,FALSE,TRUE,TRUE,FALSE,TRUE,TRUE,9,TRUE,FALSE,TRUE,probable_inspired,high_score_text_claim_signal
data/globalterrorismdb_0522dist.csv,201803050026,2018,3,5,NA,0,NA,217,United States,1,North America,Utah,St. George,37.076956,-113.57703,1,0,NA,"03/05/2018: An assailant attempted to detonate an explosive device inside a backpack at Pine View High School in St. George, Utah, United States. There were no reported casualties as the device failed to detonate and was later defused. Martin Farnsworth, a student, was arrested and claimed responsibility for the incident, stating that he had been researching the Islamic State of Iraq and the Levant (ISIL) and intended to contact the group following the attack.",1,1,1,0,NA,NA,0,0,0,3,Bombing/Explosion,NA,NA,NA,NA,8,Educational Institution,49,School/University/Educational Building,Pine View High School,School,217,United States,NA,NA,NA,NA,NA,NA,NA,NA,NA,NA,NA,NA,NA,NA,NA,NA,Jihadi-inspired extremists,NA,NA,NA,NA,NA,"The specific motive is unknown; however, sources noted that the assailant had been researching the Islamic State of Iraq and the Levant (ISIL) and had previously written ""ISIS is comi"" and had raised an Islamic State flag at Hurricane High School.",0,NA,NA,1,1,1,1,8,Personal claim,NA,NA,NA,NA,NA,NA,NA,6,Explosives,17,Other Explosive Type,NA,NA,NA,NA,NA,NA,NA,NA,NA,NA,NA,NA,"A homemade explosive device constructed from a metal soup can, containing shotgun shells, BB pellets, black gunpowder, and three water bottles filled with gasoline, and placed inside a backpack was used in the attack.",0,0,0,0,0,0,0,NA,NA,NA,NA,0,NA,NA,NA,NA,NA,NA,NA,NA,NA,NA,NA,NA,NA,NA,NA,"The assailant also confessed to a previous act of vandalism at a school in Hurricane, Utah on February 15, 2018, in which he spray-painted graffiti and replaced the American flag with a homemade ISIL flag.","""Cops: Explosive device left by teen at Utah school could have been deadly,"" CBS News, March 7, 2018.",NA,NA,START Primary Collection,-9,-9,0,-9,NA,Jihadi-inspired extremists ||  ||  ||  ||  || ,"03/05/2018: An assailant attempted to detonate an explosive device inside a backpack at Pine View High School in St. George, Utah, United States. There were no reported casualties as the device failed to detonate and was later defused. Martin Farnsworth, a student, was arrested and claimed responsibility for the incident, stating that he had been researching the Islamic State of Iraq and the Levant (ISIL) and intended to contact the group following the attack. || The specific motive is unknown; however, sources noted that the assailant had been researching the Islamic State of Iraq and the Levant (ISIL) and had previously written ""ISIS is comi"" and had raised an Islamic State flag at Hurricane High School. || The assailant also confessed to a previous act of vandalism at a school in Hurricane, Utah on February 15, 2018, in which he spray-painted graffiti and replaced the American flag with a homemade ISIL flag.",2018,FALSE,TRUE,FALSE,TRUE,TRUE,FALSE,TRUE,TRUE,9,TRUE,FALSE,TRUE,probable_inspired,high_score_text_claim_signal
data/globalterrorismdb_0522dist.csv,201803120031,2018,3,12,NA,0,NA,217,United States,1,North America,Florida,Palm Beach Gardens,26.846676,-80.167963,1,0,The incident occurred in the Ballenisles neighborhood.,"03/12/2018: An assailant at a sleepover stabbed three people in BallenIsles neighborhood, Palm Beach Gardens, Florida, United States. At least one person was killed and two other people were injured in the assault. Corey Johnson claimed responsibility and stated that he carried out the attack because the victims made fun of how he practiced his Muslim faith. Sources also noted that Johnson allegedly contacted members of the Islamic State of Iraq and the Levant (ISIL) and was interested in joining the group.",1,1,1,0,NA,NA,0,1,0,2,Armed Assault,NA,NA,NA,NA,14,Private Citizens & Property,68,Named Civilian,Not Applicable,"Civilians: Jovanni Brand, Elaine Simon, Dane Bancroft",217,United States,NA,NA,NA,NA,NA,NA,NA,NA,NA,NA,NA,NA,NA,NA,NA,NA,Jihadi-inspired extremists,NA,NA,NA,NA,NA,"Corey Johnson, an unaffiliated individual, claimed responsibility for the incident and stated that he targeted the victims because they ridiculed him for being a Muslim. Sources also noted that Johnson allegedly contacted members of the Islamic State of Iraq and the Levant (ISIL) and was interested in joining the group.",0,NA,NA,1,1,1,1,8,Personal claim,NA,NA,NA,NA,NA,NA,NA,9,Melee,23,Knife or Other Sharp Object,NA,NA,NA,NA,NA,NA,NA,NA,NA,NA,NA,NA,A knife was used in the attack.,1,1,0,2,2,0,0,NA,NA,NA,NA,0,NA,NA,NA,NA,NA,NA,NA,NA,NA,NA,NA,NA,NA,NA,NA,NA,"""Police: Florida teen who stabbed friend to death was known to FBI,"" CNN, March 15, 2018.",NA,NA,START Primary Collection,-9,-9,0,-9,NA,Jihadi-inspired extremists ||  ||  ||  ||  || ,"03/12/2018: An assailant at a sleepover stabbed three people in BallenIsles neighborhood, Palm Beach Gardens, Florida, United States. At least one person was killed and two other people were injured in the assault. Corey Johnson claimed responsibility and stated that he carried out the attack because the victims made fun of how he practiced his Muslim faith. Sources also noted that Johnson allegedly contacted members of the Islamic State of Iraq and the Levant (ISIL) and was interested in joining the group. || Corey Johnson, an unaffiliated individual, claimed responsibility for the incident and stated that he targeted the victims because they ridiculed him for being a Muslim. Sources also noted that Johnson allegedly contacted members of the Islamic State of Iraq and the Levant (ISIL) and was interested in joining the group. || ",2018,FALSE,TRUE,FALSE,TRUE,TRUE,FALSE,TRUE,TRUE,9,TRUE,FALSE,TRUE,probable_inspired,high_score_text_claim_signal
data/globalterrorismdb_0522dist.csv,201803230015,2018,3,23,NA,0,NA,69,France,8,Western Europe,Occitanie,Carcassonne,43.209261,2.343838,1,0,NA,"03/23/2018: An assailant hijacked a vehicle in Carcassonne, Occitanie, France. One passenger was killed and the driver of the vehicle was injured in the attack. This was one of three related attacks carried out in Carcassonne and Trebes on this date. An unaffiliated individual, identified as Redouane Lakdim, claimed responsibility for the incident and stated that he was a ""soldier of the Islamic State"" and demanded the release of Salah Abdeslam, one of the assailants who carried out the November 2015 Paris attacks. The Islamic State of Iraq and the Levant (ISIL) also claimed responsibility; however Lakdim's connection to the group could not be confirmed.",1,1,1,0,NA,NA,1,1,0,4,Hijacking,NA,NA,NA,NA,14,Private Citizens & Property,73,Vehicles/Transportation,Not Applicable,Vehicle,69,France,NA,NA,NA,NA,NA,NA,NA,NA,NA,NA,NA,NA,NA,NA,NA,NA,Jihadi-inspired extremists,NA,NA,NA,NA,NA,"An unaffiliated individual, identified as Redouane Lakdim, claimed responsibility for the incident and stated that he was a ""soldier of the Islamic State"" and demanded the release of Salah Abdeslam, one of the assailants who carried out the November 2015 Paris attacks.",0,NA,NA,1,1,0,1,8,Personal claim,NA,NA,NA,NA,NA,NA,NA,5,Firearms,5,Unknown Gun Type,NA,NA,NA,NA,NA,NA,NA,NA,NA,NA,NA,NA,NA,1,0,0,1,0,0,1,3,Minor (likely < $1 million),-99,A vehicle was stolen in this attack.,0,NA,NA,NA,NA,NA,NA,NA,NA,NA,NA,NA,NA,NA,NA,NA,NA,"""Hostage-taker in southern France fatally shot by security forces after killing three,"" France24, March 23, 2018.","""Who is Salah Abdeslam? ISIS gunman in France demanded release of 'Paris attacker',"" Daily Star Online, March 23, 2018.","""'Two Dead' In Southern France Apparent 'Terrorist Act',"" Radio Free Europe, March 23, 2018.",START Primary Collection,-9,-9,0,-9,"201803230015, 201803230016, 201803230017",Jihadi-inspired extremists ||  ||  ||  ||  || ,"03/23/2018: An assailant hijacked a vehicle in Carcassonne, Occitanie, France. One passenger was killed and the driver of the vehicle was injured in the attack. This was one of three related attacks carried out in Carcassonne and Trebes on this date. An unaffiliated individual, identified as Redouane Lakdim, claimed responsibility for the incident and stated that he was a ""soldier of the Islamic State"" and demanded the release of Salah Abdeslam, one of the assailants who carried out the November 2015 Paris attacks. The Islamic State of Iraq and the Levant (ISIL) also claimed responsibility; however Lakdim's connection to the group could not be confirmed. || An unaffiliated individual, identified as Redouane Lakdim, claimed responsibility for the incident and stated that he was a ""soldier of the Islamic State"" and demanded the release of Salah Abdeslam, one of the assailants who carried out the November 2015 Paris attacks. || ",2018,FALSE,TRUE,FALSE,TRUE,TRUE,FALSE,TRUE,TRUE,9,TRUE,FALSE,TRUE,probable_inspired,high_score_text_claim_signal
data/globalterrorismdb_0522dist.csv,201803230016,2018,3,23,NA,0,NA,69,France,8,Western Europe,Occitanie,Carcassonne,43.209261,2.343838,1,0,NA,"03/23/2018: An assailant opened fire on police personnel jogging outside a riot police squad barracks in Carcassonne, Occitanie, France. One police officer was injured in the attack. This was one of three related attacks carried out in Carcassonne and Trebes on this date. An unaffiliated individual, identified as Redouane Lakdim, claimed responsibility for the incident and stated that he was a ""soldier of the Islamic State"" and demanded the release of Salah Abdeslam, one of the assailants who carried out the November 2015 Paris attacks. The Islamic State of Iraq and the Levant (ISIL) also claimed responsibility; however Lakdim's connection to the group could not be confirmed.",1,1,1,0,NA,NA,1,1,0,2,Armed Assault,NA,NA,NA,NA,3,Police,25,Police Security Forces/Officers,French Police,Riot Police Officers,69,France,NA,NA,NA,NA,NA,NA,NA,NA,NA,NA,NA,NA,NA,NA,NA,NA,Jihadi-inspired extremists,NA,NA,NA,NA,NA,"An unaffiliated individual, identified as Redouane Lakdim, claimed responsibility for the incident and stated that he was a ""soldier of the Islamic State"" and demanded the release of Salah Abdeslam, one of the assailants who carried out the November 2015 Paris attacks.",0,NA,NA,1,1,0,1,8,Personal claim,NA,NA,NA,NA,NA,NA,NA,5,Firearms,5,Unknown Gun Type,NA,NA,NA,NA,NA,NA,NA,NA,NA,NA,NA,NA,NA,0,0,0,1,0,0,0,NA,NA,NA,NA,0,NA,NA,NA,NA,NA,NA,NA,NA,NA,NA,NA,NA,NA,NA,NA,NA,"""Who is Salah Abdeslam? ISIS gunman in France demanded release of 'Paris attacker',"" Daily Star Online, March 23, 2018.","""'Two Dead' In Southern France Apparent 'Terrorist Act',"" Radio Free Europe, March 23, 2018.","""LIVE: Hostage-taker in southern France killed by security forces,"" France24, March 23, 2018.",START Primary Collection,-9,-9,0,-9,"201803230015, 201803230016, 201803230017",Jihadi-inspired extremists ||  ||  ||  ||  || ,"03/23/2018: An assailant opened fire on police personnel jogging outside a riot police squad barracks in Carcassonne, Occitanie, France. One police officer was injured in the attack. This was one of three related attacks carried out in Carcassonne and Trebes on this date. An unaffiliated individual, identified as Redouane Lakdim, claimed responsibility for the incident and stated that he was a ""soldier of the Islamic State"" and demanded the release of Salah Abdeslam, one of the assailants who carried out the November 2015 Paris attacks. The Islamic State of Iraq and the Levant (ISIL) also claimed responsibility; however Lakdim's connection to the group could not be confirmed. || An unaffiliated individual, identified as Redouane Lakdim, claimed responsibility for the incident and stated that he was a ""soldier of the Islamic State"" and demanded the release of Salah Abdeslam, one of the assailants who carried out the November 2015 Paris attacks. || ",2018,FALSE,TRUE,FALSE,TRUE,TRUE,FALSE,TRUE,TRUE,9,TRUE,FALSE,TRUE,probable_inspired,high_score_text_claim_signal
data/globalterrorismdb_0522dist.csv,201803230017,2018,3,23,NA,0,NA,69,France,8,Western Europe,Occitanie,Trebes,43.205328,2.459809,1,0,NA,"03/23/2018: An assailant opened fire inside Super U supermarket and took civilians hostage in Trebes, Occitanie, France. Shortly thereafter, a hostage was released as a police officer, identified as Arnaud Beltrame, took her place. Police later raided the supermarket, killing the assailant and ending the standoff. In addition to the assailant, Beltrame and two civilians were killed and 13 others were injured. Three explosive devices were also discovered and defused at the scene. This was one of three related attacks carried out in Carcassonne and Trebes on this date. An unaffiliated individual, identified as Redouane Lakdim, claimed responsibility for the incident and stated that he was a ""soldier of the Islamic State"" and demanded the release of Salah Abdeslam, one of the assailants who carried out the November 2015 Paris attacks. The Islamic State of Iraq and the Levant (ISIL) also claimed responsibility; however Lakdim's connection to the group could not be confirmed.",1,1,1,0,NA,NA,1,1,0,5,Hostage Taking (Barricade Incident),3,Bombing/Explosion,2,Armed Assault,1,Business,7,Retail/Grocery/Bakery,Super U,Supermarket,69,France,NA,NA,NA,NA,NA,NA,NA,NA,NA,NA,NA,NA,NA,NA,NA,NA,Jihadi-inspired extremists,NA,NA,NA,NA,NA,"An unaffiliated individual, identified as Redouane Lakdim, claimed responsibility for the incident and stated that he was a ""soldier of the Islamic State"" and demanded the release of Salah Abdeslam, one of the assailants who carried out the November 2015 Paris attacks.",0,NA,NA,1,1,0,1,8,Personal claim,NA,NA,NA,NA,NA,NA,NA,6,Explosives,17,Other Explosive Type,5,Firearms,3,Handgun,9,Melee,23,Knife or Other Sharp Object,NA,NA,NA,NA,"Three homemade explosive devices, a 7.65-caliber handgun, and a hunting knife were used in the attack.",4,0,1,13,0,0,0,NA,NA,NA,NA,1,-99,0,-99,NA,NA,NA,0,NA,NA,NA,NA,NA,6,Combination,13,NA,"""French officer who swapped places with a hostage in supermarket attack dies,"" CNN Wire, March 24, 2018.","""France hostage taking: 'One dead' in Trèbes supermarket,"" BBC, March 23, 2018.","""3 Explosive Devices Found at French Supermarket After Deadly Rampage, Official Says,"" Time, March 24, 2018.",START Primary Collection,-9,-9,0,-9,"201803230015, 201803230016, 201803230017",Jihadi-inspired extremists ||  ||  ||  ||  || ,"03/23/2018: An assailant opened fire inside Super U supermarket and took civilians hostage in Trebes, Occitanie, France. Shortly thereafter, a hostage was released as a police officer, identified as Arnaud Beltrame, took her place. Police later raided the supermarket, killing the assailant and ending the standoff. In addition to the assailant, Beltrame and two civilians were killed and 13 others were injured. Three explosive devices were also discovered and defused at the scene. This was one of three related attacks carried out in Carcassonne and Trebes on this date. An unaffiliated individual, identified as Redouane Lakdim, claimed responsibility for the incident and stated that he was a ""soldier of the Islamic State"" and demanded the release of Salah Abdeslam, one of the assailants who carried out the November 2015 Paris attacks. The Islamic State of Iraq and the Levant (ISIL) also claimed responsibility; however Lakdim's connection to the group could not be confirmed. || An unaffiliated individual, identified as Redouane Lakdim, claimed responsibility for the incident and stated that he was a ""soldier of the Islamic State"" and demanded the release of Salah Abdeslam, one of the assailants who carried out the November 2015 Paris attacks. || ",2018,FALSE,TRUE,FALSE,TRUE,TRUE,FALSE,TRUE,TRUE,9,TRUE,FALSE,TRUE,probable_inspired,high_score_text_claim_signal
data/globalterrorismdb_0522dist.csv,201805100003,2018,5,10,NA,0,NA,183,South Africa,11,Sub-Saharan Africa,KwaZulu-Natal,Verulam,-29.668937,31.038294,1,0,"The incident occurred along Old Main Road, in the Ottawa area of the city","05/10/2018: Three assailants armed with firearms and knives attacked Imam Hussain Mosque, a Shia mosque, on Old Main Road, Ottawa, Verulam, KwaZulu-Natal, South Africa. At least one person was killed and two others were injured in the assault. The mosque was also set on fire. No group claimed responsibility; however, sources attributed the attack to a group that supported the Islamic State of Iraq and the Levant (ISIL) and noted that the leader of the group, Farhad Hoomer, contained ISIL propaganda and a picture of him wearing an ISIL beanie on his phone.",1,1,1,0,NA,NA,0,1,0,2,Armed Assault,NA,NA,NA,NA,15,Religious Figures/Institutions,86,Place of Worship,Imam Hussain Mosque,Shia Mosque,183,South Africa,NA,NA,NA,NA,NA,NA,NA,NA,NA,NA,NA,NA,NA,NA,NA,NA,Jihadi-inspired extremists,NA,NA,NA,NA,NA,"The specific motive is unknown; however, sources noted that the group responsible for the attack supported the Islamic State of Iraq and the Levant (ISIL). Sources also noted that the leader of the group, Farhad Hoomer, contained ISIL propaganda and a picture of him wearing an ISIL beanie on his phone.",0,NA,NA,0,3,-99,0,NA,NA,NA,NA,NA,NA,NA,NA,NA,5,Firearms,5,Unknown Gun Type,8,Incendiary,19,Molotov Cocktail/Petrol Bomb,9,Melee,23,Knife or Other Sharp Object,NA,NA,NA,NA,"Firearms, a petrol bomb, and knives were used in the attack.",1,0,0,2,0,0,1,3,Minor (likely < $1 million),-99,A mosque was damaged in this attack.,0,NA,NA,NA,NA,NA,NA,NA,NA,NA,NA,NA,NA,NA,NA,NA,"The victims included civilians Abbas Essop, Ali Enchinaye and Mohammed Ali.","""Imam Dead In S.Africa Mosque Attack, 2 Others Injured,"" AFP (World Service), May 10, 2018.","""Verulam mosque attack: Victim to be buried while all activities suspended,"" News24, May 11, 2018.","""Revision: South Africa: Special Investigative Unit Cites 'Elements of Extremism' in Mosque Attack - Report,"" Eye Witness News, May 11, 2018.",START Primary Collection,-9,-9,0,-9,NA,Jihadi-inspired extremists ||  ||  ||  ||  || ,"05/10/2018: Three assailants armed with firearms and knives attacked Imam Hussain Mosque, a Shia mosque, on Old Main Road, Ottawa, Verulam, KwaZulu-Natal, South Africa. At least one person was killed and two others were injured in the assault. The mosque was also set on fire. No group claimed responsibility; however, sources attributed the attack to a group that supported the Islamic State of Iraq and the Levant (ISIL) and noted that the leader of the group, Farhad Hoomer, contained ISIL propaganda and a picture of him wearing an ISIL beanie on his phone. || The specific motive is unknown; however, sources noted that the group responsible for the attack supported the Islamic State of Iraq and the Levant (ISIL). Sources also noted that the leader of the group, Farhad Hoomer, contained ISIL propaganda and a picture of him wearing an ISIL beanie on his phone. || The victims included civilians Abbas Essop, Ali Enchinaye and Mohammed Ali.",2018,FALSE,TRUE,FALSE,TRUE,TRUE,FALSE,FALSE,TRUE,7,TRUE,FALSE,TRUE,probable_inspired,high_score_text_claim_signal
data/globalterrorismdb_0522dist.csv,201805120004,2018,5,12,NA,0,NA,69,France,8,Western Europe,Ile-de-France,Paris,48.856642,2.34233,1,0,The incident occurred along the Rue Monsigny.,"05/12/2018: An assailant stabbed pedestrians along the Rue Monsigny in Paris, Ile-de-France, France. Police opened fire in response, killing the assailant. One civilian was killed and four people, including a Chinese national, were injured in the attack. An unaffiliated individual, identified as Khamzat Azimov, claimed responsibility for the incident and stated ""You started it by bombing Islamic lands. France, you started it by killing Muslims... and then we give you a response, you cry. If you want this to stop, put pressure on your government, I’m not the first one to tell you. Others like me told you before acting, but you refused to listen."" Sources also noted that Azimov pledged allegiance to the Islamic State of Iraq and the Levant (ISIL). The Islamic State of Iraq and the Levant (ISIL) claimed responsibility for the incident; however, the veracity of this claim could not be verified.",1,1,1,0,NA,NA,0,1,0,2,Armed Assault,NA,NA,NA,NA,14,Private Citizens & Property,67,Unnamed Civilian/Unspecified,Not Applicable,Civilians,69,France,14,Private Citizens & Property,67,Unnamed Civilian/Unspecified,Not Applicable,Civilian,44,China,14,Private Citizens & Property,67,Unnamed Civilian/Unspecified,Not Applicable,Civilian,116,Luxembourg,Jihadi-inspired extremists,NA,NA,NA,NA,NA,"An unaffiliated individual, identified as Khamzat Azimov, claimed responsibility for the incident and stated ""You started it by bombing Islamic lands. France, you started it by killing Muslims... and then we give you a response, you cry. If you want this to stop, put pressure on your government, I’m not the first one to tell you. Others like me told you before acting, but you refused to listen."" Sources also noted that Azimov pledged allegiance to the Islamic State of Iraq and the Levant (ISIL).",0,NA,NA,1,1,0,1,6,Video,NA,NA,NA,NA,NA,NA,NA,9,Melee,23,Knife or Other Sharp Object,NA,NA,NA,NA,NA,NA,NA,NA,NA,NA,NA,NA,A knife was used in the attack,2,0,1,4,0,0,0,NA,NA,NA,NA,0,NA,NA,NA,NA,NA,NA,NA,NA,NA,NA,NA,NA,NA,NA,NA,NA,"""Paris attack: Knifeman kills one before being shot by police,"" BBC, May 13, 2018.","""ISIS releases footage of Paris attacker pledging allegiance,"" New York Post, May 13, 2018.","""French Police Say Two Dead, Four Wounded In Paris Knife Attack,"" Radio Free Europe, May 12, 2018.",START Primary Collection,-9,-9,1,1,NA,Jihadi-inspired extremists ||  ||  ||  ||  || ,"05/12/2018: An assailant stabbed pedestrians along the Rue Monsigny in Paris, Ile-de-France, France. Police opened fire in response, killing the assailant. One civilian was killed and four people, including a Chinese national, were injured in the attack. An unaffiliated individual, identified as Khamzat Azimov, claimed responsibility for the incident and stated ""You started it by bombing Islamic lands. France, you started it by killing Muslims... and then we give you a response, you cry. If you want this to stop, put pressure on your government, I’m not the first one to tell you. Others like me told you before acting, but you refused to listen."" Sources also noted that Azimov pledged allegiance to the Islamic State of Iraq and the Levant (ISIL). The Islamic State of Iraq and the Levant (ISIL) claimed responsibility for the incident; however, the veracity of this claim could not be verified. || An unaffiliated individual, identified as Khamzat Azimov, claimed responsibility for the incident and stated ""You started it by bombing Islamic lands. France, you started it by killing Muslims... and then we give you a response, you cry. If you want this to stop, put pressure on your government, I’m not the first one to tell you. Others like me told you before acting, but you refused to listen."" Sources also noted that Azimov pledged allegiance to the Islamic State of Iraq and the Levant (ISIL). || ",2018,FALSE,TRUE,FALSE,TRUE,TRUE,FALSE,TRUE,TRUE,9,TRUE,FALSE,TRUE,probable_inspired,high_score_text_claim_signal
data/globalterrorismdb_0522dist.csv,201805290004,2018,5,29,NA,0,NA,21,Belgium,8,Western Europe,Wallonia,Liege,50.63579,5.567579,1,0,NA,"05/29/2018: An assailant armed with a box-cutter stabbed two police officers on a boulevard in Liege, Wallonia, Belgium. The assailant then disarmed the officers, using their guns to open fire and kill both officers and a bystander. The assailant subsequently entered a high school and took a female employee hostage. Police officers engaged the assailant, killing him and freeing the hostage. Four officers were wounded in the ensuing clash. The Islamic State of Iraq and the Levant (ISIL) claimed responsibility for the incident and claimed that the assailant, identified as Benjamin Herman, was a ""soldier of the caliphate,"" however, the veracity of this claim could not be verified.",1,1,1,0,NA,NA,0,1,0,5,Hostage Taking (Barricade Incident),2,Armed Assault,NA,NA,3,Police,25,Police Security Forces/Officers,Federal Police,"Officers: Lucile Garcia, Soraya Belkacemi",21,Belgium,14,Private Citizens & Property,68,Named Civilian,Not Applicable,Civilian: Cyril Vangriecken,21,Belgium,8,Educational Institution,49,School/University/Educational Building,Lycee de Waha High School,School,21,Belgium,Jihadi-inspired extremists,NA,NA,NA,NA,NA,"The specific motive is unknown; however, sources noted that Benjamin Herman had been speaking to a suspected Islamic State of Iraq and the Levant (ISIL) recruiter. Sources also noted that Herman asked one of the victims if she was Muslim.",0,NA,NA,1,1,0,0,NA,NA,NA,NA,NA,NA,NA,NA,NA,5,Firearms,3,Handgun,9,Melee,23,Knife or Other Sharp Object,NA,NA,NA,NA,NA,NA,NA,NA,Two handguns and a box cutter was used in the attack.,4,0,1,4,0,0,1,3,Minor (likely < $1 million),-99,A vehicle was damaged in this attack.,1,1,0,-99,NA,NA,NA,0,NA,NA,NA,NA,NA,5,Successful Rescue,1,"The victims included a school employee, Imaankaf Darifa.","""Belgium attacker had killed another person the day before,"" CNN, May 30, 2018.","""Funerals next week for Belgian policewomen killed by terrorist,"" Straits Times, June 1, 2018.","""Belgium shooting: Hostage school cleaner tells how she kept murderous gunman away from children; 'You are in a school here, you cannot come in a school, it is not right what you are doing',"" The Independent, May 31, 2018.",START Primary Collection,-9,-9,0,-9,NA,Jihadi-inspired extremists ||  ||  ||  ||  || ,"05/29/2018: An assailant armed with a box-cutter stabbed two police officers on a boulevard in Liege, Wallonia, Belgium. The assailant then disarmed the officers, using their guns to open fire and kill both officers and a bystander. The assailant subsequently entered a high school and took a female employee hostage. Police officers engaged the assailant, killing him and freeing the hostage. Four officers were wounded in the ensuing clash. The Islamic State of Iraq and the Levant (ISIL) claimed responsibility for the incident and claimed that the assailant, identified as Benjamin Herman, was a ""soldier of the caliphate,"" however, the veracity of this claim could not be verified. || The specific motive is unknown; however, sources noted that Benjamin Herman had been speaking to a suspected Islamic State of Iraq and the Levant (ISIL) recruiter. Sources also noted that Herman asked one of the victims if she was Muslim. || The victims included a school employee, Imaankaf Darifa.",2018,FALSE,TRUE,FALSE,TRUE,TRUE,FALSE,FALSE,TRUE,7,TRUE,FALSE,TRUE,probable_inspired,high_score_text_claim_signal
data/globalterrorismdb_0522dist.csv,201807030017,2018,7,3,NA,0,NA,16,Azerbaijan,7,Central Asia,Ganja-Qazakh,Ganja,40.684677,46.353877,1,0,NA,"07/03/2018: An assailant opened fire on Elmar Veliyev, the mayor of Ganca, in front of his office in Ganja, Ganja-Qazakh, Azerbaijan. Veliyev was wounded in the attack. An individual, identified as Yunis Safarov, claimed responsibility for the incident in a video ""urging people in Azerbaijan to start an armed struggle against officials and 'kill enemies of Islam.'"" Sources also posited that Safarov carried out the attack in order to ""establish an Islamic state in Azerbaijan.""",1,1,1,0,NA,NA,0,0,0,1,Assassination,NA,NA,NA,NA,2,Government (General),15,Politician or Political Party Movement/Meeting/Rally,Government of Ganja,Mayor: Elmar Veliyev,16,Azerbaijan,NA,NA,NA,NA,NA,NA,NA,NA,NA,NA,NA,NA,NA,NA,NA,NA,Jihadi-inspired extremists,NA,NA,NA,NA,NA,"An individual, identified as Yunis Safarov, claimed responsibility for the incident in a video ""urging people in Azerbaijan to start an armed struggle against officials and 'kill enemies of Islam.'"" Sources also posited that Safarov carried out the attack in order to ""establish an Islamic state in Azerbaijan.""",0,NA,NA,0,1,1,1,6,Video,NA,NA,NA,NA,NA,NA,NA,5,Firearms,5,Unknown Gun Type,NA,NA,NA,NA,NA,NA,NA,NA,NA,NA,NA,NA,NA,0,0,0,1,0,0,-9,NA,NA,NA,NA,0,NA,NA,NA,NA,NA,NA,NA,NA,NA,NA,NA,NA,NA,NA,NA,"The victims included the bodyguard of Veliyev, Ganja City Police Department employee Gasim Ashbazov.","""Azerbaijan’s law enforcement authorities issue joint statement on armed attack on Ganja city mayor,"" Azeri-Press Information Agency, July 6, 2018.","""Terrorism Digest: 6-7 July 2018,"" BBC Monitoring, July 7, 2018.","""Baku calls assault on mayor 'terror attack',"" BBC Monitoring, July 6, 2018.",START Primary Collection,-9,-9,0,-9,NA,Jihadi-inspired extremists ||  ||  ||  ||  || ,"07/03/2018: An assailant opened fire on Elmar Veliyev, the mayor of Ganca, in front of his office in Ganja, Ganja-Qazakh, Azerbaijan. Veliyev was wounded in the attack. An individual, identified as Yunis Safarov, claimed responsibility for the incident in a video ""urging people in Azerbaijan to start an armed struggle against officials and 'kill enemies of Islam.'"" Sources also posited that Safarov carried out the attack in order to ""establish an Islamic state in Azerbaijan."" || An individual, identified as Yunis Safarov, claimed responsibility for the incident in a video ""urging people in Azerbaijan to start an armed struggle against officials and 'kill enemies of Islam.'"" Sources also posited that Safarov carried out the attack in order to ""establish an Islamic state in Azerbaijan."" || The victims included the bodyguard of Veliyev, Ganja City Police Department employee Gasim Ashbazov.",2018,FALSE,TRUE,FALSE,TRUE,TRUE,FALSE,TRUE,TRUE,9,TRUE,FALSE,TRUE,probable_inspired,high_score_text_claim_signal
data/globalterrorismdb_0522dist.csv,201807050007,2018,7,5,NA,0,NA,183,South Africa,11,Sub-Saharan Africa,KwaZulu-Natal,Durban,-29.784267,31.039801,1,0,NA,"07/05/2018: An incendiary device detonated at a Woolworths store at Gateway mall in Durban, KwaZulu-Natal, South Africa. There were no reported casualties in the attack. This was one of two attacks at Woolworths stores in Durban on this day. No group claimed responsibility for the incident; however, sources attributed the attacks to Jihadi-inspired extremists.",0,1,1,1,2,Other Crime Type,1,1,0,7,Facility/Infrastructure Attack,NA,NA,NA,NA,1,Business,7,Retail/Grocery/Bakery,Woolworths Group Limited,Grocery Store,183,South Africa,NA,NA,NA,NA,NA,NA,NA,NA,NA,NA,NA,NA,NA,NA,NA,NA,Jihadi-inspired extremists,NA,NA,NA,NA,NA,"The specific motive is unknown; however, sources noted that the group responsible for the attack supported the Islamic State of Iraq and the Levant (ISIL). Sources also noted that the leader of the group, Farhad Hoomer, contained ISIL propaganda and a picture of him wearing an ISIL beanie on his phone.",0,NA,NA,0,-99,-99,0,NA,NA,NA,NA,NA,NA,NA,NA,NA,8,Incendiary,18,Arson/Fire,NA,NA,NA,NA,NA,NA,NA,NA,NA,NA,NA,NA,An incendiary device made from a mobile phone and a torch was used in the attack.,0,0,0,0,0,0,1,3,Minor (likely < $1 million),-99,Clothes and a store were damaged in this attack.,0,NA,NA,NA,NA,NA,NA,NA,NA,NA,NA,NA,NA,NA,NA,NA,There is doubt that this incident meets terrorism-related criteria. Sources suspected that the attack may have been related to extortion activities.,"""WATCH: Durban residents shaken after repeated bomb explosions,"" ENCA, July 10, 2018.","""More explosive devices found in the Durban suburb of Berea,"" News24, July 8, 2018.","""Cops probe Durban ‘bomb’ incidents9m ago | NEWS,"" The Mercury, July 8, 2018.",START Primary Collection,-9,-9,0,-9,"201807050007, 201807050008",Jihadi-inspired extremists ||  ||  ||  ||  || ,"07/05/2018: An incendiary device detonated at a Woolworths store at Gateway mall in Durban, KwaZulu-Natal, South Africa. There were no reported casualties in the attack. This was one of two attacks at Woolworths stores in Durban on this day. No group claimed responsibility for the incident; however, sources attributed the attacks to Jihadi-inspired extremists. || The specific motive is unknown; however, sources noted that the group responsible for the attack supported the Islamic State of Iraq and the Levant (ISIL). Sources also noted that the leader of the group, Farhad Hoomer, contained ISIL propaganda and a picture of him wearing an ISIL beanie on his phone. || There is doubt that this incident meets terrorism-related criteria. Sources suspected that the attack may have been related to extortion activities.",2018,FALSE,TRUE,FALSE,TRUE,TRUE,FALSE,FALSE,TRUE,7,TRUE,FALSE,TRUE,probable_inspired,high_score_text_claim_signal
data/globalterrorismdb_0522dist.csv,201807050008,2018,7,5,NA,0,NA,183,South Africa,11,Sub-Saharan Africa,KwaZulu-Natal,Durban,-29.849318,30.936931,1,0,NA,"07/05/2018: An incendiary device planted in a jacket pocket on a clothing rack detonated at a Woolworths store at the Pavilion shopping centre in Durban, KwaZulu-Natal, South Africa. There were no reported casualties in the attack. This was one of two attacks at Woolworths stores in Durban on this day. No group claimed responsibility for the incident; however, sources attributed the attacks to Jihadi-inspired extremists.",0,1,1,1,2,Other Crime Type,1,1,0,7,Facility/Infrastructure Attack,NA,NA,NA,NA,1,Business,7,Retail/Grocery/Bakery,Woolworths Group Limited,Grocery Store,183,South Africa,NA,NA,NA,NA,NA,NA,NA,NA,NA,NA,NA,NA,NA,NA,NA,NA,Jihadi-inspired extremists,NA,NA,NA,NA,NA,"The specific motive is unknown; however, sources noted that the group responsible for the attack supported the Islamic State of Iraq and the Levant (ISIL). Sources also noted that the leader of the group, Farhad Hoomer, contained ISIL propaganda and a picture of him wearing an ISIL beanie on his phone.",0,NA,NA,0,-99,-99,0,NA,NA,NA,NA,NA,NA,NA,NA,NA,8,Incendiary,18,Arson/Fire,NA,NA,NA,NA,NA,NA,NA,NA,NA,NA,NA,NA,An incendiary device made from a mobile phone and a torch was used in the attack.,0,0,0,0,0,0,1,3,Minor (likely < $1 million),-99,Clothes and a store were damaged in this attack.,0,NA,NA,NA,NA,NA,NA,NA,NA,NA,NA,NA,NA,NA,NA,NA,There is doubt that this incident meets terrorism-related criteria. Sources suspected that the attack may have been related to extortion activities.,"""WATCH: Durban residents shaken after repeated bomb explosions,"" ENCA, July 10, 2018.","""More explosive devices found in the Durban suburb of Berea,"" News24, July 8, 2018.","""Cops probe Durban ‘bomb’ incidents9m ago | NEWS,"" The Mercury, July 8, 2018.",START Primary Collection,-9,-9,0,-9,"201807050007, 201807050008",Jihadi-inspired extremists ||  ||  ||  ||  || ,"07/05/2018: An incendiary device planted in a jacket pocket on a clothing rack detonated at a Woolworths store at the Pavilion shopping centre in Durban, KwaZulu-Natal, South Africa. There were no reported casualties in the attack. This was one of two attacks at Woolworths stores in Durban on this day. No group claimed responsibility for the incident; however, sources attributed the attacks to Jihadi-inspired extremists. || The specific motive is unknown; however, sources noted that the group responsible for the attack supported the Islamic State of Iraq and the Levant (ISIL). Sources also noted that the leader of the group, Farhad Hoomer, contained ISIL propaganda and a picture of him wearing an ISIL beanie on his phone. || There is doubt that this incident meets terrorism-related criteria. Sources suspected that the attack may have been related to extortion activities.",2018,FALSE,TRUE,FALSE,TRUE,TRUE,FALSE,FALSE,TRUE,7,TRUE,FALSE,TRUE,probable_inspired,high_score_text_claim_signal
data/globalterrorismdb_0522dist.csv,201807070006,2018,7,7,NA,0,NA,183,South Africa,11,Sub-Saharan Africa,KwaZulu-Natal,Durban,-29.838517,31.008216,1,0,The incident occurred in the Berea area of the city.,"07/07/2018: An explosive device planted under a vehicle was discovered and safely defused in Durban, KwaZulu-Natal, South Africa. This was one of two related attacks in this area on this day. No group claimed responsibility for the incident; however, sources attributed the attacks to Jihadi-inspired extremists.",1,1,1,0,NA,NA,1,0,0,3,Bombing/Explosion,NA,NA,NA,NA,20,Unknown,NA,NA,Unknown,Unknown,183,South Africa,NA,NA,NA,NA,NA,NA,NA,NA,NA,NA,NA,NA,NA,NA,NA,NA,Jihadi-inspired extremists,NA,NA,NA,NA,NA,"The specific motive is unknown; however, sources noted that the group responsible for the attack supported the Islamic State of Iraq and the Levant (ISIL). Sources also noted that the leader of the group, Farhad Hoomer, contained ISIL propaganda and a picture of him wearing an ISIL beanie on his phone.",0,NA,NA,0,-99,-99,0,NA,NA,NA,NA,NA,NA,NA,NA,NA,6,Explosives,12,Remote Trigger,NA,NA,NA,NA,NA,NA,NA,NA,NA,NA,NA,NA,A pipe bomb utilizing a mobile phone as a triggering mechanism was used in the attack.,0,0,0,0,0,0,0,NA,NA,NA,NA,0,NA,NA,NA,NA,NA,NA,NA,NA,NA,NA,NA,NA,NA,NA,NA,NA,"""WATCH: Durban residents shaken after repeated bomb explosions,"" ENCA, July 10, 2018.","""More explosive devices found in the Durban suburb of Berea,"" News24, July 8, 2018.","""Africa Command OSINT Daily 12 July 2018,"" Summary, July 13, 2018.",START Primary Collection,-9,-9,0,-9,"201807070006, 201807070007",Jihadi-inspired extremists ||  ||  ||  ||  || ,"07/07/2018: An explosive device planted under a vehicle was discovered and safely defused in Durban, KwaZulu-Natal, South Africa. This was one of two related attacks in this area on this day. No group claimed responsibility for the incident; however, sources attributed the attacks to Jihadi-inspired extremists. || The specific motive is unknown; however, sources noted that the group responsible for the attack supported the Islamic State of Iraq and the Levant (ISIL). Sources also noted that the leader of the group, Farhad Hoomer, contained ISIL propaganda and a picture of him wearing an ISIL beanie on his phone. || ",2018,FALSE,TRUE,FALSE,TRUE,TRUE,FALSE,FALSE,TRUE,7,TRUE,FALSE,TRUE,probable_inspired,high_score_text_claim_signal
data/globalterrorismdb_0522dist.csv,201807070007,2018,7,7,NA,0,NA,183,South Africa,11,Sub-Saharan Africa,KwaZulu-Natal,Durban,-29.844663,31.009142,1,0,The incident occurred in the Berea area of the city.,"07/07/2018: An explosive device planted under a vehicle was discovered and safely defused in Berea, Durban, KwaZulu-Natal, South Africa. This was one of two related attacks in this area on this day. No group claimed responsibility for the incident; however, sources attributed the attacks to Jihadi-inspired extremists.",1,1,1,0,NA,NA,1,0,0,3,Bombing/Explosion,NA,NA,NA,NA,20,Unknown,NA,NA,Unknown,Unknown,183,South Africa,NA,NA,NA,NA,NA,NA,NA,NA,NA,NA,NA,NA,NA,NA,NA,NA,Jihadi-inspired extremists,NA,NA,NA,NA,NA,"The specific motive is unknown; however, sources noted that the group responsible for the attack supported the Islamic State of Iraq and the Levant (ISIL). Sources also noted that the leader of the group, Farhad Hoomer, contained ISIL propaganda and a picture of him wearing an ISIL beanie on his phone.",0,NA,NA,0,-99,-99,0,NA,NA,NA,NA,NA,NA,NA,NA,NA,6,Explosives,12,Remote Trigger,NA,NA,NA,NA,NA,NA,NA,NA,NA,NA,NA,NA,A pipe bomb utilizing a mobile phone as a triggering mechanism was used in the attack.,0,0,0,0,0,0,0,NA,NA,NA,NA,0,NA,NA,NA,NA,NA,NA,NA,NA,NA,NA,NA,NA,NA,NA,NA,NA,"""WATCH: Durban residents shaken after repeated bomb explosions,"" ENCA, July 10, 2018.","""More explosive devices found in the Durban suburb of Berea,"" News24, July 8, 2018.","""Africa Command OSINT Daily 12 July 2018,"" Summary, July 13, 2018.",START Primary Collection,-9,-9,0,-9,"201807070006, 201807070007",Jihadi-inspired extremists ||  ||  ||  ||  || ,"07/07/2018: An explosive device planted under a vehicle was discovered and safely defused in Berea, Durban, KwaZulu-Natal, South Africa. This was one of two related attacks in this area on this day. No group claimed responsibility for the incident; however, sources attributed the attacks to Jihadi-inspired extremists. || The specific motive is unknown; however, sources noted that the group responsible for the attack supported the Islamic State of Iraq and the Levant (ISIL). Sources also noted that the leader of the group, Farhad Hoomer, contained ISIL propaganda and a picture of him wearing an ISIL beanie on his phone. || ",2018,FALSE,TRUE,FALSE,TRUE,TRUE,FALSE,FALSE,TRUE,7,TRUE,FALSE,TRUE,probable_inspired,high_score_text_claim_signal
data/globalterrorismdb_0522dist.csv,201807070008,2018,7,7,NA,0,NA,183,South Africa,11,Sub-Saharan Africa,KwaZulu-Natal,Durban,-29.784267,31.039801,1,0,NA,"07/07/2018: An incendiary device planted in a jacket pocket on a clothing rack detonated at a Woolworths store at the Pavilion shopping centre in Durban, KwaZulu-Natal, South Africa. There were no reported casualties in the attack. No group claimed responsibility for the incident; however, sources attributed the attacks to Jihadi-inspired extremists.",0,1,1,1,2,Other Crime Type,0,0,0,3,Bombing/Explosion,NA,NA,NA,NA,1,Business,7,Retail/Grocery/Bakery,Woolworths Group Limited,Grocery Store,183,South Africa,NA,NA,NA,NA,NA,NA,NA,NA,NA,NA,NA,NA,NA,NA,NA,NA,Jihadi-inspired extremists,NA,NA,NA,NA,NA,"The specific motive is unknown; however, sources noted that the group responsible for the attack supported the Islamic State of Iraq and the Levant (ISIL). Sources also noted that the leader of the group, Farhad Hoomer, contained ISIL propaganda and a picture of him wearing an ISIL beanie on his phone.",0,NA,NA,0,-99,-99,0,NA,NA,NA,NA,NA,NA,NA,NA,NA,6,Explosives,12,Remote Trigger,NA,NA,NA,NA,NA,NA,NA,NA,NA,NA,NA,NA,A pipe bomb utilizing a mobile phone as a triggering mechanism was used in the attack.,0,0,0,0,0,0,0,NA,NA,NA,NA,0,NA,NA,NA,NA,NA,NA,NA,NA,NA,NA,NA,NA,NA,NA,NA,There is doubt that this incident meets terrorism-related criteria. Sources suspected that the attack may have been related to extortion activities.,"""WATCH: Durban residents shaken after repeated bomb explosions,"" ENCA, July 10, 2018.","""More explosive devices found in the Durban suburb of Berea,"" News24, July 8, 2018.","""Cops probe Durban ‘bomb’ incidents9m ago | NEWS,"" The Mercury, July 8, 2018.",START Primary Collection,-9,-9,0,-9,NA,Jihadi-inspired extremists ||  ||  ||  ||  || ,"07/07/2018: An incendiary device planted in a jacket pocket on a clothing rack detonated at a Woolworths store at the Pavilion shopping centre in Durban, KwaZulu-Natal, South Africa. There were no reported casualties in the attack. No group claimed responsibility for the incident; however, sources attributed the attacks to Jihadi-inspired extremists. || The specific motive is unknown; however, sources noted that the group responsible for the attack supported the Islamic State of Iraq and the Levant (ISIL). Sources also noted that the leader of the group, Farhad Hoomer, contained ISIL propaganda and a picture of him wearing an ISIL beanie on his phone. || There is doubt that this incident meets terrorism-related criteria. Sources suspected that the attack may have been related to extortion activities.",2018,FALSE,TRUE,FALSE,TRUE,TRUE,FALSE,FALSE,TRUE,7,TRUE,FALSE,TRUE,probable_inspired,high_score_text_claim_signal
data/globalterrorismdb_0522dist.csv,201807190021,2018,7,19,NA,0,NA,183,South Africa,11,Sub-Saharan Africa,KwaZulu-Natal,Durban,-29.857564,31.02416,1,0,NA,"07/19/2018: An explosive device was discovered and safely defused at a Woolworths store in Durban, KwaZulu-Natal, South Africa. No group claimed responsibility for the incident; however, sources attributed the attacks to Jihadi-inspired extremists.",0,1,1,1,2,Other Crime Type,0,0,0,3,Bombing/Explosion,NA,NA,NA,NA,1,Business,7,Retail/Grocery/Bakery,Woolworths Group Limited,Grocery Store,183,South Africa,NA,NA,NA,NA,NA,NA,NA,NA,NA,NA,NA,NA,NA,NA,NA,NA,Jihadi-inspired extremists,NA,NA,NA,NA,NA,"The specific motive is unknown; however, sources noted that the group responsible for the attack supported the Islamic State of Iraq and the Levant (ISIL). Sources also noted that the leader of the group, Farhad Hoomer, contained ISIL propaganda and a picture of him wearing an ISIL beanie on his phone.",0,NA,NA,0,-99,-99,0,NA,NA,NA,NA,NA,NA,NA,NA,NA,6,Explosives,16,Unknown Explosive Type,NA,NA,NA,NA,NA,NA,NA,NA,NA,NA,NA,NA,NA,0,0,0,0,0,0,0,NA,NA,NA,NA,0,NA,NA,NA,NA,NA,NA,NA,NA,NA,NA,NA,NA,NA,NA,NA,There is doubt that this incident meets terrorism-related criteria. Sources suspected that the attack may have been related to extortion activities.,"""Suspected explosive device found in central Durban,"" News24, July 19, 2018.","""Woolworths beefs up security at KZN stores after bomb threats,"" Algoa FM, July 21, 2018.","""Extortion, not terror, behind the incendiary devices plaguing Durban,"" South Africa News Shafaqna, July 21, 2018.",START Primary Collection,-9,-9,0,-9,NA,Jihadi-inspired extremists ||  ||  ||  ||  || ,"07/19/2018: An explosive device was discovered and safely defused at a Woolworths store in Durban, KwaZulu-Natal, South Africa. No group claimed responsibility for the incident; however, sources attributed the attacks to Jihadi-inspired extremists. || The specific motive is unknown; however, sources noted that the group responsible for the attack supported the Islamic State of Iraq and the Levant (ISIL). Sources also noted that the leader of the group, Farhad Hoomer, contained ISIL propaganda and a picture of him wearing an ISIL beanie on his phone. || There is doubt that this incident meets terrorism-related criteria. Sources suspected that the attack may have been related to extortion activities.",2018,FALSE,TRUE,FALSE,TRUE,TRUE,FALSE,FALSE,TRUE,7,TRUE,FALSE,TRUE,probable_inspired,high_score_text_claim_signal
data/globalterrorismdb_0522dist.csv,201807220001,2018,7,22,NA,0,NA,38,Canada,1,North America,Ontario,Toronto,43.7252,-79.387029,1,0,The incident occurred in the Greektown area of the city.,"07/22/2018: An assailant opened fire on Danforth Avenue in Greektown, Toronto, Ontario, Canada. In addition to the assailant, two civilians were killed and 13 others were injured in the attack. Amaq News Agency claimed that the Islamic State of Iraq and the Levant (ISIL) was responsible for the attack; however, sources indicated that there was no connection between the assailant and ISIL. Sources attributed the attack to an unaffiliated individual, identified as Faisal Hussain and noted that he had previously visited ISIL websites.",1,1,1,1,4,Lack of Intentionality,0,1,0,2,Armed Assault,NA,NA,NA,NA,1,Business,2,Restaurant/Bar/Café,Caffe Demetres,Restaurant,38,Canada,NA,NA,NA,NA,NA,NA,NA,NA,NA,NA,NA,NA,NA,NA,NA,NA,Jihadi-inspired extremists,NA,NA,NA,NA,NA,"The specific motive is unknown; however, sources noted that Faisal Hussain visited Islamic State of Iraq and the Levant (ISIL) websites and supported the group.",0,NA,NA,1,1,0,0,NA,NA,NA,NA,NA,NA,NA,NA,NA,5,Firearms,3,Handgun,NA,NA,NA,NA,NA,NA,NA,NA,NA,NA,NA,NA,A pistol was used in the attack.,3,0,1,13,0,0,0,NA,NA,NA,NA,0,NA,NA,NA,NA,NA,NA,NA,NA,NA,NA,NA,NA,NA,NA,NA,"There is doubt that this incident meets terrorism-related criteria. Sources stated that the assailant suffered from mental health issues. The victims included civilians Julianna Kozis and Reese Fallon. Casualty numbers conflict across sources. Following GTD protocol, the most recent reliable estimates are reported here.","""No evidence Isis responsible for Toronto attack   police,"" The Irish Times, July 26, 2018.","""'No evidence' Danforth shooter Faisal Hussain connected to ISIS, Toronto police say,"" CBC, July 25, 2018.","""'No evidence' to support ISIS claim of Danforth attack, police say,"" CTV News, July 25, 2018.",START Primary Collection,-9,-9,0,-9,NA,Jihadi-inspired extremists ||  ||  ||  ||  || ,"07/22/2018: An assailant opened fire on Danforth Avenue in Greektown, Toronto, Ontario, Canada. In addition to the assailant, two civilians were killed and 13 others were injured in the attack. Amaq News Agency claimed that the Islamic State of Iraq and the Levant (ISIL) was responsible for the attack; however, sources indicated that there was no connection between the assailant and ISIL. Sources attributed the attack to an unaffiliated individual, identified as Faisal Hussain and noted that he had previously visited ISIL websites. || The specific motive is unknown; however, sources noted that Faisal Hussain visited Islamic State of Iraq and the Levant (ISIL) websites and supported the group. || There is doubt that this incident meets terrorism-related criteria. Sources stated that the assailant suffered from mental health issues. The victims included civilians Julianna Kozis and Reese Fallon. Casualty numbers conflict across sources. Following GTD protocol, the most recent reliable estimates are reported here.",2018,FALSE,TRUE,FALSE,TRUE,TRUE,FALSE,FALSE,TRUE,7,TRUE,FALSE,TRUE,probable_inspired,high_score_text_claim_signal
data/globalterrorismdb_0522dist.csv,201808100016,2018,8,10,NA,0,NA,102,Jordan,10,Middle East & North Africa,Balqa,Fuheis,32.00408,35.784506,1,0,NA,"08/10/2018: An explosive device detonated targeting a gendarmerie patrol vehicle near a festival in Fuheis, Balqa, Jordan. At least two police officers were killed and five other officers were injured in the blast. No group claimed responsibility; however, sources attributed the attack to jihadi-inspired extremists.",1,1,1,0,NA,NA,0,1,0,3,Bombing/Explosion,NA,NA,NA,NA,3,Police,23,Police Patrol (including vehicles and convoys),Jordan Gendarmerie,Patrol,102,Jordan,NA,NA,NA,NA,NA,NA,NA,NA,NA,NA,NA,NA,NA,NA,NA,NA,Jihadi-inspired extremists,NA,NA,NA,NA,NA,"The specific motive is unknown; however, sources posited that the assailants followed the ideology of the Islamic State of Iraq and the Levant (ISIL).",0,NA,NA,0,8,5,0,NA,NA,NA,NA,NA,NA,NA,NA,NA,6,Explosives,17,Other Explosive Type,NA,NA,NA,NA,NA,NA,NA,NA,NA,NA,NA,NA,A homemade explosive device was used in the attack.,2,0,0,5,0,0,1,3,Minor (likely < $1 million),-99,A vehicle was damaged in this attack.,0,NA,NA,NA,NA,NA,NA,NA,NA,NA,NA,NA,NA,NA,NA,NA,"The victims included Sergeant Ali Adnan Qawqaza and Corporal Ahmed Zu'bi. Casualty numbers conflict across sources. Following GTD protocol, the most recent reliable estimates are reported here.","""Jordan: Four security officers killed after storming building,"" Al Jazeera, August 12, 2018.","""Officer dies of injuries sustained in Fuheis attack,"" Jordan Times, August 20, 2018.","""Militants in Jordan attack Daesh supporters,"" Gulf News, August 13, 2018.",START Primary Collection,-9,-9,0,-9,NA,Jihadi-inspired extremists ||  ||  ||  ||  || ,"08/10/2018: An explosive device detonated targeting a gendarmerie patrol vehicle near a festival in Fuheis, Balqa, Jordan. At least two police officers were killed and five other officers were injured in the blast. No group claimed responsibility; however, sources attributed the attack to jihadi-inspired extremists. || The specific motive is unknown; however, sources posited that the assailants followed the ideology of the Islamic State of Iraq and the Levant (ISIL). || The victims included Sergeant Ali Adnan Qawqaza and Corporal Ahmed Zu'bi. Casualty numbers conflict across sources. Following GTD protocol, the most recent reliable estimates are reported here.",2018,FALSE,TRUE,FALSE,TRUE,TRUE,FALSE,FALSE,TRUE,7,TRUE,FALSE,TRUE,probable_inspired,high_score_text_claim_signal
data/globalterrorismdb_0522dist.csv,201810070039,2018,10,7,NA,0,NA,75,Germany,8,Western Europe,Bavaria,Allersberg,49.250493,11.216857,1,1,NA,"10/07/2018: Assailants attempted to sabotage an ICE 821 train by pulling a steel wire across train tracks near Allersberg, Bavaria, Germany. There were no reported casualties in the attack. Authorities apprehended an unidentified individual in connection with the attack. Jihadi-inspired extremists claimed responsibility for the incident.",1,1,1,0,NA,NA,0,1,0,7,Facility/Infrastructure Attack,NA,NA,NA,NA,19,Transportation,100,Train/Train Tracks/Trolley,Intercity-Express,821 Train,75,Germany,NA,NA,NA,NA,NA,NA,NA,NA,NA,NA,NA,NA,NA,NA,NA,NA,Jihadi-inspired extremists,NA,NA,NA,NA,NA,A note and other docments alluding to support for the Islamic State of Iraq and the Levant (ISIL) were found at the scene.,0,NA,NA,1,1,1,1,5,Note left at scene,NA,NA,NA,NA,NA,NA,NA,11,Sabotage Equipment,NA,NA,NA,NA,NA,NA,NA,NA,NA,NA,NA,NA,NA,NA,Steel wire and wooden wedges were used in the attack.,0,0,0,0,0,0,1,3,Minor (likely < $1 million),-99,A window was damaged.,0,NA,NA,NA,NA,NA,NA,NA,NA,NA,NA,NA,NA,NA,NA,NA,NA,"""Terrorism Digest: 28-29 October 2018,"" BBC Monitoring, October 28, 2018.","""Germany: Islamic Bulletin for 24-30 October 2018,"" Summary, October 24, 2018.",NA,START Primary Collection,-9,-9,0,-9,NA,Jihadi-inspired extremists ||  ||  ||  ||  || ,"10/07/2018: Assailants attempted to sabotage an ICE 821 train by pulling a steel wire across train tracks near Allersberg, Bavaria, Germany. There were no reported casualties in the attack. Authorities apprehended an unidentified individual in connection with the attack. Jihadi-inspired extremists claimed responsibility for the incident. || A note and other docments alluding to support for the Islamic State of Iraq and the Levant (ISIL) were found at the scene. || ",2018,FALSE,TRUE,FALSE,TRUE,TRUE,FALSE,TRUE,TRUE,9,TRUE,FALSE,TRUE,probable_inspired,high_score_text_claim_signal
data/globalterrorismdb_0522dist.csv,201810150005,2018,10,15,NA,0,NA,75,Germany,8,Western Europe,North Rhine-Westphalia,Cologne,50.945667,6.973219,1,0,NA,"10/15/2018: An assailant set fire to a McDonald's restaurant in the main railway station in Cologne, North Rhine-Westphalia, Germany. The assailant then went into an adjacent pharmacy, took a civilian hostage, and covered them in petrol. Police were able to free the hostage on site. Four people, including the assailant, were injured during the attack. An unaffiliated individual claimed responsibility for the incident and ""demanded to be allowed to leave Germany for Islamic State in Syria.""",1,1,1,1,4,Lack of Intentionality,0,1,0,5,Hostage Taking (Barricade Incident),2,Armed Assault,NA,NA,1,Business,4,Multinational Corporation,McDonald's,Restaurant,75,Germany,14,Private Citizens & Property,67,Unnamed Civilian/Unspecified,Not Applicable,Civilian,75,Germany,NA,NA,NA,NA,NA,NA,NA,NA,Jihadi-inspired extremists,NA,NA,NA,NA,NA,"An unaffiliated individual claimed responsibility for the incident and ""demanded to be allowed to leave Germany for Islamic State in Syria.""",0,NA,NA,1,1,1,1,8,Personal claim,NA,NA,NA,NA,NA,NA,NA,8,Incendiary,20,Gasoline or Alcohol,7,Fake Weapons,NA,NA,NA,NA,NA,NA,NA,NA,NA,NA,"Petrol, a fake pistol, and two camping gas canisters taped together and containing metal balls were used in the attack.",0,0,0,4,0,1,1,3,Minor (likely < $1 million),-99,A McDonald's was damaged in this attack.,1,1,0,-99,NA,NA,NA,0,NA,NA,NA,NA,NA,5,Successful Rescue,1,There is doubt that this incident meets terrorism-related criteria. Sources suspected that the assailant suffered from mental health issues.,"""German prosecutors probing terrorist motive in Cologne station attack,"" Deutsche Presse-Agentur, October 17, 2018.","""Cologne hostage-taker had mental problems: police,"" Gulf News, October 16, 2018.","""German police not ruling out ‘terror’ motive in hostage drama,"" NewsAfricaNow.com, October 17, 2018.",START Primary Collection,-9,-9,0,-9,NA,Jihadi-inspired extremists ||  ||  ||  ||  || ,"10/15/2018: An assailant set fire to a McDonald's restaurant in the main railway station in Cologne, North Rhine-Westphalia, Germany. The assailant then went into an adjacent pharmacy, took a civilian hostage, and covered them in petrol. Police were able to free the hostage on site. Four people, including the assailant, were injured during the attack. An unaffiliated individual claimed responsibility for the incident and ""demanded to be allowed to leave Germany for Islamic State in Syria."" || An unaffiliated individual claimed responsibility for the incident and ""demanded to be allowed to leave Germany for Islamic State in Syria."" || There is doubt that this incident meets terrorism-related criteria. Sources suspected that the assailant suffered from mental health issues.",2018,FALSE,TRUE,FALSE,TRUE,TRUE,FALSE,TRUE,TRUE,9,TRUE,FALSE,TRUE,probable_inspired,high_score_text_claim_signal
data/globalterrorismdb_0522dist.csv,201810290007,2018,10,29,NA,0,NA,208,Tunisia,10,Middle East & North Africa,Tunis,Tunis,36.800399,10.18662,1,0,The incident occurred on Habib Bourguiba Street.,"10/29/2018: A suicide bomber detonated an explosive device targeting police personnel on Habib Bourguiba street in Tunis, Tunisia. The assailant was killed and 26 people, including police and civilians, were injured in the blast. No group claimed responsibility for the incident; however, sources identified the assailant as Mouna Guebla. Sources noted that Guebla had pledged allegiance to the Islamic State of Iraq and the Levant (ISIL).",1,1,1,0,NA,NA,0,1,1,3,Bombing/Explosion,NA,NA,NA,NA,3,Police,25,Police Security Forces/Officers,Tunisian Police,Officers,208,Tunisia,14,Private Citizens & Property,67,Unnamed Civilian/Unspecified,Not Applicable,Civilians,208,Tunisia,NA,NA,NA,NA,NA,NA,NA,NA,Jihadi-inspired extremists,NA,NA,NA,NA,NA,"The specific motive is unknown; however, sources noted that Mouna Guebla had pledged allegiance to the Islamic State of Iraq and the Levant (ISIL).",0,NA,NA,0,1,0,0,NA,NA,NA,NA,NA,NA,NA,NA,NA,6,Explosives,13,Suicide (carried bodily by human being),NA,NA,NA,NA,NA,NA,NA,NA,NA,NA,NA,NA,A homemade bomb was used in the attack.,1,0,1,26,0,0,0,NA,NA,NA,NA,0,NA,NA,NA,NA,NA,NA,NA,NA,NA,NA,NA,NA,NA,NA,NA,"Casualty numbers conflict across sources. Following GTD protocol, the majority most reliable estimates are reported here.","""Tunisian bomber was jobless graduate,"" BBC, October 30, 2018.","""Tunis bomber had sworn allegiance to IS,"" DT News is Bahrain's, November 20, 2018.","""Female suicide bomber injures 20 in Tunisian capital,"" Anadolu Agency (AA), October 29, 2018.",START Primary Collection,-9,-9,0,-9,NA,Jihadi-inspired extremists ||  ||  ||  ||  || ,"10/29/2018: A suicide bomber detonated an explosive device targeting police personnel on Habib Bourguiba street in Tunis, Tunisia. The assailant was killed and 26 people, including police and civilians, were injured in the blast. No group claimed responsibility for the incident; however, sources identified the assailant as Mouna Guebla. Sources noted that Guebla had pledged allegiance to the Islamic State of Iraq and the Levant (ISIL). || The specific motive is unknown; however, sources noted that Mouna Guebla had pledged allegiance to the Islamic State of Iraq and the Levant (ISIL). || Casualty numbers conflict across sources. Following GTD protocol, the majority most reliable estimates are reported here.",2018,FALSE,TRUE,FALSE,TRUE,TRUE,FALSE,FALSE,TRUE,7,TRUE,FALSE,TRUE,probable_inspired,high_score_text_claim_signal
data/globalterrorismdb_0522dist.csv,201811090001,2018,11,9,NA,0,NA,14,Australia,12,Australasia & Oceania,Victoria,Melbourne,-37.813628,144.963057,1,0,NA,"11/09/2018: An assailant exited his car, which was loaded with gas cylinders that caught fire, and proceeded to stab civilians in central Melbourne, Victoria, Australia. One civilian was killed and two others were injured in the attack before the assailant was shot and killed by police. Sources noted that the assailant, Hassan Khalif Shire Ali, had his passport revoked in 2015 because authorities believed he was planning to travel to Syria in order to join the Islamic State of Iraq and the Levant (ISIL).",1,1,1,0,NA,NA,0,1,0,2,Armed Assault,NA,NA,NA,NA,14,Private Citizens & Property,67,Unnamed Civilian/Unspecified,Not Applicable,Civilians,14,Australia,3,Police,25,Police Security Forces/Officers,Government of Australia,Officers,14,Australia,NA,NA,NA,NA,NA,NA,NA,NA,Jihadi-inspired extremists,NA,NA,NA,NA,NA,"The specific motive is unknown; however, sources noted that Hassan Khalif Shire Ali's passport was cancelled in 2015 because authorities believed he was planning to travel to Syria in order to join the Islamic State of Iraq and the Levant (ISIL).",0,NA,NA,1,1,0,0,NA,NA,NA,NA,NA,NA,NA,NA,NA,8,Incendiary,20,Gasoline or Alcohol,9,Melee,23,Knife or Other Sharp Object,NA,NA,NA,NA,NA,NA,NA,NA,A pickup truck filled with gas cylinders and a knife were used in the attack.,2,0,1,2,0,0,0,NA,NA,NA,NA,0,NA,NA,NA,NA,NA,NA,NA,NA,NA,NA,NA,NA,NA,NA,NA,"The Islamic State of Iraq and the Levant (ISIL)'s Amaq News Agency claimed that Hassan Khalif Shire Ali was ""one of Islamic State fighters;"" however, there was no known connection between Ali and ISIL found. The victims included restaurant owner Sisto Malaspina.","""Police Say Treating Melbourne Stabbing As A Terror Attack,"" AFP (World Service), November 9, 2018.","""Man shot dead after fire,stabbing in Melbourne,"" Oman Observer, November 10, 2018.","""Melbourne knife attacker inspired by Islamic State, police say,"" Reuters Canada, November 10, 2018.",START Primary Collection,-9,-9,0,-9,NA,Jihadi-inspired extremists ||  ||  ||  ||  || ,"11/09/2018: An assailant exited his car, which was loaded with gas cylinders that caught fire, and proceeded to stab civilians in central Melbourne, Victoria, Australia. One civilian was killed and two others were injured in the attack before the assailant was shot and killed by police. Sources noted that the assailant, Hassan Khalif Shire Ali, had his passport revoked in 2015 because authorities believed he was planning to travel to Syria in order to join the Islamic State of Iraq and the Levant (ISIL). || The specific motive is unknown; however, sources noted that Hassan Khalif Shire Ali's passport was cancelled in 2015 because authorities believed he was planning to travel to Syria in order to join the Islamic State of Iraq and the Levant (ISIL). || The Islamic State of Iraq and the Levant (ISIL)'s Amaq News Agency claimed that Hassan Khalif Shire Ali was ""one of Islamic State fighters;"" however, there was no known connection between Ali and ISIL found. The victims included restaurant owner Sisto Malaspina.",2018,FALSE,TRUE,FALSE,TRUE,TRUE,FALSE,FALSE,TRUE,7,TRUE,FALSE,TRUE,probable_inspired,high_score_text_claim_signal
data/globalterrorismdb_0522dist.csv,201812110001,2018,12,11,NA,0,NA,69,France,8,Western Europe,Grand-Est,Strasbourg,48.582586,7.74894,1,0,The incident occurred along Rue des Orfevres.,"12/11/2018: An assailant, armed with a firearm and a knife, attacked civilians at a Christmas market along Rue des Orfevres, Strasbourg, Grand-Est, France. Five civilians were killed and 11 others were injured in the attack. The assailant was killed by authorities on December 13, 2018. Cherif Chekatt, an unaffiliated individual, claimed responsibility for the incident and pledged allegiance to the Islamic State of Iraq and the Levant (ISIL). The Islamic State of Iraq and the Levant (ISIL)'s Amaq News Agency claimed that Chekatt was a ""soldier"" of ISIL; however, the French Interior Minister refuted the claim.",1,1,1,0,NA,NA,0,1,0,2,Armed Assault,NA,NA,NA,NA,14,Private Citizens & Property,74,Marketplace/Plaza/Square,Christmas Market,Market,69,France,14,Private Citizens & Property,67,Unnamed Civilian/Unspecified,Not Applicable,Civilians,999,Multinational,NA,NA,NA,NA,NA,NA,NA,NA,Jihadi-inspired extremists,NA,NA,NA,NA,NA,"Cherif Chekatt, an unaffiliated individual, claimed responsibility for the incident and pledged allegiance to the Islamic State of Iraq and the Levant (ISIL). Souces also noted that in 2008, a poster of Osama bin Laden was found in Chekatt's prison cell.",0,NA,NA,1,1,0,1,6,Video,NA,NA,NA,NA,NA,NA,NA,5,Firearms,3,Handgun,9,Melee,23,Knife or Other Sharp Object,NA,NA,NA,NA,NA,NA,NA,NA,An 8-mm Modele 1892 revolver and a knife were used in the attack.,5,0,0,11,0,0,0,NA,NA,NA,NA,0,NA,NA,NA,NA,NA,NA,NA,NA,NA,NA,NA,NA,NA,NA,NA,"The victims included Polish national Barto Pedro Orent-Niedzielski, Thai national Anupong Suebsamarn, Afghan National Kamal Naghchband, and Italian national Antonio Megalizzi. Casualty numbers conflict across sources. Following GTD protocol, the most recent reliable estimates are reported here.","""Strasbourg Christmas market attacker Chekatt shot dead,"" BBC, December 13, 2018.","""At Least 1 Dead After Shooting in Strasbourg,"" New York Times, December 11, 2018.","""Market gunman pledged allegiance to Isil; News in Brief,"" Sunday Independent (Ireland), December 23, 2018.",START Primary Collection,-9,-9,1,1,NA,Jihadi-inspired extremists ||  ||  ||  ||  || ,"12/11/2018: An assailant, armed with a firearm and a knife, attacked civilians at a Christmas market along Rue des Orfevres, Strasbourg, Grand-Est, France. Five civilians were killed and 11 others were injured in the attack. The assailant was killed by authorities on December 13, 2018. Cherif Chekatt, an unaffiliated individual, claimed responsibility for the incident and pledged allegiance to the Islamic State of Iraq and the Levant (ISIL). The Islamic State of Iraq and the Levant (ISIL)'s Amaq News Agency claimed that Chekatt was a ""soldier"" of ISIL; however, the French Interior Minister refuted the claim. || Cherif Chekatt, an unaffiliated individual, claimed responsibility for the incident and pledged allegiance to the Islamic State of Iraq and the Levant (ISIL). Souces also noted that in 2008, a poster of Osama bin Laden was found in Chekatt's prison cell. || The victims included Polish national Barto Pedro Orent-Niedzielski, Thai national Anupong Suebsamarn, Afghan National Kamal Naghchband, and Italian national Antonio Megalizzi. Casualty numbers conflict across sources. Following GTD protocol, the most recent reliable estimates are reported here.",2018,FALSE,TRUE,FALSE,TRUE,TRUE,FALSE,TRUE,TRUE,9,TRUE,FALSE,TRUE,probable_inspired,high_score_text_claim_signal
data/globalterrorismdb_0522dist.csv,201812170011,2018,12,17,NA,0,NA,136,Morocco,10,Middle East & North Africa,Marrakech-Tensift-El Haouz,Imlil,31.137745,-7.919794,1,1,NA,"12/17/2018: Assailants beheaded two women, identified as Louisa Vesterager Jespersen and Maren Ueland on a trail in the High Atlas Mountains near Imlil, Marrakech-Tensift-El Haouz, Morocco. Four assailants were arrested in connection with the attack. In a video, the assailants pledged allegiance to the Islamic State of Iraq and the Levant (ISIL) and stated that the attack was ""revenge for our brothers in Hajin.""",1,1,1,0,NA,NA,0,1,0,6,Hostage Taking (Kidnapping),NA,NA,NA,NA,18,Tourists,97,Tourist,Not Applicable,Tourist: Louisa Vesterager Jespersen,55,Denmark,18,Tourists,97,Tourist,Not Applicable,Tourist: Maren Ueland,151,Norway,NA,NA,NA,NA,NA,NA,NA,NA,Jihadi-inspired extremists,NA,NA,NA,NA,NA,"Unaffiliated individuals claimed responsibility for the incident and pledged allegiance to the Islamic State of Iraq and the Levant (ISIL). The individuals also stated that the attack was ""...revenge for our brothers in Hajin.""",0,NA,NA,1,-99,-99,1,6,Video,NA,NA,NA,NA,NA,NA,NA,9,Melee,23,Knife or Other Sharp Object,NA,NA,NA,NA,NA,NA,NA,NA,NA,NA,NA,NA,Knives were used in the attack.,2,0,0,0,0,0,0,NA,NA,NA,NA,1,2,0,-99,NA,NA,NA,0,NA,NA,NA,NA,NA,4,Hostage(s) killed (not during rescue attempt),0,NA,"""Morocco: Swiss national arrested over links to tourists' killing,"" Al Jazeera, December 30, 2018.","""'Radicals' key suspects in killing of Morocco tourists,"" Saudi Gazette, December 22, 2018.","""Two tourists killed in Morocco — one of them beheaded — in likely terrorist attack,"" Washington Post, December 20, 2018.",START Primary Collection,-9,-9,1,1,NA,Jihadi-inspired extremists ||  ||  ||  ||  || ,"12/17/2018: Assailants beheaded two women, identified as Louisa Vesterager Jespersen and Maren Ueland on a trail in the High Atlas Mountains near Imlil, Marrakech-Tensift-El Haouz, Morocco. Four assailants were arrested in connection with the attack. In a video, the assailants pledged allegiance to the Islamic State of Iraq and the Levant (ISIL) and stated that the attack was ""revenge for our brothers in Hajin."" || Unaffiliated individuals claimed responsibility for the incident and pledged allegiance to the Islamic State of Iraq and the Levant (ISIL). The individuals also stated that the attack was ""...revenge for our brothers in Hajin."" || ",2018,FALSE,TRUE,FALSE,TRUE,TRUE,FALSE,TRUE,TRUE,9,TRUE,FALSE,TRUE,probable_inspired,high_score_text_claim_signal
data/globalterrorismdb_0522dist.csv,201812230009,2018,12,23,NA,0,NA,75,Germany,8,Western Europe,Berlin,Berlin,52.501532,13.40185,1,0,The incident occurred in East Berlin between Karlshorst and Wuhlheide railway stations.,"12/23/2018: An assailant attacked an overhead power cable on a railway track between Karlshorst and Wuhlheide railway stations in eastern Berlin, Germany. There were no reported casualties in the incident. A Jihadi-inspired extremist claimed responsibility for the attack and an Islamic State of Iraq and the Levant (ISIL) flag was discovered at the scene. Sources also suspected that the assailant supported ISIL.",1,1,1,0,NA,NA,0,1,0,7,Facility/Infrastructure Attack,NA,NA,NA,NA,19,Transportation,100,Train/Train Tracks/Trolley,Unknown,Train Overhead Cable,75,Germany,NA,NA,NA,NA,NA,NA,NA,NA,NA,NA,NA,NA,NA,NA,NA,NA,Jihadi-inspired extremists,NA,NA,NA,NA,NA,An Islamic State of Iraq and the Levant (ISIL) flag was discovered at the scene. Sources also posited that the assailant supported ISIL.,0,NA,NA,1,1,1,1,5,Note left at scene,NA,NA,NA,NA,NA,NA,NA,11,Sabotage Equipment,NA,NA,NA,NA,NA,NA,NA,NA,NA,NA,NA,NA,NA,NA,NA,0,0,0,0,0,0,1,4,Unknown,-99,A railway power cable was damaged in this attack.,0,NA,NA,NA,NA,NA,NA,NA,NA,NA,NA,NA,NA,NA,NA,NA,NA,"""Singapore: German police find Islamic State flag after suspected attack on railway,"" Channel NewsAsia Online, December 25, 2018.","""Europe: German-Speaking Islamic Bulletin for 15-31 December 2018,"" Summary, December 15, 2018.",NA,START Primary Collection,-9,-9,0,-9,NA,Jihadi-inspired extremists ||  ||  ||  ||  || ,"12/23/2018: An assailant attacked an overhead power cable on a railway track between Karlshorst and Wuhlheide railway stations in eastern Berlin, Germany. There were no reported casualties in the incident. A Jihadi-inspired extremist claimed responsibility for the attack and an Islamic State of Iraq and the Levant (ISIL) flag was discovered at the scene. Sources also suspected that the assailant supported ISIL. || An Islamic State of Iraq and the Levant (ISIL) flag was discovered at the scene. Sources also posited that the assailant supported ISIL. || ",2018,FALSE,TRUE,FALSE,TRUE,TRUE,FALSE,TRUE,TRUE,9,TRUE,FALSE,TRUE,probable_inspired,high_score_text_claim_signal
data/globalterrorismdb_0522dist.csv,201803060019,2018,3,6,NA,0,NA,200,Syria,10,Middle East & North Africa,Aleppo,Bab,36.366198,37.512275,1,0,The incident occurred in the Bab district.,"03/06/2018: An explosives-laden vehicle detonated near a police station and a post office in Bab, Aleppo, Syria. At least one person was killed and five other people were injured in the blast. No group claimed responsibility; however, sources attributed the attack to the Kurdistan Workers' Party (PKK).",1,1,1,0,NA,NA,0,1,0,3,Bombing/Explosion,NA,NA,NA,NA,14,Private Citizens & Property,67,Unnamed Civilian/Unspecified,Not Applicable,Civilians,200,Syria,NA,NA,NA,NA,NA,NA,NA,NA,NA,NA,NA,NA,NA,NA,NA,NA,Kurdistan Workers' Party (PKK),NA,NA,NA,NA,NA,NA,0,NA,NA,0,-99,0,0,NA,NA,NA,NA,NA,NA,NA,NA,NA,6,Explosives,15,Vehicle,NA,NA,NA,NA,NA,NA,NA,NA,NA,NA,NA,NA,NA,0,0,0,5,0,0,-9,NA,NA,NA,NA,0,NA,NA,NA,NA,NA,NA,NA,NA,NA,NA,NA,NA,NA,NA,NA,"Casualty numbers conflict across sources. Following GTD protocol, the majority reliable estimates are reported here. Sources stated that the explosive device was constructed by Islamic State of Iraq and the Levant (ISIL) members.","""Daesh prepared bombs used in recent PKK attacks: locals,"" Anadolu Ajansi, March 8, 2018.","""1 killed in car bomb blast in Syria's Al-Bab,"" Anadolu Ajansi, March 6, 2018.","""BBCM: Several Killed in Blast in Rebel-Held Areas in Northern Syria,"" BBC Monitoring, March 7, 2018.",START Primary Collection,1,1,0,1,NA,Kurdistan Workers' Party (PKK) ||  ||  ||  ||  || ,"03/06/2018: An explosives-laden vehicle detonated near a police station and a post office in Bab, Aleppo, Syria. At least one person was killed and five other people were injured in the blast. No group claimed responsibility; however, sources attributed the attack to the Kurdistan Workers' Party (PKK). ||  || Casualty numbers conflict across sources. Following GTD protocol, the majority reliable estimates are reported here. Sources stated that the explosive device was constructed by Islamic State of Iraq and the Levant (ISIL) members.",2018,FALSE,FALSE,FALSE,TRUE,TRUE,FALSE,FALSE,TRUE,5,FALSE,FALSE,TRUE,probable_inspired,high_score_text_claim_signal
data/globalterrorismdb_0522dist.csv,201803070017,2018,3,7,NA,0,NA,200,Syria,10,Middle East & North Africa,Aleppo,Jarabulus,36.818631,38.011127,1,0,The incident occurred in the Jarabulus district.,"03/07/2018: An explosives-laden vehicle detonated near a Free Syrian Army checkpoint in Jarabulus, Aleppo, Syria. At least six people were killed and 15 other people were injured in the blast; the victims included FSA members, Syrian Police officers, and civilians. No group claimed responsibility; however, sources attributed the attack to the Kurdistan Workers' Party (PKK) and the People's Protection Units (YPG).",1,0,1,1,3,Intra/Inter-group Conflict,0,1,0,3,Bombing/Explosion,NA,NA,NA,NA,3,Police,25,Police Security Forces/Officers,Syrian Police,Officer,200,Syria,17,Terrorists/Non-State Militia,93,Terrorist,Free Syrian Army (FSA),Checkpoint,200,Syria,14,Private Citizens & Property,67,Unnamed Civilian/Unspecified,Not Applicable,Civilians,200,Syria,Kurdistan Workers' Party (PKK),NA,People's Protection Units (YPG),NA,NA,NA,NA,0,0,NA,0,-99,0,0,NA,NA,0,NA,NA,NA,NA,NA,NA,6,Explosives,15,Vehicle,NA,NA,NA,NA,NA,NA,NA,NA,NA,NA,NA,NA,NA,6,0,0,15,0,0,-9,NA,NA,NA,NA,0,NA,NA,NA,NA,NA,NA,NA,NA,NA,NA,NA,NA,NA,NA,NA,"There is doubt that this incident meets terrorism-related criteria. The attack may have been the result of conflict between rival groups. Casualty numbers conflict across sources. Following GTD protocol, the most recent reliable estimates are reported here. Sources stated that the explosive device was constructed by Islamic State of Iraq and the Levant (ISIL) members.","""1ST LEAD,"" Deutsche Presse-Agentur, March 7, 2018.","""Car bombing injures 13 in Syria's Jarabulus,"" Anadolu Agency (AA), March 25, 2018.","""Daesh prepared bombs used in recent PKK attacks: locals,"" Anadolu Ajansi, March 8, 2018.",START Primary Collection,0,1,0,1,NA,Kurdistan Workers' Party (PKK) || People's Protection Units (YPG) ||  ||  ||  || ,"03/07/2018: An explosives-laden vehicle detonated near a Free Syrian Army checkpoint in Jarabulus, Aleppo, Syria. At least six people were killed and 15 other people were injured in the blast; the victims included FSA members, Syrian Police officers, and civilians. No group claimed responsibility; however, sources attributed the attack to the Kurdistan Workers' Party (PKK) and the People's Protection Units (YPG). ||  || There is doubt that this incident meets terrorism-related criteria. The attack may have been the result of conflict between rival groups. Casualty numbers conflict across sources. Following GTD protocol, the most recent reliable estimates are reported here. Sources stated that the explosive device was constructed by Islamic State of Iraq and the Levant (ISIL) members.",2018,FALSE,FALSE,FALSE,TRUE,TRUE,FALSE,FALSE,TRUE,5,FALSE,FALSE,TRUE,probable_inspired,high_score_text_claim_signal
data/globalterrorismdb_0522dist.csv,201805090042,2018,5,9,"May 9, 2018",1,06/07/2018,200,Syria,10,Middle East & North Africa,Deir ez-Zor,Deir ez-Zor,35.333062,40.138737,1,0,The incident occurred in Deir ez-Zor district.,"05/09/2018: Assailants abducted an engineer accused of being an Islamic State of Iraq and the Levant (ISIL) member in Deir ez-Zor, Syria. The hostage was tortured and killed and his body was returned to his family on June 7, 2018. No group claimed responsibility; however, sources attributed the attack to the Kurdistan Workers' Party (PKK).",1,1,1,0,NA,NA,0,1,0,6,Hostage Taking (Kidnapping),NA,NA,NA,NA,14,Private Citizens & Property,77,Laborer (General)/Occupation Identified,Not Applicable,Suspected Member of Islamic State of Iraq and the Levant (ISIL): Fahad Ammash al-Haji al-Naif,200,Syria,NA,NA,NA,NA,NA,NA,NA,NA,NA,NA,NA,NA,NA,NA,NA,NA,Kurdistan Workers' Party (PKK),NA,NA,NA,NA,NA,NA,0,NA,NA,0,-99,0,0,NA,NA,NA,NA,NA,NA,NA,NA,NA,13,Unknown,NA,NA,NA,NA,NA,NA,NA,NA,NA,NA,NA,NA,NA,NA,NA,1,0,0,0,0,0,0,NA,NA,NA,NA,1,1,0,NA,29,NA,NA,0,NA,NA,NA,NA,NA,4,Hostage(s) killed (not during rescue attempt),0,NA,"""2 Syrians tortured to death by YPG/PKK terrorists,"" Anadolu Ajansi, June 9, 2018.",NA,NA,START Primary Collection,1,1,0,1,NA,Kurdistan Workers' Party (PKK) ||  ||  ||  ||  || ,"05/09/2018: Assailants abducted an engineer accused of being an Islamic State of Iraq and the Levant (ISIL) member in Deir ez-Zor, Syria. The hostage was tortured and killed and his body was returned to his family on June 7, 2018. No group claimed responsibility; however, sources attributed the attack to the Kurdistan Workers' Party (PKK). ||  || ",2018,FALSE,FALSE,FALSE,TRUE,TRUE,FALSE,FALSE,TRUE,5,FALSE,FALSE,TRUE,probable_inspired,high_score_text_claim_signal
data/globalterrorismdb_0522dist.csv,201805090043,2018,5,9,"May 9, 2018",1,06/09/2018,200,Syria,10,Middle East & North Africa,Deir ez-Zor,Muhassan,35.219362,40.335558,1,0,The incident occurred in Deir ez-Zor district.,"05/09/2018: Assailants abducted a pharmacist accused of being an Islamic State of Iraq and the Levant (ISIL) member in Deir ez-Zor, Syria. The hostage was tortured and killed as of June 9, 2018. No group claimed responsibility; however, sources attributed the attack to the Kurdistan Workers' Party (PKK).",1,1,1,0,NA,NA,0,1,0,6,Hostage Taking (Kidnapping),NA,NA,NA,NA,14,Private Citizens & Property,77,Laborer (General)/Occupation Identified,Not Applicable,Suspected Member of the Islamic State of Iraq and the Levant (ISIL): Saleh al-Ahmad al-Yassin,200,Syria,NA,NA,NA,NA,NA,NA,NA,NA,NA,NA,NA,NA,NA,NA,NA,NA,Kurdistan Workers' Party (PKK),NA,NA,NA,NA,NA,NA,0,NA,NA,0,-99,0,0,NA,NA,NA,NA,NA,NA,NA,NA,NA,13,Unknown,NA,NA,NA,NA,NA,NA,NA,NA,NA,NA,NA,NA,NA,NA,NA,1,0,0,0,0,0,0,NA,NA,NA,NA,1,1,0,NA,31,NA,NA,0,NA,NA,NA,NA,NA,4,Hostage(s) killed (not during rescue attempt),0,NA,"""2 Syrians tortured to death by YPG/PKK terrorists,"" Anadolu Ajansi, June 9, 2018.",NA,NA,START Primary Collection,1,1,0,1,NA,Kurdistan Workers' Party (PKK) ||  ||  ||  ||  || ,"05/09/2018: Assailants abducted a pharmacist accused of being an Islamic State of Iraq and the Levant (ISIL) member in Deir ez-Zor, Syria. The hostage was tortured and killed as of June 9, 2018. No group claimed responsibility; however, sources attributed the attack to the Kurdistan Workers' Party (PKK). ||  || ",2018,FALSE,FALSE,FALSE,TRUE,TRUE,FALSE,FALSE,TRUE,5,FALSE,FALSE,TRUE,probable_inspired,high_score_text_claim_signal
data/globalterrorismdb_0522dist.csv,201806050039,2018,6,5,NA,1,06/26/2018,37,Cameroon,11,Sub-Saharan Africa,North-West,Fundong,6.282028,10.285253,1,0,The incident occurred in Boyo district.,"06/05/2018: Assailants abducted Patrice Dinguegue in Fundong, Boyo, North-West, Cameroon. Dinguegue, a police officer, was killed as of June 26, 2018. Separatists claimed responsibility for the incident and demanded that the government work to ""solve the crisis in the two English-speaking regions.""",1,1,1,0,NA,NA,0,1,0,6,Hostage Taking (Kidnapping),NA,NA,NA,NA,3,Police,25,Police Security Forces/Officers,Gendarmerie Nationale,Officer: Patrice Dinguegue,37,Cameroon,NA,NA,NA,NA,NA,NA,NA,NA,NA,NA,NA,NA,NA,NA,NA,NA,Separatists,NA,NA,NA,NA,NA,"Separatists claimed responsibility for the incident and demanded that the government work to ""solve the crisis in the two English-speaking regions.""",0,NA,NA,0,-99,0,1,6,Video,NA,NA,NA,NA,NA,NA,NA,13,Unknown,NA,NA,NA,NA,NA,NA,NA,NA,NA,NA,NA,NA,NA,NA,NA,1,0,0,0,0,0,0,NA,NA,NA,NA,1,1,0,NA,21,NA,NA,0,NA,NA,NA,NA,NA,4,Hostage(s) killed (not during rescue attempt),0,NA,"""Anglophone crisis: Two kidnapped police officers killed,"" Journal du Cameroun, June 27, 2018.","""Police Officer kidnapped in Fundong,"" Journal du Cameroun, June 7, 2018.",NA,START Primary Collection,-9,-9,0,-9,NA,Separatists ||  ||  ||  ||  || ,"06/05/2018: Assailants abducted Patrice Dinguegue in Fundong, Boyo, North-West, Cameroon. Dinguegue, a police officer, was killed as of June 26, 2018. Separatists claimed responsibility for the incident and demanded that the government work to ""solve the crisis in the two English-speaking regions."" || Separatists claimed responsibility for the incident and demanded that the government work to ""solve the crisis in the two English-speaking regions."" || ",2018,FALSE,FALSE,FALSE,TRUE,FALSE,FALSE,TRUE,TRUE,5,FALSE,FALSE,TRUE,probable_inspired,high_score_text_claim_signal
data/globalterrorismdb_0522dist.csv,201812310032,2018,12,31,NA,0,NA,4,Afghanistan,6,South Asia,Jawzjan,Dik Sar,36.22929,65.460288,2,0,The incident occurred in Qush Tepa district.,"12/31/2018: Assailants attacked and killed a civilian accused of cooperating with the Khorasan Chapter of the Islamic State in Dik Sar, Jawzjan, Afghanistan. No group claimed responsibility; however, sources attributed the incident to the Taliban.",1,1,1,0,NA,NA,0,1,0,9,Unknown,NA,NA,NA,NA,14,Private Citizens & Property,113,Alleged Informant,Not Applicable,Suspected Informant for the Khorasan Chapter of the Islamic State,4,Afghanistan,NA,NA,NA,NA,NA,NA,NA,NA,NA,NA,NA,NA,NA,NA,NA,NA,Taliban,NA,NA,NA,NA,NA,"The specific motive is unknown; however, sources posited that the Taliban accused the victim of working with the Khorasan Chapter of the Islamic State.",0,NA,NA,0,-99,0,0,NA,NA,NA,NA,NA,NA,NA,NA,NA,13,Unknown,NA,NA,NA,NA,NA,NA,NA,NA,NA,NA,NA,NA,NA,NA,NA,1,0,0,0,0,0,0,NA,NA,NA,NA,0,NA,NA,NA,NA,NA,NA,NA,NA,NA,NA,NA,NA,NA,NA,NA,NA,"""Afghan War Casualty Report: Dec. 28-Jan. 3,"" New York Times, January 4, 2019.",NA,NA,START Primary Collection,0,0,0,0,NA,Taliban ||  ||  ||  ||  || ,"12/31/2018: Assailants attacked and killed a civilian accused of cooperating with the Khorasan Chapter of the Islamic State in Dik Sar, Jawzjan, Afghanistan. No group claimed responsibility; however, sources attributed the incident to the Taliban. || The specific motive is unknown; however, sources posited that the Taliban accused the victim of working with the Khorasan Chapter of the Islamic State. || ",2018,FALSE,FALSE,FALSE,TRUE,TRUE,FALSE,FALSE,TRUE,5,FALSE,FALSE,TRUE,probable_inspired,high_score_text_claim_signal
data/globalterrorismdb_0522dist.csv,201801070002,2018,1,7,NA,0,NA,95,Iraq,10,Middle East & North Africa,Saladin,Shirqat district,35.55915,43.251625,3,0,NA,"01/07/2018: An explosive device detonated near the residence of Nuri al-Abaish in Shirqat district, Saladin, Iraq. Al-Abaish, an anti-Islamic State of Iraq and the Levant (ISIL) activist, was injured in the blast. No group claimed responsibility for the incident.",1,1,1,0,NA,NA,0,1,0,3,Bombing/Explosion,NA,NA,NA,NA,14,Private Citizens & Property,83,Protester,Not Applicable,House of Anti-ISIL Activist: Nuri al-Abaish,95,Iraq,NA,NA,NA,NA,NA,NA,NA,NA,NA,NA,NA,NA,NA,NA,NA,NA,Unknown,NA,NA,NA,NA,NA,"The specific motive is unknown; however, sources stated that Nuri al-Abaish was a critic of the Islamic State of Iraq and the Levant (ISIL) and had previously headed an operation to push relatives of ISIL members out of Al-Shirqat.",0,NA,NA,0,-99,0,0,NA,NA,NA,NA,NA,NA,NA,NA,NA,6,Explosives,16,Unknown Explosive Type,NA,NA,NA,NA,NA,NA,NA,NA,NA,NA,NA,NA,NA,0,0,0,1,0,0,-9,NA,NA,NA,NA,0,NA,NA,NA,NA,NA,NA,NA,NA,NA,NA,NA,NA,NA,NA,NA,NA,"""Anti-Islamic State activist injured in bomb blast near his Salahuddin house,"" Iraqi News, January 7, 2018.",NA,NA,START Primary Collection,-9,-9,0,-9,NA,Unknown ||  ||  ||  ||  || ,"01/07/2018: An explosive device detonated near the residence of Nuri al-Abaish in Shirqat district, Saladin, Iraq. Al-Abaish, an anti-Islamic State of Iraq and the Levant (ISIL) activist, was injured in the blast. No group claimed responsibility for the incident. || The specific motive is unknown; however, sources stated that Nuri al-Abaish was a critic of the Islamic State of Iraq and the Levant (ISIL) and had previously headed an operation to push relatives of ISIL members out of Al-Shirqat. || ",2018,FALSE,FALSE,TRUE,TRUE,TRUE,FALSE,FALSE,TRUE,6,FALSE,TRUE,TRUE,probable_inspired,high_score_text_claim_signal
data/globalterrorismdb_0522dist.csv,201801280015,2018,1,28,NA,0,NA,95,Iraq,10,Middle East & North Africa,Diyala,Baqubah,33.749181,44.723727,1,1,The incident occurred in the Muqdadiyah district.,"01/28/2018: Assailants opened fire on the vehicle of a tribal leader identified as Sheikh Turky al-Nadawi in Baqubah, Diyala, Iraq. Al-Nadawi and his brother were killed in the attack. No group claimed responsibility for the incident.",1,1,1,0,NA,NA,0,1,0,1,Assassination,NA,NA,NA,NA,14,Private Citizens & Property,77,Laborer (General)/Occupation Identified,Unknown,Vehicle of Anti Islamic State in Iraq and the Levant (ISIL) Tribal Leader: Sheikh Turky al-Nadawi,95,Iraq,NA,NA,NA,NA,NA,NA,NA,NA,NA,NA,NA,NA,NA,NA,NA,NA,Unknown,NA,NA,NA,NA,NA,"The specific motive is unknown; however, sources noted that Sheikh Turky al-Nadawi led a tribe that fought against the Islamic State of Iraq and the Levant (ISIL).",0,NA,NA,0,-99,0,0,NA,NA,NA,NA,NA,NA,NA,NA,NA,5,Firearms,5,Unknown Gun Type,NA,NA,NA,NA,NA,NA,NA,NA,NA,NA,NA,NA,NA,2,0,0,0,0,0,1,3,Minor (likely < $1 million),-99,A vehicle was damaged in this attack.,0,NA,NA,NA,NA,NA,NA,NA,NA,NA,NA,NA,NA,NA,NA,NA,NA,"""4 killed, 9 wounded in attacks in Iraq,"" Xinhua General News Service, January 28, 2018.",NA,NA,START Primary Collection,-9,-9,0,-9,NA,Unknown ||  ||  ||  ||  || ,"01/28/2018: Assailants opened fire on the vehicle of a tribal leader identified as Sheikh Turky al-Nadawi in Baqubah, Diyala, Iraq. Al-Nadawi and his brother were killed in the attack. No group claimed responsibility for the incident. || The specific motive is unknown; however, sources noted that Sheikh Turky al-Nadawi led a tribe that fought against the Islamic State of Iraq and the Levant (ISIL). || ",2018,FALSE,FALSE,TRUE,TRUE,TRUE,FALSE,FALSE,TRUE,6,FALSE,TRUE,TRUE,probable_inspired,high_score_text_claim_signal
data/globalterrorismdb_0522dist.csv,201804200006,2018,4,20,NA,0,NA,4,Afghanistan,6,South Asia,Parwan,Sayd Khel district,35.052533,69.256683,3,0,NA,"04/20/2018: An assailant shot and killed a civilian in Sayd Khel district, Parwan, Afghanistan. No group claimed responsibility for the incident; however, sources noted that the victim had previously been threatened by the Khorasan Province of the Islamic State for not supporting the group.",1,1,1,0,NA,NA,0,1,0,2,Armed Assault,NA,NA,NA,NA,14,Private Citizens & Property,67,Unnamed Civilian/Unspecified,Not Applicable,Civilian,4,Afghanistan,NA,NA,NA,NA,NA,NA,NA,NA,NA,NA,NA,NA,NA,NA,NA,NA,Unknown,NA,NA,NA,NA,NA,"The specific motive is unknown; however, sources noted that the victim had previously been threatened by the Khorasan Province of the Islamic State for not supporting the group.",0,NA,NA,0,1,0,0,NA,NA,NA,NA,NA,NA,NA,NA,NA,5,Firearms,5,Unknown Gun Type,NA,NA,NA,NA,NA,NA,NA,NA,NA,NA,NA,NA,NA,1,0,0,0,0,0,0,NA,NA,NA,NA,0,NA,NA,NA,NA,NA,NA,NA,NA,NA,NA,NA,NA,NA,NA,NA,NA,"""Unidentified armed man kill teenage boy in Parwan,"" MENA English (Middle East and North Africa Financial Network), April 21, 2018.","""Highlights: Pakistan Pashto Press 22 April 2018,"" Summary, April 22, 2018.",NA,START Primary Collection,-9,-9,0,-9,NA,Unknown ||  ||  ||  ||  || ,"04/20/2018: An assailant shot and killed a civilian in Sayd Khel district, Parwan, Afghanistan. No group claimed responsibility for the incident; however, sources noted that the victim had previously been threatened by the Khorasan Province of the Islamic State for not supporting the group. || The specific motive is unknown; however, sources noted that the victim had previously been threatened by the Khorasan Province of the Islamic State for not supporting the group. || ",2018,FALSE,FALSE,TRUE,TRUE,TRUE,FALSE,FALSE,TRUE,6,FALSE,TRUE,TRUE,probable_inspired,high_score_text_claim_signal
data/globalterrorismdb_0522dist.csv,201805120034,2018,5,12,NA,0,NA,200,Syria,10,Middle East & North Africa,Idlib,Idlib,35.928802,36.631452,1,0,The incident occurred in the center of the city.,"05/12/2018: An explosives-laden vehicle detonated near a Hay'at Tahrir al-Sham tribunal at the Palace of Justice in Idlib, Syria. At least 28 people were killed and an unknown number of other people were injured in the blast; the victims included Hay'at Tahrir al-Sham and Islamic State of Iraq and the Levant (ISIL) members and civilians. No group claimed responsibility for the attack.",1,0,1,1,3,Intra/Inter-group Conflict,0,1,0,3,Bombing/Explosion,NA,NA,NA,NA,17,Terrorists/Non-State Militia,93,Terrorist,Hay'at Tahrir al-Sham,Tribunal,200,Syria,14,Private Citizens & Property,67,Unnamed Civilian/Unspecified,Not Applicable,Civilians,200,Syria,NA,NA,NA,NA,NA,NA,NA,NA,Unknown,NA,NA,NA,NA,NA,NA,0,NA,NA,0,-99,0,0,NA,NA,NA,NA,NA,NA,NA,NA,NA,6,Explosives,15,Vehicle,NA,NA,NA,NA,NA,NA,NA,NA,NA,NA,NA,NA,NA,28,0,0,NA,0,0,1,4,Unknown,-99,A hospital was damaged in this attack.,0,NA,NA,NA,NA,NA,NA,NA,NA,NA,NA,NA,NA,NA,NA,NA,"There is doubt that this incident meets terrorism-related criteria. The attack may have been the result of conflict between rival groups. Casualty numbers conflict across sources. Following GTD protocol, the most recent reliable estimates are reported here.","""Death toll in northwest Syria car bombing climbs to at least 28: monitor,"" Japan Times, May 14, 2018.","""Death toll in northwest Syria blast climbs to 28,"" The Gulf Today, May 13, 2018.","""Syria: Report Says Civilians, Military Personnel Killed in Series of Attacks in Idlib Governorate,"" 'Inab Baladi, May 13, 2018.",START Primary Collection,-9,-9,0,-9,NA,Unknown ||  ||  ||  ||  || ,"05/12/2018: An explosives-laden vehicle detonated near a Hay'at Tahrir al-Sham tribunal at the Palace of Justice in Idlib, Syria. At least 28 people were killed and an unknown number of other people were injured in the blast; the victims included Hay'at Tahrir al-Sham and Islamic State of Iraq and the Levant (ISIL) members and civilians. No group claimed responsibility for the attack. ||  || There is doubt that this incident meets terrorism-related criteria. The attack may have been the result of conflict between rival groups. Casualty numbers conflict across sources. Following GTD protocol, the most recent reliable estimates are reported here.",2018,FALSE,FALSE,TRUE,TRUE,TRUE,FALSE,FALSE,TRUE,6,FALSE,TRUE,TRUE,probable_inspired,high_score_text_claim_signal
data/globalterrorismdb_0522dist.csv,201807310001,2018,7,31,NA,0,NA,95,Iraq,10,Middle East & North Africa,Saladin,Unknown,34.533753,43.483738,4,0,The incident occurred along the road between Dujail and Baghdad.,"07/31/2018: Assailants shot and killed two people, including police Colonel Hussein al-Faisal al-Khazraji and his brother, on a road between Dujail and Baghdad, Saladin, Iraq. No group claimed responsibility for the incident.",1,1,1,0,NA,NA,0,1,0,2,Armed Assault,NA,NA,NA,NA,3,Police,25,Police Security Forces/Officers,Directorate of Dujail Police,Officer: Colonel Hussein al-Faisal al-Khazraji,95,Iraq,NA,NA,NA,NA,NA,NA,NA,NA,NA,NA,NA,NA,NA,NA,NA,NA,Unknown,NA,NA,NA,NA,NA,"The specific motive is unknown; however, sources suspected that the victims were targeted because they had opposed the Islamic State of Iraq and the Levant (ISIL).",0,NA,NA,0,-99,0,0,NA,NA,NA,NA,NA,NA,NA,NA,NA,5,Firearms,5,Unknown Gun Type,NA,NA,NA,NA,NA,NA,NA,NA,NA,NA,NA,NA,NA,2,0,0,0,0,0,-9,NA,NA,NA,NA,0,NA,NA,NA,NA,NA,NA,NA,NA,NA,NA,NA,NA,NA,NA,NA,NA,"""3 tribesmen kidnapped on way back from policeman’s funeral found killed in Salahuddin,"" Iraqi News, August 1, 2018.","""Police colonel, brother killed in armed attack, south of Salahuddin,"" Iraqi News, July 31, 2018.","""Iraq: Security Roundup 1900 GMT 02 August 2018,"" Summary, August 2, 2018.",START Primary Collection,-9,-9,0,-9,NA,Unknown ||  ||  ||  ||  || ,"07/31/2018: Assailants shot and killed two people, including police Colonel Hussein al-Faisal al-Khazraji and his brother, on a road between Dujail and Baghdad, Saladin, Iraq. No group claimed responsibility for the incident. || The specific motive is unknown; however, sources suspected that the victims were targeted because they had opposed the Islamic State of Iraq and the Levant (ISIL). || ",2018,FALSE,FALSE,TRUE,TRUE,TRUE,FALSE,FALSE,TRUE,6,FALSE,TRUE,TRUE,probable_inspired,high_score_text_claim_signal
data/globalterrorismdb_0522dist.csv,201809040019,2018,9,4,NA,0,NA,95,Iraq,10,Middle East & North Africa,Al Anbar,Bakr,33.651765,42.828471,1,0,NA,"09/04/2018: Assailants threw a grenade at the house of an Islamic State of Iraq and the Levant (ISIL) member in Bakr, Al Anbar, Iraq. Two people were injured in the blast. No group claimed responsibility for the incident.",1,0,1,1,3,Intra/Inter-group Conflict,0,1,0,3,Bombing/Explosion,NA,NA,NA,NA,17,Terrorists/Non-State Militia,93,Terrorist,Islamic State in Iraq and the Levant (ISIL),Member,95,Iraq,14,Private Citizens & Property,67,Unnamed Civilian/Unspecified,Not Applicable,Civilians,95,Iraq,NA,NA,NA,NA,NA,NA,NA,NA,Unknown,NA,NA,NA,NA,NA,NA,0,NA,NA,0,-99,0,0,NA,NA,NA,NA,NA,NA,NA,NA,NA,6,Explosives,7,Grenade,NA,NA,NA,NA,NA,NA,NA,NA,NA,NA,NA,NA,NA,0,0,0,2,0,0,1,3,Minor (likely < $1 million),-99,A house was damaged in this attack.,0,NA,NA,NA,NA,NA,NA,NA,NA,NA,NA,NA,NA,NA,NA,NA,There is doubt that this incident meets terrorism-related criteria. This attack may have been the result of conflict between rival groups or within a group.,"""Bomb attack targets house owned by family of Islamic State militant in Anbar,"" Iraqi News, September 4, 2018.",NA,NA,START Primary Collection,-9,-9,0,-9,NA,Unknown ||  ||  ||  ||  || ,"09/04/2018: Assailants threw a grenade at the house of an Islamic State of Iraq and the Levant (ISIL) member in Bakr, Al Anbar, Iraq. Two people were injured in the blast. No group claimed responsibility for the incident. ||  || There is doubt that this incident meets terrorism-related criteria. This attack may have been the result of conflict between rival groups or within a group.",2018,FALSE,FALSE,TRUE,TRUE,TRUE,FALSE,FALSE,TRUE,6,FALSE,TRUE,TRUE,probable_inspired,high_score_text_claim_signal
data/globalterrorismdb_0522dist.csv,201809260017,2018,9,25,"September 25, 2018",0,NA,95,Iraq,10,Middle East & North Africa,Al Anbar,Hit,33.633895,42.83208,1,0,NA,"09/25/2018: Assailants opened fire on the residence of an Islamic State of Iraq and the Levant (ISIL) family in Hit, Al Anbar, Iraq. At least two people were injured in the assault. No group claimed responsibility for the attack.",1,0,1,1,3,Intra/Inter-group Conflict,0,1,0,2,Armed Assault,NA,NA,NA,NA,17,Terrorists/Non-State Militia,93,Terrorist,Islamic State in Iraq and the Levant (ISIL),Residence of Family,95,Iraq,NA,NA,NA,NA,NA,NA,NA,NA,NA,NA,NA,NA,NA,NA,NA,NA,Unknown,NA,NA,NA,NA,NA,NA,0,NA,NA,0,-99,0,0,NA,NA,NA,NA,NA,NA,NA,NA,NA,5,Firearms,5,Unknown Gun Type,NA,NA,NA,NA,NA,NA,NA,NA,NA,NA,NA,NA,NA,0,0,0,2,0,0,1,3,Minor (likely < $1 million),-99,A house was damaged during the incident.,0,NA,NA,NA,NA,NA,NA,NA,NA,NA,NA,NA,NA,NA,NA,NA,There is doubt that this incident meets terrorism-related criteria. This attack may have been the result of conflict between rival groups or within a group.,"""Basra Activist Assassinated; 21 Killed in Iraq,"" Antiwar.com, September 26, 2018.",NA,NA,START Primary Collection,-9,-9,0,-9,NA,Unknown ||  ||  ||  ||  || ,"09/25/2018: Assailants opened fire on the residence of an Islamic State of Iraq and the Levant (ISIL) family in Hit, Al Anbar, Iraq. At least two people were injured in the assault. No group claimed responsibility for the attack. ||  || There is doubt that this incident meets terrorism-related criteria. This attack may have been the result of conflict between rival groups or within a group.",2018,FALSE,FALSE,TRUE,TRUE,TRUE,FALSE,FALSE,TRUE,6,FALSE,TRUE,TRUE,probable_inspired,high_score_text_claim_signal
data/globalterrorismdb_0522dist.csv,201810160047,2018,10,16,"October 1-31, 2018",0,NA,200,Syria,10,Middle East & North Africa,Raqqah,Raqqah,35.951521,39.009562,1,0,NA,"10/00/2018: Sometime between October 1, 2018 and October 31, 2018, an explosive device detonated as a second device was being defused in a building in Raqqah, Syria. At least one bomb disposal expert from the United Kingdom was killed in the blast. No group claimed responsibility; however, sources attributed the attack to the Islamic State of Iraq and the Levant (ISIL).",1,1,1,0,NA,NA,0,1,0,3,Bombing/Explosion,NA,NA,NA,NA,20,Unknown,NA,NA,Unknown,Unknown,NA,NA,NA,NA,NA,NA,NA,NA,NA,NA,NA,NA,NA,NA,NA,NA,NA,NA,Unknown,NA,NA,NA,NA,NA,NA,0,NA,NA,0,-99,0,0,NA,NA,NA,NA,NA,NA,NA,NA,NA,6,Explosives,16,Unknown Explosive Type,NA,NA,NA,NA,NA,NA,NA,NA,NA,NA,NA,NA,NA,1,0,0,0,0,0,1,3,Minor (likely < $1 million),-99,Building damaged,0,NA,NA,NA,NA,NA,NA,NA,NA,NA,NA,NA,NA,NA,NA,NA,The victims included Andy Jones.,"""'Dad's body parts were left to be eaten by rats'; FAMILY OF BOMB DISPOSAL EXPERT KILLED IN SYRIA LEFT IN DARK OVER DEATH,"" Daily Post (North Wales), May 22, 2019.",NA,NA,START Primary Collection,-9,-9,1,1,NA,Unknown ||  ||  ||  ||  || ,"10/00/2018: Sometime between October 1, 2018 and October 31, 2018, an explosive device detonated as a second device was being defused in a building in Raqqah, Syria. At least one bomb disposal expert from the United Kingdom was killed in the blast. No group claimed responsibility; however, sources attributed the attack to the Islamic State of Iraq and the Levant (ISIL). ||  || The victims included Andy Jones.",2018,FALSE,FALSE,TRUE,TRUE,TRUE,FALSE,FALSE,TRUE,6,FALSE,TRUE,TRUE,probable_inspired,high_score_text_claim_signal
data/globalterrorismdb_0522dist.csv,201907180021,2019,7,18,NA,0,NA,228,Yemen,10,Middle East & North Africa,Taizz,Taizz,13.586484,44.024105,1,0,The incident occurred in the east of the city.,"07/18/2019: Assailants stopped a civilian vehicle in Taizz, Yemen. One of the passengers was shot and killed in the attack. No group claimed responsibility for the incident; however, sources attributed the attack to Houthi extremists (Ansar Allah).",1,1,1,0,NA,NA,0,1,0,2,Armed Assault,NA,NA,NA,NA,14,Private Citizens & Property,73,Vehicles/Transportation,Not Applicable,Vehicle,228,Yemen,NA,NA,NA,NA,NA,NA,NA,NA,NA,NA,NA,NA,NA,NA,NA,NA,Houthi extremists (Ansar Allah),NA,NA,NA,NA,NA,"The specific motive is unknown; however, sources stated that one of the victims was accused of being a member of the Islamic State of Iraq and the Levant (ISIL).",0,NA,NA,0,-99,0,0,NA,NA,NA,NA,NA,NA,NA,NA,NA,5,Firearms,5,Unknown Gun Type,NA,NA,NA,NA,NA,NA,NA,NA,NA,NA,NA,NA,NA,1,0,0,0,0,0,0,NA,NA,NA,NA,0,NA,NA,NA,NA,NA,NA,NA,NA,NA,NA,NA,NA,NA,NA,NA,NA,"""Yemen's Houthis 'shoot dead' minor accused of being IS militant,"" Al-Masdar Online website, July 19, 2019.",NA,NA,START Primary Collection,0,0,0,0,NA,Houthi extremists (Ansar Allah) ||  ||  ||  ||  || ,"07/18/2019: Assailants stopped a civilian vehicle in Taizz, Yemen. One of the passengers was shot and killed in the attack. No group claimed responsibility for the incident; however, sources attributed the attack to Houthi extremists (Ansar Allah). || The specific motive is unknown; however, sources stated that one of the victims was accused of being a member of the Islamic State of Iraq and the Levant (ISIL). || ",2019,FALSE,FALSE,FALSE,TRUE,TRUE,FALSE,FALSE,TRUE,5,FALSE,FALSE,TRUE,probable_inspired,high_score_text_claim_signal
data/globalterrorismdb_0522dist.csv,201901140021,2019,1,11,NA,0,NA,167,Russia,9,Eastern Europe,Dagestan,Kizilyurt district,43.145175,46.87481,3,0,NA,"01/11/2019: Three assailants opened fire on a traffic police patrol in Kizilyurt district, Dagestan, Russia. All of the assailants were killed in the ensuing clash. Three Jihadi-Inspired extremists claimed responsibility for the incident and pledged allegiance to the Islamic State of Iraq and the Levant (ISIL).",1,1,1,0,NA,NA,0,0,0,2,Armed Assault,NA,NA,NA,NA,3,Police,23,Police Patrol (including vehicles and convoys),Traffic Police of Russia (GIBDD),Patrol,167,Russia,NA,NA,NA,NA,NA,NA,NA,NA,NA,NA,NA,NA,NA,NA,NA,NA,Jihadi-inspired extremists,NA,NA,NA,NA,NA,Three Jihadi-Inspired extremists claimed responsibility for the incident and pledged allegiance to the Islamic State of Iraq and the Levant (ISIL).,0,NA,NA,1,3,0,1,6,Video,NA,NA,NA,NA,NA,NA,NA,5,Firearms,2,Automatic or Semi-Automatic Rifle,5,Firearms,3,Handgun,NA,NA,NA,NA,NA,NA,NA,NA,Two assault rifles and a pistol were used in the attack.,3,0,3,0,0,0,0,NA,NA,NA,NA,0,NA,NA,NA,NA,NA,NA,NA,NA,NA,NA,NA,NA,NA,NA,NA,NA,"""Three militants killed in armed clash in Dagestan,"" Russia & CIS Military Newswire, January 14, 2019.","""Three militants killed in armed clash in Dagestan (Part 2),"" Interfax, January 11, 2019.","""Video shows men said killed in Dagestan attack making IS pledge,"" BBC Monitoring, January 28, 2019.",START Primary Collection,-9,-9,0,-9,NA,Jihadi-inspired extremists ||  ||  ||  ||  || ,"01/11/2019: Three assailants opened fire on a traffic police patrol in Kizilyurt district, Dagestan, Russia. All of the assailants were killed in the ensuing clash. Three Jihadi-Inspired extremists claimed responsibility for the incident and pledged allegiance to the Islamic State of Iraq and the Levant (ISIL). || Three Jihadi-Inspired extremists claimed responsibility for the incident and pledged allegiance to the Islamic State of Iraq and the Levant (ISIL). || ",2019,FALSE,TRUE,FALSE,TRUE,TRUE,FALSE,TRUE,TRUE,9,TRUE,FALSE,TRUE,probable_inspired,high_score_text_claim_signal
data/globalterrorismdb_0522dist.csv,201903050022,2019,3,5,NA,0,NA,69,France,8,Western Europe,Normandy,Conde-sur-Sarthe,48.439611,0.010654,1,0,NA,"03/05/2019: An assailant armed with a ceramic knife stabbed guards at a prison in Conde-sur-Sarthe, Normandy, France. Two guards were injured in the attack. Both the assailant and his partner were shot by police after they barricaded themselves and his partner later died of her wounds. Michael Chiolo, an unaffiliated individual, claimed responsibility for the incident and stated that he carried out the suicide attack in retaliation for the death of Cherif Chekatt, the perpetrator of the December 2018 Strasbourg attack. Chekatt had pledged allegiance to the Islamic State of Iraq and the Levant (ISIL).",1,1,1,0,NA,NA,0,1,1,2,Armed Assault,NA,NA,NA,NA,3,Police,26,Prison/Jail,French Police,Conde-sur-Sarthe Prison Guards,69,France,NA,NA,NA,NA,NA,NA,NA,NA,NA,NA,NA,NA,NA,NA,NA,NA,Jihadi-inspired extremists,NA,NA,NA,NA,NA,"Michael Chiolo, an unaffiliated individual, claimed responsibility for the incident and stated that he carried out the attack in retaliation for the death of Cherif Chekatt, the perpetrator of the December 2018 Strasbourg attack. Chekatt had pledged allegiance to the Islamic State of Iraq and the Levant (ISIL).",0,NA,NA,1,1,1,1,8,Personal claim,NA,NA,NA,NA,NA,NA,NA,9,Melee,23,Knife or Other Sharp Object,7,Fake Weapons,NA,NA,NA,NA,NA,NA,NA,NA,NA,NA,A ceramic knife and a fake explosives-laden belt were used in the attack.,1,0,1,3,0,1,0,NA,NA,NA,NA,0,NA,NA,NA,NA,NA,NA,NA,NA,NA,NA,NA,NA,NA,NA,NA,NA,"""Jihadist knifes guards in French prison,"" BBC, March 5, 2019.","""Caen - 'Radicalised' inmate detained after slashing guards in French prison,"" AFP (North European Service), March 5, 2019.","""Terror probe launched after French prisoner stabs guards,"" Deutsche Welle, March 6, 2019.",START Primary Collection,-9,-9,0,-9,NA,Jihadi-inspired extremists ||  ||  ||  ||  || ,"03/05/2019: An assailant armed with a ceramic knife stabbed guards at a prison in Conde-sur-Sarthe, Normandy, France. Two guards were injured in the attack. Both the assailant and his partner were shot by police after they barricaded themselves and his partner later died of her wounds. Michael Chiolo, an unaffiliated individual, claimed responsibility for the incident and stated that he carried out the suicide attack in retaliation for the death of Cherif Chekatt, the perpetrator of the December 2018 Strasbourg attack. Chekatt had pledged allegiance to the Islamic State of Iraq and the Levant (ISIL). || Michael Chiolo, an unaffiliated individual, claimed responsibility for the incident and stated that he carried out the attack in retaliation for the death of Cherif Chekatt, the perpetrator of the December 2018 Strasbourg attack. Chekatt had pledged allegiance to the Islamic State of Iraq and the Levant (ISIL). || ",2019,FALSE,TRUE,FALSE,TRUE,TRUE,FALSE,TRUE,TRUE,9,TRUE,FALSE,TRUE,probable_inspired,high_score_text_claim_signal
data/globalterrorismdb_0522dist.csv,201903180009,2019,3,18,NA,0,NA,142,Netherlands,8,Western Europe,Utrecht,Utrecht,52.090737,5.12142,1,0,NA,"03/18/2019: An assailant opened fire on civilians on a tram in Utrecht, Netherlands. Four civilians were killed and eight civilians were injured in the attack. The assailant, Gokmen Tanis, claimed responsibility for the incident and stated in a note left at the scene, ""in support of Islam."" Moreover, he further stated ""I do this for my faith, you want to kill Muslims and you want to steal our faith from us, but you will not succeed. Allah is great."" Sources also noted that Tanis had previously been arrested for links to the Islamic State.",1,1,1,0,NA,NA,0,1,0,2,Armed Assault,NA,NA,NA,NA,19,Transportation,100,Train/Train Tracks/Trolley,Unknown,Tram,142,Netherlands,NA,NA,NA,NA,NA,NA,NA,NA,NA,NA,NA,NA,NA,NA,NA,NA,Jihadi-inspired extremists,NA,NA,NA,NA,NA,"Gokman Tanis, an unaffiliated individual, claimed responsibility for the incident and stated in a note left at the scene, ""in support of Islam."" Moreover, he further stated ""I do this for my faith, you want to kill Muslims and you want to steal our faith from us, but you will not succeed. Allah is great."" Sources also noted that Tanis had previously been arrested for links to the Islamic State.",0,NA,NA,1,-99,0,1,5,Note left at scene,NA,NA,NA,NA,NA,NA,NA,5,Firearms,5,Unknown Gun Type,NA,NA,NA,NA,NA,NA,NA,NA,NA,NA,NA,NA,NA,4,0,0,8,0,0,0,NA,NA,NA,NA,0,NA,NA,NA,NA,NA,NA,NA,NA,NA,NA,NA,NA,NA,NA,NA,"Casualty numbers conflict across sources. Following GTD protocol, the most recent reliable estimates are reported here.","""The Hague - Fourth victim of Dutch tram shooting dies: prosecutors,"" AFP (North European Service), March 28, 2019.","""Deadly Utrecht attack leads to heightened security for Dutch Jews,"" Jerusalem Post, March 19, 2019.","""Utrecht - Three dead in Dutch shooting: Utrecht mayor,"" AFP (North European Service), March 18, 2019.",START Primary Collection,-9,-9,0,-9,NA,Jihadi-inspired extremists ||  ||  ||  ||  || ,"03/18/2019: An assailant opened fire on civilians on a tram in Utrecht, Netherlands. Four civilians were killed and eight civilians were injured in the attack. The assailant, Gokmen Tanis, claimed responsibility for the incident and stated in a note left at the scene, ""in support of Islam."" Moreover, he further stated ""I do this for my faith, you want to kill Muslims and you want to steal our faith from us, but you will not succeed. Allah is great."" Sources also noted that Tanis had previously been arrested for links to the Islamic State. || Gokman Tanis, an unaffiliated individual, claimed responsibility for the incident and stated in a note left at the scene, ""in support of Islam."" Moreover, he further stated ""I do this for my faith, you want to kill Muslims and you want to steal our faith from us, but you will not succeed. Allah is great."" Sources also noted that Tanis had previously been arrested for links to the Islamic State. || Casualty numbers conflict across sources. Following GTD protocol, the most recent reliable estimates are reported here.",2019,FALSE,TRUE,FALSE,TRUE,TRUE,FALSE,TRUE,TRUE,9,TRUE,FALSE,TRUE,probable_inspired,high_score_text_claim_signal
data/globalterrorismdb_0522dist.csv,201903270032,2019,3,27,NA,0,NA,217,United States,1,North America,Virginia,Dulles,38.963547,-77.449607,1,0,The incident occurred at the Dulles International Airport.,"03/27/2019: An individual identified as Rondell Henry spent two hours waiting to attack civilians at Washington Dulles International Airport, Virginia, United States. After two hours Henry decided there were not enough people for his attack to be effective and drove away. This was one of two incidents carried out by Henry on this day. Henry claimed responsibility for the incidents claiming that he was inspired to commit jihad against non-Muslims after watching ISIS propaganda videos.",1,1,1,0,4,Lack of Intentionality,1,0,0,8,Unarmed Assault,NA,NA,NA,NA,6,Airports & Aircraft,44,Airport,Washington Dulles International Airport,Airport,217,United States,NA,NA,NA,NA,NA,NA,NA,NA,NA,NA,NA,NA,NA,NA,NA,NA,Jihadi-inspired extremists,NA,NA,NA,NA,NA,"Rondell Henry, an unaffiliated individual, claimed responsibility for the incident and expressed ""hatred"" for non-Muslims. Authorities stated that Henry was inspired after watching Islamic State of Iraq and the Levant (ISIL) propaganda videos.",0,NA,NA,1,1,1,1,8,Personal claim,NA,NA,NA,NA,NA,NA,NA,10,"Vehicle (not to include vehicle-borne explosives, i.e., car or truck bombs)",NA,NA,NA,NA,NA,NA,NA,NA,NA,NA,NA,NA,NA,NA,A stolen cargo van was used in the attack.,0,0,0,0,0,0,0,NA,NA,NA,NA,0,NA,NA,NA,NA,NA,NA,NA,NA,NA,NA,NA,NA,NA,NA,NA,NA,"""JUSTICE DEPARTMENT SAYS RONDELL HENRY, 28, WAS INSPIRED BY THE TERRORIST GROUP KNOWN AS ISIS,"" Reuters News, April 8, 2019.",NA,NA,START Primary Collection,-9,-9,0,-9,"201903270032, 201903270033",Jihadi-inspired extremists ||  ||  ||  ||  || ,"03/27/2019: An individual identified as Rondell Henry spent two hours waiting to attack civilians at Washington Dulles International Airport, Virginia, United States. After two hours Henry decided there were not enough people for his attack to be effective and drove away. This was one of two incidents carried out by Henry on this day. Henry claimed responsibility for the incidents claiming that he was inspired to commit jihad against non-Muslims after watching ISIS propaganda videos. || Rondell Henry, an unaffiliated individual, claimed responsibility for the incident and expressed ""hatred"" for non-Muslims. Authorities stated that Henry was inspired after watching Islamic State of Iraq and the Levant (ISIL) propaganda videos. || ",2019,FALSE,TRUE,FALSE,TRUE,TRUE,FALSE,TRUE,TRUE,9,TRUE,FALSE,TRUE,probable_inspired,high_score_text_claim_signal
data/globalterrorismdb_0522dist.csv,201903270033,2019,3,27,NA,0,NA,217,United States,1,North America,Maryland,National Harbor,38.788717,-77.007892,1,0,NA,"03/27/2019: An individual identified as Rondell Henry spent several hours waiting to attack civilians at National Harbor, Maryland, United States. After several hours Henry decided there were not enough people for his attack to be effective and spent the night in a boat. This was one of two incidents carried out by Henry on this day. Henry claimed responsibility for the incidents claiming that he was inspired to commit jihad against non-Muslims after watching ISIS propaganda videos.",1,1,1,0,4,Lack of Intentionality,1,0,0,8,Unarmed Assault,NA,NA,NA,NA,14,Private Citizens & Property,74,Marketplace/Plaza/Square,National Harbor,Market,217,United States,NA,NA,NA,NA,NA,NA,NA,NA,NA,NA,NA,NA,NA,NA,NA,NA,Jihadi-inspired extremists,NA,NA,NA,NA,NA,"Rondell Henry, an unaffiliated individual, claimed responsibility for the incident and expressed ""hatred"" for non-Muslims. Authorities stated that Henry was inspired after watching Islamic State of Iraq and the Levant (ISIL) propaganda videos.",0,NA,NA,1,1,1,1,8,Personal claim,NA,NA,NA,NA,NA,NA,NA,10,"Vehicle (not to include vehicle-borne explosives, i.e., car or truck bombs)",NA,NA,NA,NA,NA,NA,NA,NA,NA,NA,NA,NA,NA,NA,A stolen cargo van was used in the attack.,0,0,0,0,0,0,0,NA,NA,NA,NA,0,NA,NA,NA,NA,NA,NA,NA,NA,NA,NA,NA,NA,NA,NA,NA,NA,"""JUSTICE DEPARTMENT SAYS RONDELL HENRY, 28, WAS INSPIRED BY THE TERRORIST GROUP KNOWN AS ISIS,"" Reuters News, April 8, 2019.",NA,NA,START Primary Collection,-9,-9,0,-9,"201903270032, 201903270033",Jihadi-inspired extremists ||  ||  ||  ||  || ,"03/27/2019: An individual identified as Rondell Henry spent several hours waiting to attack civilians at National Harbor, Maryland, United States. After several hours Henry decided there were not enough people for his attack to be effective and spent the night in a boat. This was one of two incidents carried out by Henry on this day. Henry claimed responsibility for the incidents claiming that he was inspired to commit jihad against non-Muslims after watching ISIS propaganda videos. || Rondell Henry, an unaffiliated individual, claimed responsibility for the incident and expressed ""hatred"" for non-Muslims. Authorities stated that Henry was inspired after watching Islamic State of Iraq and the Levant (ISIL) propaganda videos. || ",2019,FALSE,TRUE,FALSE,TRUE,TRUE,FALSE,TRUE,TRUE,9,TRUE,FALSE,TRUE,probable_inspired,high_score_text_claim_signal
data/globalterrorismdb_0522dist.csv,201905240007,2019,5,24,NA,0,NA,69,France,8,Western Europe,Auvergne-Rhone-Alpes,Lyon,45.754646,4.830164,1,0,The incident occurred along Victor Hugo street.,"05/24/2019: An explosive device detonated in front of Brioche Doree bakery on Victor-Hugo Street in Lyon, Auvergne-Rhone-Alpes, France. 13 civilians were injured in the blast. An unaffiliated individual, identified as Mohamed Hichem Medjoub, claimed responsibility for the incident and pledged allegiance to the Islamic State of Iraq and the Levant (ISIL).",1,1,1,0,NA,NA,0,1,0,3,Bombing/Explosion,NA,NA,NA,NA,1,Business,7,Retail/Grocery/Bakery,Brioche Doree Bakery,Bakery,69,France,NA,NA,NA,NA,NA,NA,NA,NA,NA,NA,NA,NA,NA,NA,NA,NA,Jihadi-inspired extremists,NA,NA,NA,NA,NA,"An unaffiliated individual, identified as Mohamed Hichem Medjoub, claimed responsibility for the incident and pledged allegiance to the Islamic State of Iraq and the Levant (ISIL).",0,NA,NA,1,1,1,1,8,Personal claim,NA,NA,NA,NA,NA,NA,NA,6,Explosives,12,Remote Trigger,NA,NA,NA,NA,NA,NA,NA,NA,NA,NA,NA,NA,"A remote-detonated explosives-laden package containing acetone peroxide (APEX), screws, ball bearings, and batteries was used in the attack.",0,0,0,13,0,0,1,3,Minor (likely < $1 million),-99,A building was damaged in this attack,0,NA,NA,NA,NA,NA,NA,NA,NA,NA,NA,NA,NA,NA,NA,NA,"Casualty numbers conflict across sources. Following GTD protocol, the majority reliable estimates are reported here.","""Lyon - French police pursue manhunt after Lyon attack,"" AFP (North European Service), May 25, 2019.","""France Lyon: 'Parcel bomb' injures pedestrians,"" BBC, May 24, 2019.","""One dead, eight wounded in French knife attack,"" France24, August 31, 2019.",START Primary Collection,-9,-9,0,-9,NA,Jihadi-inspired extremists ||  ||  ||  ||  || ,"05/24/2019: An explosive device detonated in front of Brioche Doree bakery on Victor-Hugo Street in Lyon, Auvergne-Rhone-Alpes, France. 13 civilians were injured in the blast. An unaffiliated individual, identified as Mohamed Hichem Medjoub, claimed responsibility for the incident and pledged allegiance to the Islamic State of Iraq and the Levant (ISIL). || An unaffiliated individual, identified as Mohamed Hichem Medjoub, claimed responsibility for the incident and pledged allegiance to the Islamic State of Iraq and the Levant (ISIL). || Casualty numbers conflict across sources. Following GTD protocol, the majority reliable estimates are reported here.",2019,FALSE,TRUE,FALSE,TRUE,TRUE,FALSE,TRUE,TRUE,9,TRUE,FALSE,TRUE,probable_inspired,high_score_text_claim_signal
data/globalterrorismdb_0522dist.csv,201906030001,2019,6,3,NA,0,NA,93,Indonesia,5,Southeast Asia,Central Java,Kartasura,-7.550339,110.736588,1,0,The incident occurred at the Tiga Tigu intersection in the city.,"06/03/2019: A suicide bomber attempted to detonate at a traffic police post at the Tiga Tigu intersection in Kartasura, Central Java, Indonesia. The assailant was injured in the blast and there were no other casualties. Rofik Asharudas, an unaffiliated individual, claimed responsibility for the incident and pledged allegiance to the Islamic State of Iraq and the Levant (ISIL).",1,1,1,0,NA,NA,0,1,1,3,Bombing/Explosion,NA,NA,NA,NA,3,Police,22,"Police Building (headquarters, station, school)",Traffic Police,Post,93,Indonesia,NA,NA,NA,NA,NA,NA,NA,NA,NA,NA,NA,NA,NA,NA,NA,NA,Jihadi-inspired extremists,NA,NA,NA,NA,NA,"Rofik Asharudas, an unaffiliated individual, claimed responsibility for the incident and pledged allegiance to the Islamic State of Iraq and the Levant (ISIL).",0,NA,NA,1,1,1,1,8,Personal claim,NA,NA,NA,NA,NA,NA,NA,6,Explosives,13,Suicide (carried bodily by human being),NA,NA,NA,NA,NA,NA,NA,NA,NA,NA,NA,NA,NA,0,0,0,1,0,1,0,NA,NA,NA,NA,0,NA,NA,NA,NA,NA,NA,NA,NA,NA,NA,NA,NA,NA,NA,NA,NA,"""Kartasura Bomb is Low Explosive: Police The police also said the suicide bomber was an amateur. 4 Juni 2019 14:35 WIB,"" Tempo.co, June 4, 2019.","""IS sympathizer stages suicide bombing outside police station in Indonesia,"" Xinhua News Agency, June 4, 2019.","""Indonesia: C. Java Police investigate failed suicide bombing in Kartasura,"" The Jakarta Post Online, June 4, 2019.",START Primary Collection,-9,-9,0,-9,NA,Jihadi-inspired extremists ||  ||  ||  ||  || ,"06/03/2019: A suicide bomber attempted to detonate at a traffic police post at the Tiga Tigu intersection in Kartasura, Central Java, Indonesia. The assailant was injured in the blast and there were no other casualties. Rofik Asharudas, an unaffiliated individual, claimed responsibility for the incident and pledged allegiance to the Islamic State of Iraq and the Levant (ISIL). || Rofik Asharudas, an unaffiliated individual, claimed responsibility for the incident and pledged allegiance to the Islamic State of Iraq and the Levant (ISIL). || ",2019,FALSE,TRUE,FALSE,TRUE,TRUE,FALSE,TRUE,TRUE,9,TRUE,FALSE,TRUE,probable_inspired,high_score_text_claim_signal
data/globalterrorismdb_0522dist.csv,201910030007,2019,10,3,NA,0,NA,69,France,8,Western Europe,Ile-de-France,Paris,48.856642,2.34233,1,0,NA,"10/03/2019: An assailant, identified as an employee at a police headquarters, stabbed his colleagues in Paris, Ile-de-France, France. In addition to the assailant, four people were killed and two others were injured in the attack. No group claimed responsibility for the incident; however, sources attributed the attack to a Jihadi-Inspired extremist, identified as Mickael Harpon. Authorities found a USB drive belonging to Harpon that contained Islamic State propaganda videos and sources believed he ""had recently adhered to a 'radical vision of Islam.'""",1,1,1,0,NA,NA,0,1,0,2,Armed Assault,NA,NA,NA,NA,3,Police,22,"Police Building (headquarters, station, school)",French Police,Paris Headquarters,69,France,NA,NA,NA,NA,NA,NA,NA,NA,NA,NA,NA,NA,NA,NA,NA,NA,Jihadi-inspired extremists,NA,NA,NA,NA,NA,"The specific motive is unknown; however, sources noted that authorities found a USB drive belonging to Mickael Harpon that contained Islamic State propaganda videos and sources believed he ""had recently adhered to a 'radical vision of Islam.'""",0,NA,NA,1,1,0,0,NA,NA,NA,NA,NA,NA,NA,NA,NA,9,Melee,23,Knife or Other Sharp Object,NA,NA,NA,NA,NA,NA,NA,NA,NA,NA,NA,NA,A ceramic knife was used in the attack.,5,0,1,2,0,0,0,NA,NA,NA,NA,0,NA,NA,NA,NA,NA,NA,NA,NA,NA,NA,NA,NA,NA,NA,NA,"Casualty numbers conflict across sources. Following GTD protocol, the majority reliable estimates are reported here.","""Anti-terror police take over Paris inquiry,"" The Irish Times, October 5, 2019.","""Paris prosecutors: Police attack suspect adhered to 'radical vision of Islam',"" Deutsche Welle, October 5, 2019.","""Paris police HQ killer 'stabbed three colleagues before beating a fourth to death',"" The Local France, October 4, 2019.",START Primary Collection,-9,-9,0,-9,NA,Jihadi-inspired extremists ||  ||  ||  ||  || ,"10/03/2019: An assailant, identified as an employee at a police headquarters, stabbed his colleagues in Paris, Ile-de-France, France. In addition to the assailant, four people were killed and two others were injured in the attack. No group claimed responsibility for the incident; however, sources attributed the attack to a Jihadi-Inspired extremist, identified as Mickael Harpon. Authorities found a USB drive belonging to Harpon that contained Islamic State propaganda videos and sources believed he ""had recently adhered to a 'radical vision of Islam.'"" || The specific motive is unknown; however, sources noted that authorities found a USB drive belonging to Mickael Harpon that contained Islamic State propaganda videos and sources believed he ""had recently adhered to a 'radical vision of Islam.'"" || Casualty numbers conflict across sources. Following GTD protocol, the majority reliable estimates are reported here.",2019,FALSE,TRUE,FALSE,TRUE,TRUE,FALSE,FALSE,TRUE,7,TRUE,FALSE,TRUE,probable_inspired,high_score_text_claim_signal
data/globalterrorismdb_0522dist.csv,201912190001,2019,12,19,NA,0,NA,167,Russia,9,Eastern Europe,Moscow,Moscow,55.751378,37.579914,1,0,The incident occurred at Lubyanka Square.,"12/19/2019: An assailant opened fire targeting the Federal Security Service (FSB) headquarters before being killed by security forces in Lubyanka Square., Moscow, Russia. In addition to the assailant, two FSB officers were killed and four people including FSB officers and civilians were injured in the attack. The assailant, identified as Yevgeny Manyurov, shouted slogans inspired by the Islamic State of Iraq and the Levant (ISIL) during the attack.",1,1,1,0,NA,NA,0,1,0,2,Armed Assault,NA,NA,NA,NA,2,Government (General),21,Government Building/Facility/Office,Federal Security Service (FSB),Headquarters,167,Russia,14,Private Citizens & Property,67,Unnamed Civilian/Unspecified,Not Applicable,Civilian,167,Russia,NA,NA,NA,NA,NA,NA,NA,NA,Jihadi-inspired extremists,NA,NA,NA,NA,NA,"Yevgeny Manyurov, an unaffiliated individual, shouted slogans inspired by the Islamic State of Iraq and the Levant (ISIL) during the attack.",0,NA,NA,1,1,0,1,8,Personal claim,NA,NA,NA,NA,NA,NA,NA,5,Firearms,2,Automatic or Semi-Automatic Rifle,NA,NA,NA,NA,NA,NA,NA,NA,NA,NA,NA,NA,A Kalashnikov assault rifle was used in the attack.,3,0,1,4,0,0,0,NA,NA,NA,NA,0,NA,NA,NA,NA,NA,NA,NA,NA,NA,NA,NA,NA,NA,NA,NA,"Casualty numbers conflict across sources. Following GTD protocol, the most recent reliable estimates are reported here.","""Moscow gun attack: Second FSB officer dies after assault on HQ,"" BBC, December 20, 2019.","""Russia names gunman behind shooting at security agency's HQ, death toll rises,"" EuroNews, December 20, 2019.","""Russia: Shooting reported near security office in Moscow,"" Deutsche Welle, December 19, 2019.",START Primary Collection,-9,-9,0,-9,NA,Jihadi-inspired extremists ||  ||  ||  ||  || ,"12/19/2019: An assailant opened fire targeting the Federal Security Service (FSB) headquarters before being killed by security forces in Lubyanka Square., Moscow, Russia. In addition to the assailant, two FSB officers were killed and four people including FSB officers and civilians were injured in the attack. The assailant, identified as Yevgeny Manyurov, shouted slogans inspired by the Islamic State of Iraq and the Levant (ISIL) during the attack. || Yevgeny Manyurov, an unaffiliated individual, shouted slogans inspired by the Islamic State of Iraq and the Levant (ISIL) during the attack. || Casualty numbers conflict across sources. Following GTD protocol, the most recent reliable estimates are reported here.",2019,FALSE,TRUE,FALSE,TRUE,TRUE,FALSE,TRUE,TRUE,9,TRUE,FALSE,TRUE,probable_inspired,high_score_text_claim_signal
data/globalterrorismdb_0522dist.csv,201907170003,2019,7,17,NA,0,NA,95,Iraq,10,Middle East & North Africa,Arbil,Arbil,36.192587,44.004623,1,0,NA,"07/17/2019: Assailants opened fire at a restaurant on Airport Road in Arbil, Iraq. Three people, including at least one Turkish consulate employee, were killed in the attack. The Kurdistan Workers' Party (PKK) claimed responsibility for the incident; however, authorities doubted the veracity of the claim. The Islamic State of Iraq and the Levant (ISIL) also claimed responsibility and stated that the attack targeted members of the Shia community.",1,1,1,0,NA,NA,0,1,0,2,Armed Assault,NA,NA,NA,NA,7,Government (Diplomatic),45,"Diplomatic Personnel (outside of embassy, consulate)",Turkish Ministry of Foreign Affairs,Consulate Employee: Osman Kose,209,Turkey,1,Business,2,Restaurant/Bar/Café,HuQQabaz Restaurant,Restaurant,95,Iraq,14,Private Citizens & Property,67,Unnamed Civilian/Unspecified,Not Applicable,Civilians,95,Iraq,Kurdistan Workers' Party (PKK),NA,NA,NA,NA,NA,NA,1,NA,NA,0,3,-99,1,8,Personal claim,NA,NA,NA,NA,NA,NA,NA,5,Firearms,5,Unknown Gun Type,NA,NA,NA,NA,NA,NA,NA,NA,NA,NA,NA,NA,NA,3,0,0,0,0,0,1,3,Minor (likely < $1 million),-99,A building was damaged in this attack,0,NA,NA,NA,NA,NA,NA,NA,NA,NA,NA,NA,NA,NA,NA,NA,NA,"""Turkish diplomat shot dead in Iraqi Kurdistan,"" BBC, July 17, 2019.","""Iraqi Kurds accuse PKK of Turkish diplomat's murder,"" Middle East Eye, July 27, 2019.","""4 detained for killing Turkish consulate employee: Iraq officials,"" Turkish Daily, July 20, 2019.",START Primary Collection,1,1,1,1,NA,Kurdistan Workers' Party (PKK) ||  ||  ||  ||  || ,"07/17/2019: Assailants opened fire at a restaurant on Airport Road in Arbil, Iraq. Three people, including at least one Turkish consulate employee, were killed in the attack. The Kurdistan Workers' Party (PKK) claimed responsibility for the incident; however, authorities doubted the veracity of the claim. The Islamic State of Iraq and the Levant (ISIL) also claimed responsibility and stated that the attack targeted members of the Shia community. ||  || ",2019,FALSE,FALSE,FALSE,TRUE,TRUE,FALSE,TRUE,TRUE,7,FALSE,FALSE,TRUE,probable_inspired,high_score_text_claim_signal
data/globalterrorismdb_0522dist.csv,201911160003,2019,11,16,NA,0,NA,200,Syria,10,Middle East & North Africa,Aleppo,Bab,36.366198,37.512275,1,0,The incident occurred near freedom square.,"11/16/2019: An explosives-laden vehicle detonated at a bus terminal near freedom square in Bab, Aleppo, Syria. At least 18 people were killed and 15 other people were injured in the blast. No group claimed responsibility; however, sources attributed the attack to the Kurdistan Workers' Party (PKK) and the People's Protection Units (YPG).",1,1,1,0,NA,NA,0,1,0,3,Bombing/Explosion,NA,NA,NA,NA,19,Transportation,101,Bus Station/Stop,Unknown,Bus Terminal,200,Syria,NA,NA,NA,NA,NA,NA,NA,NA,NA,NA,NA,NA,NA,NA,NA,NA,Kurdistan Workers' Party (PKK),NA,People's Protection Units (YPG),NA,NA,NA,"The specific motive is unknown; however, sources noted that the suspect was a former member of the Islamic State of Iraq and the Levant (ISIL).",0,0,NA,0,1,1,0,NA,NA,0,NA,NA,NA,NA,NA,NA,6,Explosives,15,Vehicle,NA,NA,NA,NA,NA,NA,NA,NA,NA,NA,NA,NA,NA,18,0,0,15,0,0,1,3,Minor (likely < $1 million),-99,"Several cars, buildings, and minibuses damaged",0,NA,NA,NA,NA,NA,NA,NA,NA,NA,NA,NA,NA,NA,NA,NA,"Casualty numbers conflict across sources. Following GTD protocol, the majority reliable estimates are reported here.","""Deadly car bomb blasts rip through bus terminal in Syria's al-Bab,"" Al Jazeera, November 16, 2019.","""Car explosion in Syria kills 19, injures dozens,"" Daily News Egypt, November 18, 2019.","""Clashes in Syrian town controlled by pro-Ankara forces kill one,"" France24, November 17, 2019.",START Primary Collection,0,1,0,1,NA,Kurdistan Workers' Party (PKK) || People's Protection Units (YPG) ||  ||  ||  || ,"11/16/2019: An explosives-laden vehicle detonated at a bus terminal near freedom square in Bab, Aleppo, Syria. At least 18 people were killed and 15 other people were injured in the blast. No group claimed responsibility; however, sources attributed the attack to the Kurdistan Workers' Party (PKK) and the People's Protection Units (YPG). || The specific motive is unknown; however, sources noted that the suspect was a former member of the Islamic State of Iraq and the Levant (ISIL). || Casualty numbers conflict across sources. Following GTD protocol, the majority reliable estimates are reported here.",2019,FALSE,FALSE,FALSE,TRUE,TRUE,FALSE,FALSE,TRUE,5,FALSE,FALSE,TRUE,probable_inspired,high_score_text_claim_signal
data/globalterrorismdb_0522dist.csv,201909080023,2019,9,8,NA,0,NA,208,Tunisia,10,Middle East & North Africa,Tozeur,Tozeur,33.92127,8.128928,1,0,NA,"09/08/2019: An assailant stabbed a police officer in front of the Tozeur governorate headquarters in Tozeur city, Tozeur, Tunisia. The police officer was injured in the attack. No group claimed responsibility for the incident; however, sources attributed the attack to Muslim extremists.",1,1,1,0,NA,NA,0,1,0,2,Armed Assault,NA,NA,NA,NA,3,Police,25,Police Security Forces/Officers,Tunisian Police,Officer,208,Tunisia,NA,NA,NA,NA,NA,NA,NA,NA,NA,NA,NA,NA,NA,NA,NA,NA,Muslim extremists,NA,NA,NA,NA,NA,"The specific motive is unknown; however, sources noted that the assailant had pledged allegiance to the Islamic State of Iraq and the Levant (ISIL).",0,NA,NA,0,1,1,0,NA,NA,NA,NA,NA,NA,NA,NA,NA,9,Melee,23,Knife or Other Sharp Object,NA,NA,NA,NA,NA,NA,NA,NA,NA,NA,NA,NA,A knife was used in the attack.,0,0,0,1,0,0,0,NA,NA,NA,NA,0,NA,NA,NA,NA,NA,NA,NA,NA,NA,NA,NA,NA,NA,NA,NA,NA,"""Assassination of tourist policeman in Tozeur: Counter-Terrorism Centre initiates investigation (Spokesperson),"" Agency Tunis Afrique Press (Al Bawaba), September 10, 2019.",NA,NA,START Primary Collection,-9,-9,0,-9,NA,Muslim extremists ||  ||  ||  ||  || ,"09/08/2019: An assailant stabbed a police officer in front of the Tozeur governorate headquarters in Tozeur city, Tozeur, Tunisia. The police officer was injured in the attack. No group claimed responsibility for the incident; however, sources attributed the attack to Muslim extremists. || The specific motive is unknown; however, sources noted that the assailant had pledged allegiance to the Islamic State of Iraq and the Levant (ISIL). || ",2019,FALSE,TRUE,FALSE,TRUE,TRUE,FALSE,FALSE,TRUE,7,TRUE,FALSE,TRUE,probable_inspired,high_score_text_claim_signal
data/globalterrorismdb_0522dist.csv,201911290008,2019,11,29,NA,0,NA,603,United Kingdom,8,Western Europe,England,London,51.504385,-0.140041,1,0,The incident occurred on the London Bridge.,"11/29/2019: An assailant, wearing a fake explosives-laden vest, stabbed participants at a Learning Together conference organized by the University of Cambridge at Fishmongers' Hall on the London bridge in London, England, United Kingdom. In addition to the assailant, two people were killed and three others were injured in the attack. No group claimed responsibility for the incident; however, sources attributed the attack to a Jihadi-inspired extremist. The Islamic State in Iraq and the Levant (ISIL) made an unsubstantied claim for the attack.",1,1,1,0,NA,NA,0,1,1,2,Armed Assault,NA,NA,NA,NA,14,Private Citizens & Property,67,Unnamed Civilian/Unspecified,Not Applicable,Civilians,603,United Kingdom,NA,NA,NA,NA,NA,NA,NA,NA,NA,NA,NA,NA,NA,NA,NA,NA,Muslim extremists,NA,NA,NA,NA,NA,"The specific motive is unknown; however, sources noted that Usman Khan was previously arrested as a member of an Al-Qaida-inspired group that plotted to carry out a bomb attack at the London Stock Exchange.",0,NA,NA,0,1,0,0,NA,NA,NA,NA,NA,NA,NA,NA,NA,9,Melee,23,Knife or Other Sharp Object,7,Fake Weapons,NA,NA,NA,NA,NA,NA,NA,NA,NA,NA,A knife and a fake suicide vest were used in the attack.,3,0,1,3,0,0,0,NA,NA,NA,NA,0,NA,NA,NA,NA,NA,NA,NA,NA,NA,NA,NA,NA,NA,NA,NA,"Amaq News Agency claimed that the Islamic State of Iraq and the Levant (ISIL) carried out the attack and that the attack was in response to calls from the group to target civilians in countries that are fighting against ISIL; however, the veracity of this claim could not be verified. The victims included civilians Jack Merritt and Saskia Jones.","""Islamic State claims knife attack in UK,"" The Star (South Africa), December 2, 2019.","""Inspired from Al-Qaeda’s ideology, London Bridge attacker had planned to carry out attacks in Kashmir: UK Judge,"" Jagran Post, December 1, 2019.","""Terrorist in fake suicide vest kills two on UK street,"" Irish Independent, November 30, 2019.",START Primary Collection,-9,-9,0,-9,NA,Muslim extremists ||  ||  ||  ||  || ,"11/29/2019: An assailant, wearing a fake explosives-laden vest, stabbed participants at a Learning Together conference organized by the University of Cambridge at Fishmongers' Hall on the London bridge in London, England, United Kingdom. In addition to the assailant, two people were killed and three others were injured in the attack. No group claimed responsibility for the incident; however, sources attributed the attack to a Jihadi-inspired extremist. The Islamic State in Iraq and the Levant (ISIL) made an unsubstantied claim for the attack. || The specific motive is unknown; however, sources noted that Usman Khan was previously arrested as a member of an Al-Qaida-inspired group that plotted to carry out a bomb attack at the London Stock Exchange. || Amaq News Agency claimed that the Islamic State of Iraq and the Levant (ISIL) carried out the attack and that the attack was in response to calls from the group to target civilians in countries that are fighting against ISIL; however, the veracity of this claim could not be verified. The victims included civilians Jack Merritt and Saskia Jones.",2019,FALSE,TRUE,FALSE,TRUE,TRUE,FALSE,FALSE,TRUE,7,TRUE,FALSE,TRUE,probable_inspired,high_score_text_claim_signal
data/globalterrorismdb_0522dist.csv,201906240014,2019,6,24,NA,0,NA,4,Afghanistan,6,South Asia,Jawzjan,Qush Tepa district,36.221403,65.299462,3,0,NA,"06/24/2019: Assailants attacked an outpost in Qush Tepa district, Jawzjan, Afghanistan. With the help of an insider, six pro-government militia members, including a commander, were killed and two others were wounded in the attack. The Taliban claimed responsibility for the incident.",1,1,1,0,NA,NA,0,1,0,9,Unknown,NA,NA,NA,NA,17,Terrorists/Non-State Militia,94,Non-State Militia,National Uprising Movement (NUM),Outpost,4,Afghanistan,NA,NA,NA,NA,NA,NA,NA,NA,NA,NA,NA,NA,NA,NA,NA,NA,Taliban,NA,NA,NA,NA,NA,NA,0,NA,NA,0,3,0,1,8,Personal claim,NA,NA,NA,NA,NA,NA,NA,13,Unknown,NA,NA,NA,NA,NA,NA,NA,NA,NA,NA,NA,NA,NA,NA,NA,6,0,0,2,0,0,-9,NA,NA,NA,NA,0,NA,NA,NA,NA,NA,NA,NA,NA,NA,NA,NA,NA,NA,NA,NA,"Casualty numbers conflict across sources. Following GTD protocol, the lowest reliable estimates are reported here. The victims included Commander Yaseen. Sources also noted that the assailants had previously been members of the Khorasan Chapter of the Islamic State.","""Afghan War Casualty Report: June 21-27,"" New York Times, June 27, 2019.","""5 pro-govt militiamen killed in Jawzjan, Samangan,"" Pajhwok Afghan News English, June 26, 2019.","""Public uprising militiaman defects to Taliban after killing his 6 comrades,"" HT Syndication, June 26, 2019.",START Primary Collection,0,0,0,0,NA,Taliban ||  ||  ||  ||  || ,"06/24/2019: Assailants attacked an outpost in Qush Tepa district, Jawzjan, Afghanistan. With the help of an insider, six pro-government militia members, including a commander, were killed and two others were wounded in the attack. The Taliban claimed responsibility for the incident. ||  || Casualty numbers conflict across sources. Following GTD protocol, the lowest reliable estimates are reported here. The victims included Commander Yaseen. Sources also noted that the assailants had previously been members of the Khorasan Chapter of the Islamic State.",2019,FALSE,FALSE,FALSE,TRUE,TRUE,FALSE,TRUE,TRUE,7,FALSE,FALSE,TRUE,probable_inspired,high_score_text_claim_signal
data/globalterrorismdb_0522dist.csv,201906200001,2019,6,20,NA,0,NA,4,Afghanistan,6,South Asia,Nangarhar,Jalalabad,34.41712,70.449594,1,0,The incident occurred in the Shesham Bagh area of the city.,"06/20/2019: An explosive device attached to a vehicle detonated targeting the vehicle of Malik Dehqan, an uprising militia commander, in Jalalabad, Nangarhar, Afghanistan. At least one person were killed and 14 other people, including Dehqan, were injured in the blast. No group claimed responsibility for the attack.",1,1,1,0,NA,NA,0,0,0,1,Assassination,NA,NA,NA,NA,17,Terrorists/Non-State Militia,94,Non-State Militia,National Uprising Movement (NUM),Vehicle of Commander: Malik Dehqan,4,Afghanistan,14,Private Citizens & Property,67,Unnamed Civilian/Unspecified,Not Applicable,Civilians,4,Afghanistan,3,Police,25,Police Security Forces/Officers,Afghan Police,Officers,4,Afghanistan,Unknown,NA,NA,NA,NA,NA,"The specific motive is unknown; however, sources noted that Malik Dehqan had led a group against the Islamic State and the Taliban.",0,NA,NA,0,-99,0,0,NA,NA,NA,NA,NA,NA,NA,NA,NA,6,Explosives,29,Sticky Bomb,NA,NA,NA,NA,NA,NA,NA,NA,NA,NA,NA,NA,A magnetic bomb was used in the attack.,1,0,0,14,0,0,-9,NA,NA,NA,NA,0,NA,NA,NA,NA,NA,NA,NA,NA,NA,NA,NA,NA,NA,NA,NA,"Casualty numbers conflict across sources. Following GTD protocol, the majority and lowest reliable estimates are reported here.","""Jalalabad explosion leaves 1 dead, 14 wounded,"" Pajhwok Afghan News, June 20, 2019.","""Afghanistan: Bomb Blast Kills 2, Injures 18 Others in Eastern Afghanistan,"" Ariana News Online, June 20, 2019.","""Casualties reported in east Afghanistan blast,"" Afghan Islamic Press Online, June 20, 2019.",START Primary Collection,-9,-9,0,-9,NA,Unknown ||  ||  ||  ||  || ,"06/20/2019: An explosive device attached to a vehicle detonated targeting the vehicle of Malik Dehqan, an uprising militia commander, in Jalalabad, Nangarhar, Afghanistan. At least one person were killed and 14 other people, including Dehqan, were injured in the blast. No group claimed responsibility for the attack. || The specific motive is unknown; however, sources noted that Malik Dehqan had led a group against the Islamic State and the Taliban. || Casualty numbers conflict across sources. Following GTD protocol, the majority and lowest reliable estimates are reported here.",2019,FALSE,FALSE,TRUE,TRUE,TRUE,FALSE,FALSE,TRUE,6,FALSE,TRUE,TRUE,probable_inspired,high_score_text_claim_signal
data/globalterrorismdb_0522dist.csv,201906270020,2019,6,27,NA,0,NA,69,France,8,Western Europe,Brittany,Brest,48.413153,-4.467945,1,0,NA,"06/27/2019: An assailant opened fire outside a mosque targeting Imam Rachid El Jay, who had been threatened by the Islamic State and far-right groups, in Brest, Bretagne, France. The assailant committed suicide and two people, including El Jay, were injured in the assault. Karl Foyer claimed responsibility and stated that he was ordered to carry out the attack and they threatened to kill his parents and sister if their instructions were not followed.",1,1,1,1,4,Lack of Intentionality,0,1,1,2,Armed Assault,NA,NA,NA,NA,15,Religious Figures/Institutions,85,Religious Figure,Unknown,Imam: Rachid Eljay,69,France,14,Private Citizens & Property,67,Unnamed Civilian/Unspecified,Not Applicable,Civilian,69,France,NA,NA,NA,NA,NA,NA,NA,NA,Unknown,NA,NA,NA,NA,NA,"Karl Foyer, an unaffiliated individual, claimed responsibility for the incident and stated that he was ordered to carry out the attack and they ""warned him they would kill his parents and sister if he did not obey their instructions."" Sources also noted that Imam Rachid El Jay had previously been threatened by the Islamic State and far-right groups.",0,NA,NA,1,1,0,1,7,"Posted to website, blog, etc.",NA,NA,NA,NA,NA,NA,NA,5,Firearms,3,Handgun,NA,NA,NA,NA,NA,NA,NA,NA,NA,NA,NA,NA,A 9-mm handgun was used in the attack.,1,0,1,2,0,0,0,NA,NA,NA,NA,0,NA,NA,NA,NA,NA,NA,NA,NA,NA,NA,NA,NA,NA,NA,NA,"There is doubt that this incident meets terrorism-related criteria. The assailant claimed that the attack was carried out under duress from a threat to his family, while other sources noted that the assailant was ""a deranged individual acting on his own initiative.""","""Singapore: Gunman wounds two, including imam, in French mosque shooting,"" Channel NewsAsia Online, June 28, 2019.",NA,NA,START Primary Collection,-9,-9,0,-9,NA,Unknown ||  ||  ||  ||  || ,"06/27/2019: An assailant opened fire outside a mosque targeting Imam Rachid El Jay, who had been threatened by the Islamic State and far-right groups, in Brest, Bretagne, France. The assailant committed suicide and two people, including El Jay, were injured in the assault. Karl Foyer claimed responsibility and stated that he was ordered to carry out the attack and they threatened to kill his parents and sister if their instructions were not followed. || Karl Foyer, an unaffiliated individual, claimed responsibility for the incident and stated that he was ordered to carry out the attack and they ""warned him they would kill his parents and sister if he did not obey their instructions."" Sources also noted that Imam Rachid El Jay had previously been threatened by the Islamic State and far-right groups. || There is doubt that this incident meets terrorism-related criteria. The assailant claimed that the attack was carried out under duress from a threat to his family, while other sources noted that the assailant was ""a deranged individual acting on his own initiative.""",2019,FALSE,FALSE,TRUE,TRUE,TRUE,FALSE,TRUE,TRUE,8,FALSE,TRUE,TRUE,probable_inspired,high_score_text_claim_signal
data/globalterrorismdb_0522dist.csv,201909050008,2019,9,5,NA,0,NA,153,Pakistan,6,South Asia,Balochistan,Quetta,30.20082,66.994352,1,0,The incident occurred in the Khaizi Chowk area of the city.,"09/05/2019: An explosive device detonated at a bus terminal in Quetta, Balochistan, Pakistan. This was one of two consecutive explosions as part of a first responder attack at the bus terminal. One person was killed and ten others were injured across both attacks. No group claimed responsibility for the incident.",1,1,1,0,NA,NA,1,1,0,3,Bombing/Explosion,NA,NA,NA,NA,19,Transportation,101,Bus Station/Stop,Al-Faisal Movers,Bus Terminal,153,Pakistan,NA,NA,NA,NA,NA,NA,NA,NA,NA,NA,NA,NA,NA,NA,NA,NA,Unknown,NA,NA,NA,NA,NA,"The specific motive is unknown; however, sources noted that the attack occurred one day after security forces killed six members of the Khorasan Chapter of the Islamic State during an intelligence operation in Quetta.",0,NA,NA,0,-99,0,0,NA,NA,NA,NA,NA,NA,NA,NA,NA,6,Explosives,16,Unknown Explosive Type,NA,NA,NA,NA,NA,NA,NA,NA,NA,NA,NA,NA,NA,1,0,0,5,0,0,-9,NA,NA,NA,NA,0,NA,NA,NA,NA,NA,NA,NA,NA,NA,NA,NA,NA,NA,NA,NA,"The victims included Muhammad Naeem. Casualty numbers conflict across sources. Following GTD protocol, the lowest reliable estimates are reported here. Casualty numbers represent a division of the total number of those killed and wounded across incidents 201909050008 and 201909050009.","""Pakistan- Rescue personnel martyred, 13 injured in Quetta twin blasts,"" Global English (Middle East and North Africa Financial Network), September 6, 2019.","""Twin blasts kill one, injure 12 people in Pak's Balochistan province,"" India Today, September 6, 2019.","""1 dead, 10 injured in twin IED blasts in Quetta,"" Pakistan Today, September 5, 2019.",START Primary Collection,-9,-9,0,-9,"201909050008, 201909050009",Unknown ||  ||  ||  ||  || ,"09/05/2019: An explosive device detonated at a bus terminal in Quetta, Balochistan, Pakistan. This was one of two consecutive explosions as part of a first responder attack at the bus terminal. One person was killed and ten others were injured across both attacks. No group claimed responsibility for the incident. || The specific motive is unknown; however, sources noted that the attack occurred one day after security forces killed six members of the Khorasan Chapter of the Islamic State during an intelligence operation in Quetta. || The victims included Muhammad Naeem. Casualty numbers conflict across sources. Following GTD protocol, the lowest reliable estimates are reported here. Casualty numbers represent a division of the total number of those killed and wounded across incidents 201909050008 and 201909050009.",2019,FALSE,FALSE,TRUE,TRUE,TRUE,FALSE,FALSE,TRUE,6,FALSE,TRUE,TRUE,probable_inspired,high_score_text_claim_signal
data/globalterrorismdb_0522dist.csv,201909050009,2019,9,5,NA,0,NA,153,Pakistan,6,South Asia,Balochistan,Quetta,30.20082,66.994352,1,0,The incident occurred in the Khaizi Chowk area of the city.,"09/05/2019: An explosive device detonated at a bus terminal in Quetta, Balochistan, Pakistan. This was one of two consecutive explosions as part of a first responder attack at the bus terminal. One person was killed and 10 others were injured across both attacks. No group claimed responsibility for the incident.",1,1,1,0,NA,NA,1,1,0,3,Bombing/Explosion,NA,NA,NA,NA,19,Transportation,101,Bus Station/Stop,Al-Faisal Movers,Bus Terminal,153,Pakistan,3,Police,25,Police Security Forces/Officers,Pakistani Police,"Officers: Kharotabad Noorul Hassan, Asmatullah, Khushdil",153,Pakistan,10,Journalists & Media,55,Television Journalist/Staff/Facility,Dunya News,"Journalists: Ibrar Ahmed, Syed Rehmat Ali",153,Pakistan,Unknown,NA,NA,NA,NA,NA,"The specific motive is unknown; however, sources noted that the attack occurred one day after security forces killed six members of the Khorasan Chapter of the Islamic State in an intelligence operation in Quetta.",0,NA,NA,0,-99,0,0,NA,NA,NA,NA,NA,NA,NA,NA,NA,6,Explosives,15,Vehicle,NA,NA,NA,NA,NA,NA,NA,NA,NA,NA,NA,NA,An explosives-laden motorcycle was used in the attack.,0,0,0,5,0,0,-9,NA,NA,NA,NA,0,NA,NA,NA,NA,NA,NA,NA,NA,NA,NA,NA,NA,NA,NA,NA,"The victims also included Officers Irshad, Arif Ali, and Fazlur Rehman. Casualty numbers conflict across sources. Following GTD protocol, the lowest reliable estimates are reported here. Casualty numbers represent a division of the total number of those killed and wounded across incidents 201909050008 and 201909050009.","""Pakistan- Rescue personnel martyred, 13 injured in Quetta twin blasts,"" Global English (Middle East and North Africa Financial Network), September 6, 2019.","""Twin blasts kill one, injure 12 people in Pak's Balochistan province,"" India Today, September 6, 2019.","""1 dead, 10 injured in twin IED blasts in Quetta,"" Pakistan Today, September 5, 2019.",START Primary Collection,-9,-9,0,-9,"201909050008, 201909050009",Unknown ||  ||  ||  ||  || ,"09/05/2019: An explosive device detonated at a bus terminal in Quetta, Balochistan, Pakistan. This was one of two consecutive explosions as part of a first responder attack at the bus terminal. One person was killed and 10 others were injured across both attacks. No group claimed responsibility for the incident. || The specific motive is unknown; however, sources noted that the attack occurred one day after security forces killed six members of the Khorasan Chapter of the Islamic State in an intelligence operation in Quetta. || The victims also included Officers Irshad, Arif Ali, and Fazlur Rehman. Casualty numbers conflict across sources. Following GTD protocol, the lowest reliable estimates are reported here. Casualty numbers represent a division of the total number of those killed and wounded across incidents 201909050008 and 201909050009.",2019,FALSE,FALSE,TRUE,TRUE,TRUE,FALSE,FALSE,TRUE,6,FALSE,TRUE,TRUE,probable_inspired,high_score_text_claim_signal
data/globalterrorismdb_0522dist.csv,202007140020,2020,7,14,07/14/2020,1,07/28/2020,228,Yemen,10,Middle East & North Africa,Hadramawt,Seiyun,15.962793,48.787088,1,0,The incident occurred at Seiyun Airport.,"07/14/2020: Assailants abducted Radwan Al-Hashidi, a journalist, from Seiyun International Airport in Seiyun, Hadramawt, Yemen. The hostage was released on July 28, 2020. No group claimed responsibility for the incident; however, sources attributed the attack to the Al-Islah Party. Sources also noted that the victim was targeted because of his anti-ISIL views.",1,1,1,0,NA,NA,0,1,0,6,Hostage Taking (Kidnapping),NA,NA,NA,NA,10,Journalists & Media,NA,NA,Unknown,Journalist: Radwan Al-Hashidi,228,Yemen,NA,NA,NA,NA,NA,NA,NA,NA,NA,NA,NA,NA,NA,NA,NA,NA,Al-Islah Party,NA,NA,NA,NA,NA,"The specific motive is unknown; however, sources noted that the incident was carried out in retaliation for Radwan Al-Hashidi's views against the Islamic State of Iraq and the Levant (ISIL).",0,NA,NA,0,-99,0,0,NA,NA,NA,NA,NA,NA,NA,NA,NA,13,Unknown,NA,NA,NA,NA,NA,NA,NA,NA,NA,NA,NA,NA,NA,NA,NA,0,0,0,0,0,0,0,NA,NA,NA,NA,1,1,0,NA,14,NA,NA,0,NA,NA,NA,NA,NA,2,Hostage(s) released by perpetrators,1,Al-Hashidi was reportedly targeted for his anti-ISIL views and his previous role as spokesperson for the Brigades Colonel Adel Farea.,"""Brotherhood militia kidnapped journalist Radwan Al-Hashidi and sent him to a prison in Marib,"" Yemen News, July 14, 2020.",NA,NA,START Primary Collection,0,0,0,0,NA,Al-Islah Party ||  ||  ||  ||  || ,"07/14/2020: Assailants abducted Radwan Al-Hashidi, a journalist, from Seiyun International Airport in Seiyun, Hadramawt, Yemen. The hostage was released on July 28, 2020. No group claimed responsibility for the incident; however, sources attributed the attack to the Al-Islah Party. Sources also noted that the victim was targeted because of his anti-ISIL views. || The specific motive is unknown; however, sources noted that the incident was carried out in retaliation for Radwan Al-Hashidi's views against the Islamic State of Iraq and the Levant (ISIL). || Al-Hashidi was reportedly targeted for his anti-ISIL views and his previous role as spokesperson for the Brigades Colonel Adel Farea.",2020,FALSE,FALSE,FALSE,TRUE,TRUE,FALSE,FALSE,TRUE,5,FALSE,FALSE,TRUE,probable_inspired,high_score_text_claim_signal
data/globalterrorismdb_0522dist.csv,202010290002,2020,10,29,NA,0,NA,69,France,8,Western Europe,Provence-Alpes-Cote d'Azur,Nice,43.703164,7.2658,1,0,NA,"10/29/2020: An assailant armed with a knife attacked civilians outside the Notre-Dame de L’Assomption Basilica in Nice, Provence-Alpes-Cote d'Azur, France. Three people were killed in the attack, and the assailant was shot and injured before being arrested by police. Al-Mahdi in Southern Tunisia claimed responsibility for the incident and stated that the attack was carried out in retaliation for caricatures of the Prophet Mohammed. The group stated that they provided training for and prepared the assailant, Brahim Aouissaoui. Authorities stated that they found photos linked to the Islamic State of Iraq and the Levant (ISIL) on Aouissaoui's phone, along with a recording in which he describes France as ""a country of unbelievers."" There were also photos of the perpetrator of the attack that killed Samuel Paty on October 16, 2020.",1,1,1,0,NA,NA,0,1,0,2,Armed Assault,NA,NA,NA,NA,15,Religious Figures/Institutions,85,Religious Figure,Notre-Dame de L’Assomption,Church Sexton: Vincent Loques,69,France,14,Private Citizens & Property,68,Named Civilian,Not Applicable,"Civilians: Nadine Devillers, Simone Barreto Silva",69,France,NA,NA,NA,NA,NA,NA,NA,NA,Al-Mahdi in Southern Tunisia,NA,NA,NA,NA,NA,"Al-Mahdi in Southern Tunisia claimed responsibility for the incident and stated that the attack was carried out in retaliation for caricatures of the Prophet Mohammed. The group stated that they provided training for and prepared the assailant, Brahim Aouissaoui. Authorities stated that they found photos linked to the Islamic State of Iraq and the Levant (ISIL) on Aouissaoui's phone, along with a recording in which he describes France as ""a country of unbelievers."" There were also photos of the perpetrator of the attack that killed Samuel Paty on October 16, 2020.",0,NA,NA,0,1,1,1,6,Video,NA,NA,NA,NA,NA,NA,NA,9,Melee,23,Knife or Other Sharp Object,NA,NA,NA,NA,NA,NA,NA,NA,NA,NA,NA,NA,A 12-inch knife was used in the attack.,3,0,0,1,0,0,0,NA,NA,NA,NA,0,NA,NA,NA,NA,NA,NA,NA,NA,NA,NA,NA,NA,NA,NA,NA,NA,"""Knife attack in French city Nice leaves one dead, several hurt,"" Al Jazeera, October 29, 2020.","""Attacker in Nice had a photo on his phone of the the man who beheaded teacher over cartoons,"" Straits Times, November 13, 2020.","""France raises security alert after 3 killed in Nice,"" RTE Online, October 29, 2020.",START Primary Collection,1,1,0,1,NA,Al-Mahdi in Southern Tunisia ||  ||  ||  ||  || ,"10/29/2020: An assailant armed with a knife attacked civilians outside the Notre-Dame de L’Assomption Basilica in Nice, Provence-Alpes-Cote d'Azur, France. Three people were killed in the attack, and the assailant was shot and injured before being arrested by police. Al-Mahdi in Southern Tunisia claimed responsibility for the incident and stated that the attack was carried out in retaliation for caricatures of the Prophet Mohammed. The group stated that they provided training for and prepared the assailant, Brahim Aouissaoui. Authorities stated that they found photos linked to the Islamic State of Iraq and the Levant (ISIL) on Aouissaoui's phone, along with a recording in which he describes France as ""a country of unbelievers."" There were also photos of the perpetrator of the attack that killed Samuel Paty on October 16, 2020. || Al-Mahdi in Southern Tunisia claimed responsibility for the incident and stated that the attack was carried out in retaliation for caricatures of the Prophet Mohammed. The group stated that they provided training for and prepared the assailant, Brahim Aouissaoui. Authorities stated that they found photos linked to the Islamic State of Iraq and the Levant (ISIL) on Aouissaoui's phone, along with a recording in which he describes France as ""a country of unbelievers."" There were also photos of the perpetrator of the attack that killed Samuel Paty on October 16, 2020. || ",2020,FALSE,FALSE,FALSE,TRUE,TRUE,FALSE,TRUE,TRUE,7,FALSE,FALSE,TRUE,probable_inspired,high_score_text_claim_signal
data/globalterrorismdb_0522dist.csv,202002090002,2020,2,9,NA,0,NA,6,Algeria,10,Middle East & North Africa,Adrar,Timiaouine,20.439792,1.807816,1,0,NA,"02/09/2020: A suicide bomber detonated an explosives-laden vehicle targeting an army unit in Timiaouine, Adrar, Algeria. In addition to the assailant, at least one soldier was killed and six other soldiers were injured in the blast. The Algeria Province of the Islamic State claimed responsibility for the incident.",1,1,0,1,1,Insurgency/Guerilla Action,0,1,1,3,Bombing/Explosion,NA,NA,NA,NA,4,Military,29,Military Unit/Patrol/Convoy,People's National Army (ANP),Unit,6,Algeria,NA,NA,NA,NA,NA,NA,NA,NA,NA,NA,NA,NA,NA,NA,NA,NA,Algeria Province of the Islamic State,NA,NA,NA,NA,NA,NA,0,NA,NA,0,1,0,1,8,Personal claim,NA,NA,NA,NA,NA,NA,NA,6,Explosives,15,Vehicle,NA,NA,NA,NA,NA,NA,NA,NA,NA,NA,NA,NA,NA,2,0,1,6,0,0,-9,NA,NA,NA,NA,0,NA,NA,NA,NA,NA,NA,NA,NA,NA,NA,NA,NA,NA,NA,NA,NA,"""Suicide bomber attacks Algerian barracks, killing a soldier-defence ministry,"" Reuters UK, February 9, 2020.","""Terrorism Digest: 9-10 Feb 20,"" BBC Monitoring, February 10, 2020.","""Contradictory reports about 'suicide' blast in southern Algeria,"" BBC Monitoring, February 9, 2020.",START Primary Collection,0,0,0,0,NA,Algeria Province of the Islamic State ||  ||  ||  ||  || ,"02/09/2020: A suicide bomber detonated an explosives-laden vehicle targeting an army unit in Timiaouine, Adrar, Algeria. In addition to the assailant, at least one soldier was killed and six other soldiers were injured in the blast. The Algeria Province of the Islamic State claimed responsibility for the incident. ||  || ",2020,FALSE,FALSE,FALSE,TRUE,TRUE,FALSE,TRUE,TRUE,7,FALSE,FALSE,TRUE,probable_inspired,high_score_text_claim_signal
data/globalterrorismdb_0522dist.csv,202005010024,2020,5,1,NA,0,NA,228,Yemen,10,Middle East & North Africa,Dhamar,Amhal,14.466228,44.027479,1,0,NA,"05/01/2020: Assailants opened fire at a mosque in Amal, Dhamar, Yemen. The imam, Shawqi Jaber Muhammad Rifaan, was shot and killed in the attack. Houthi extremists (Ansar Allah) claimed responsibility for the incident and accused the victim of being a member of ISIL; however, sources claimed that the imam was targeted for holding prayers during the COVID-19 pandemic and providing services to locals.",1,1,1,0,NA,NA,0,1,0,2,Armed Assault,NA,NA,NA,NA,15,Religious Figures/Institutions,86,Place of Worship,Unknown,Mosque,228,Yemen,17,Terrorists/Non-State Militia,93,Terrorist,Islamic State in Iraq and the Levant (ISIL),Imam: Shawqi Jaber Muhammad Rifaan,228,Yemen,NA,NA,NA,NA,NA,NA,NA,NA,Houthi extremists (Ansar Allah),NA,NA,NA,NA,NA,"Houthi extremists (Ansar Allah) took responsibility for the attack and accused the victim of being a member of the Islamic State of Iraq and the Levant (ISIL). However, sources suspected that the victim was targeted due to his refusal to comply with orders from Houthi extremists (Ansar Allah) not to hold Tarawih prayers for the month of Ramadan, as well as his distribution of aid to local families.",0,NA,NA,0,-99,0,1,7,"Posted to website, blog, etc.",NA,NA,NA,NA,NA,NA,NA,5,Firearms,5,Unknown Gun Type,NA,NA,NA,NA,NA,NA,NA,NA,NA,NA,NA,NA,NA,1,0,0,0,0,0,-9,NA,NA,NA,NA,0,NA,NA,NA,NA,NA,NA,NA,NA,NA,NA,NA,NA,NA,NA,NA,NA,"""Houthis announce killing of senior leader in ISIS,"" Debriefer.net, May 4, 2020.","""Yemen rebels 'storm mosque, kill imam' in front of worshippers,"" Al-Masdar Online website, May 2, 2020.",NA,START Primary Collection,0,0,0,0,NA,Houthi extremists (Ansar Allah) ||  ||  ||  ||  || ,"05/01/2020: Assailants opened fire at a mosque in Amal, Dhamar, Yemen. The imam, Shawqi Jaber Muhammad Rifaan, was shot and killed in the attack. Houthi extremists (Ansar Allah) claimed responsibility for the incident and accused the victim of being a member of ISIL; however, sources claimed that the imam was targeted for holding prayers during the COVID-19 pandemic and providing services to locals. || Houthi extremists (Ansar Allah) took responsibility for the attack and accused the victim of being a member of the Islamic State of Iraq and the Levant (ISIL). However, sources suspected that the victim was targeted due to his refusal to comply with orders from Houthi extremists (Ansar Allah) not to hold Tarawih prayers for the month of Ramadan, as well as his distribution of aid to local families. || ",2020,FALSE,FALSE,FALSE,TRUE,TRUE,FALSE,TRUE,TRUE,7,FALSE,FALSE,TRUE,probable_inspired,high_score_text_claim_signal
data/globalterrorismdb_0522dist.csv,202001090009,2020,1,9,NA,0,NA,603,United Kingdom,8,Western Europe,England,March,52.575209,0.081169,1,0,The incident occurred inside HMP Whitemoor Prison.,"01/09/2020: Assailants wearing fake suicide vests stabbed prison employees inside the HMP Whitemoor Prison in March, England, United Kingdom. Four guards and one nurse were injured in the attack. The assailants were identified as Brusthom Ziamani and Baz Hockton. Ziamani confessed in court, but denied that the incident was ideologically motivated, although he did shout ""Allahu Akbar"" during the assault, and stated that he intended to move locations in the prison.",1,1,1,0,NA,NA,0,1,1,2,Armed Assault,NA,NA,NA,NA,3,Police,26,Prison/Jail,HMP Whitemoor Prison,Officers,603,United Kingdom,14,Private Citizens & Property,77,Laborer (General)/Occupation Identified,HMP Whitemoor Prison,Nurse,603,United Kingdom,NA,NA,NA,NA,NA,NA,NA,NA,Jihadi-inspired extremists,NA,NA,NA,NA,NA,"Brusthom Ziamani, an unaffiliated individual, confessed to carrying out the attack in court, but denied that it was ideologically motivated and stated that he intended to move locations in the prison. Source noted that Ziamani shouted ""Allahu Akbar"" during the attack and was previously charged with plotting to behead a soldier and was inspired by the killers of Lee Rigby. Sources also noted that Ziamani translated Islamic State of Iraq and the Levant (ISIL) propaganda videos and was carrying a speech of an ISIL suicide bomber in his pocket during the attack.",0,NA,NA,1,2,2,0,NA,NA,NA,NA,NA,NA,NA,NA,NA,9,Melee,23,Knife or Other Sharp Object,7,Fake Weapons,NA,NA,NA,NA,NA,NA,NA,NA,NA,NA,Improvised bladed weapons and fake suicide vests were used in the attack.,0,0,0,5,0,0,0,NA,NA,NA,NA,0,NA,NA,NA,NA,NA,NA,NA,NA,NA,NA,NA,NA,NA,NA,NA,NA,"""Stabbings in UK prison treated as ""terror attack"", says police,"" Xinhua General News Service, January 11, 2020.",NA,NA,START Primary Collection,-9,-9,0,-9,NA,Jihadi-inspired extremists ||  ||  ||  ||  || ,"01/09/2020: Assailants wearing fake suicide vests stabbed prison employees inside the HMP Whitemoor Prison in March, England, United Kingdom. Four guards and one nurse were injured in the attack. The assailants were identified as Brusthom Ziamani and Baz Hockton. Ziamani confessed in court, but denied that the incident was ideologically motivated, although he did shout ""Allahu Akbar"" during the assault, and stated that he intended to move locations in the prison. || Brusthom Ziamani, an unaffiliated individual, confessed to carrying out the attack in court, but denied that it was ideologically motivated and stated that he intended to move locations in the prison. Source noted that Ziamani shouted ""Allahu Akbar"" during the attack and was previously charged with plotting to behead a soldier and was inspired by the killers of Lee Rigby. Sources also noted that Ziamani translated Islamic State of Iraq and the Levant (ISIL) propaganda videos and was carrying a speech of an ISIL suicide bomber in his pocket during the attack. || ",2020,FALSE,TRUE,FALSE,TRUE,TRUE,FALSE,FALSE,TRUE,7,TRUE,FALSE,TRUE,probable_inspired,high_score_text_claim_signal
data/globalterrorismdb_0522dist.csv,202002020006,2020,2,2,NA,0,NA,603,United Kingdom,8,Western Europe,England,London,51.504385,-0.140041,1,0,The incident occurred along Streatham High Road in Streatham neighborhood.,"02/02/2020: An assailant armed with a knife and a fake explosives-laden vest stabbed civilians in Streatham neighborhood, London, England, United Kingdom. Two civilians were stabbed and injured in the attack before police responded, killing the assailant and injuring a third civilian. No group claimed responsibility for the incident; however, sources identified the assailant as Sudesh Amman and noted that he had previously pledged allegiance to the Islamic State of Iraq and the Levant (ISIL). Following the attack, the Islamic State of Iraq and the Levant (ISIL) claimed that one of its ""soldiers"" carried out the attack and that the assailant answered calls to target civilians in countries that belong to the coalition fighting against ISIL.",1,1,1,0,NA,NA,0,1,1,2,Armed Assault,NA,NA,NA,NA,14,Private Citizens & Property,67,Unnamed Civilian/Unspecified,Not Applicable,Civilians,603,United Kingdom,NA,NA,NA,NA,NA,NA,NA,NA,NA,NA,NA,NA,NA,NA,NA,NA,Jihadi-inspired extremists,NA,NA,NA,NA,NA,"The specific motive is unknown; however, sources stated that the assailant, Sudesh Amman, had previously pledged allegiance to the Islamic State of Iraq and the Levant (ISIL). The Islamic State of Iraq and the Levant (ISIL) claimed that one of its ""soldiers"" carried out the attack and that the assailant answered calls to target civilians in countries that belong to the coalition fighting against ISIL.",0,NA,NA,1,1,0,0,NA,NA,NA,NA,NA,NA,NA,NA,NA,9,Melee,23,Knife or Other Sharp Object,7,Fake Weapons,NA,NA,NA,NA,NA,NA,NA,NA,NA,NA,A 10-inch ceramic knife and a fake suicide vest consisting of silver canisters were used in the attack.,1,0,1,3,0,0,1,3,Minor (likely < $1 million),-99,Window of building damaged,0,NA,NA,NA,NA,NA,NA,NA,NA,NA,NA,NA,NA,NA,NA,NA,NA,"""elite unit are 'spies',"" Daily Star, February 5, 2020.","""South London stabbing attack: what we know,"" VOX.com, February 2, 2020.","""Streatham terror incident: Suspect wore hoax bomb device during 'Islamist-related' attack; Follow out LIVE updates on the Streatham terror attack, HERE.,"" standard.co.uk, February 2, 2020.",START Primary Collection,-9,-9,0,-9,NA,Jihadi-inspired extremists ||  ||  ||  ||  || ,"02/02/2020: An assailant armed with a knife and a fake explosives-laden vest stabbed civilians in Streatham neighborhood, London, England, United Kingdom. Two civilians were stabbed and injured in the attack before police responded, killing the assailant and injuring a third civilian. No group claimed responsibility for the incident; however, sources identified the assailant as Sudesh Amman and noted that he had previously pledged allegiance to the Islamic State of Iraq and the Levant (ISIL). Following the attack, the Islamic State of Iraq and the Levant (ISIL) claimed that one of its ""soldiers"" carried out the attack and that the assailant answered calls to target civilians in countries that belong to the coalition fighting against ISIL. || The specific motive is unknown; however, sources stated that the assailant, Sudesh Amman, had previously pledged allegiance to the Islamic State of Iraq and the Levant (ISIL). The Islamic State of Iraq and the Levant (ISIL) claimed that one of its ""soldiers"" carried out the attack and that the assailant answered calls to target civilians in countries that belong to the coalition fighting against ISIL. || ",2020,FALSE,TRUE,FALSE,TRUE,TRUE,FALSE,FALSE,TRUE,7,TRUE,FALSE,TRUE,probable_inspired,high_score_text_claim_signal
data/globalterrorismdb_0522dist.csv,202002030014,2020,2,3,NA,0,NA,69,France,8,Western Europe,Grand-Est,Dieuze,48.810313,6.71757,1,0,NA,"02/03/2020: An assailant armed with a knife attacked gendarmes at a barracks in Dieuze, Grand-Est, France. At least one gendarme was injured and the assailant was shot and injured in the incident. In a call to the police prior to the attack, the incident was claimed to have been carried out in the name of the Islamic State of Iraq and the Levant (ISIL). After the attack it was also discovered that the assailant, identified as Mattias R., had enlisted in the military two months prior.",0,1,1,1,2,Other Crime Type,0,1,0,2,Armed Assault,NA,NA,NA,NA,3,Police,25,Police Security Forces/Officers,French Police,Gendarmes,69,France,NA,NA,NA,NA,NA,NA,NA,NA,NA,NA,NA,NA,NA,NA,NA,NA,Jihadi-inspired extremists,NA,NA,NA,NA,NA,"Mattias R., an unaffiliated individual, claimed responsibility for the incident and stated that he planned to carry the attack in the name of the Islamic State of Iraq and the Levant (ISIL).",0,NA,NA,1,1,1,1,3,Call (pre-incident),NA,NA,NA,NA,NA,NA,NA,9,Melee,23,Knife or Other Sharp Object,NA,NA,NA,NA,NA,NA,NA,NA,NA,NA,NA,NA,A knife was used in the attack.,0,0,0,2,0,1,0,NA,NA,NA,NA,0,NA,NA,NA,NA,NA,NA,NA,NA,NA,NA,NA,NA,NA,NA,NA,There is doubt that this incident meets terrorism-related criteria. The attack may have been the result of the assailant attempting to commit suicide-by-cop and law enforcement doubted the assailant had been radicalized.,"""French Barracks Attacker Was a Trainee Soldier,"" New York Times, February 4, 2020.","""Army recruit ‘inspired by Isis’ attacks police barracks in France,"" thetimes.co.uk, February 5, 2020.","""French police shoot barracks intruder following attack warning,"" Reuters UK, February 3, 2020.",START Primary Collection,-9,-9,0,-9,NA,Jihadi-inspired extremists ||  ||  ||  ||  || ,"02/03/2020: An assailant armed with a knife attacked gendarmes at a barracks in Dieuze, Grand-Est, France. At least one gendarme was injured and the assailant was shot and injured in the incident. In a call to the police prior to the attack, the incident was claimed to have been carried out in the name of the Islamic State of Iraq and the Levant (ISIL). After the attack it was also discovered that the assailant, identified as Mattias R., had enlisted in the military two months prior. || Mattias R., an unaffiliated individual, claimed responsibility for the incident and stated that he planned to carry the attack in the name of the Islamic State of Iraq and the Levant (ISIL). || There is doubt that this incident meets terrorism-related criteria. The attack may have been the result of the assailant attempting to commit suicide-by-cop and law enforcement doubted the assailant had been radicalized.",2020,FALSE,TRUE,FALSE,TRUE,TRUE,FALSE,TRUE,TRUE,9,TRUE,FALSE,TRUE,probable_inspired,high_score_text_claim_signal
data/globalterrorismdb_0522dist.csv,202002210019,2020,2,21,NA,0,NA,38,Canada,1,North America,Ontario,Toronto,43.7252,-79.387029,1,0,NA,"02/21/2020: An assailant armed with hammer attacked and killed a civilian along Sheppard Avenue East near Markham Road in Toronto, Ontario, Canada. An individual identified as Saad Akhtar claimed responsibility and turned himself into authorities shortly after the attack. Sources noted that Akhtar may have been inspired by the Islamic State.",1,1,1,0,NA,NA,0,1,0,8,Unarmed Assault,NA,NA,NA,NA,14,Private Citizens & Property,68,Named Civilian,Not Applicable,Civilian: Hang-Kam Annie Chiu,38,Canada,NA,NA,NA,NA,NA,NA,NA,NA,NA,NA,NA,NA,NA,NA,NA,NA,Jihadi-inspired extremists,NA,NA,NA,NA,NA,"The specific motive is unknown; however, sources suspected that Saad Akhtar may have been inspired by the Islamic State of Iraq and the Levant (ISIL) based on his past statements in support of the group.",0,NA,NA,1,1,1,1,8,Personal claim,NA,NA,NA,NA,NA,NA,NA,9,Melee,21,Blunt Object,7,Fake Weapons,NA,NA,NA,NA,NA,NA,NA,NA,NA,NA,A hammer and fake explosives were used in the attack.,1,0,0,0,0,0,0,NA,NA,NA,NA,0,NA,NA,NA,NA,NA,NA,NA,NA,NA,NA,NA,NA,NA,NA,NA,The victim was identified as Hang-Kam Annie Chiu.,"""Teen on terror rap; T.O. spa worker's murder committed for incel: Cops,"" The Calgary Sun, May 20, 2020.","""Accused in hammer attack also blamed in bomb scare; Suspicious package left at police station,"" Calgary Herald, February 29, 2020.","""Toronto man faces terrorism charge after deadly hammer attack,"" The Toronto Star, February 25, 2020.",START Primary Collection,-9,-9,0,-9,NA,Jihadi-inspired extremists ||  ||  ||  ||  || ,"02/21/2020: An assailant armed with hammer attacked and killed a civilian along Sheppard Avenue East near Markham Road in Toronto, Ontario, Canada. An individual identified as Saad Akhtar claimed responsibility and turned himself into authorities shortly after the attack. Sources noted that Akhtar may have been inspired by the Islamic State. || The specific motive is unknown; however, sources suspected that Saad Akhtar may have been inspired by the Islamic State of Iraq and the Levant (ISIL) based on his past statements in support of the group. || The victim was identified as Hang-Kam Annie Chiu.",2020,FALSE,TRUE,FALSE,TRUE,TRUE,FALSE,TRUE,TRUE,9,TRUE,FALSE,TRUE,probable_inspired,high_score_text_claim_signal
data/globalterrorismdb_0522dist.csv,202004230022,2020,4,23,"April 19-27, 2020",0,NA,75,Germany,8,Western Europe,Bavaria,Waldkraiburg,48.205129,12.395994,1,0,The incident occurred at 15 Reichenburger Street.,"04/00/2020: Sometime between April 19, 2020 and April 27, 2020, an assailant attempted to attack Sultan Ahmet Mosque in Waldkraiburg, Bavaria, Germany. The assailant then set a fire in a garbage bin nearby. There were no reported casualties in the attack. An assailant, identified as Muharrem D., was arrested in connection with the attack and stated that he was an Islamic State supporter and voiced hatred towards Turks and espoused an ""anti-Turkish worldview.""",1,1,1,0,NA,NA,0,0,0,7,Facility/Infrastructure Attack,NA,NA,NA,NA,15,Religious Figures/Institutions,86,Place of Worship,Sultan Ahmet Mosque,Mosque,75,Germany,NA,NA,NA,NA,NA,NA,NA,NA,NA,NA,NA,NA,NA,NA,NA,NA,Jihadi-inspired extremists,NA,NA,NA,NA,NA,"Muharrem D, an unaffiliated individual, claimed responsibility for the incident and stated that he carried out the attack because he hated Turks and had ""an anti-Turkish worldview,"" and that he was a supporter of the Islamic State of Iraq and the Levant (ISIL).",0,NA,NA,1,1,1,1,8,Personal claim,NA,NA,NA,NA,NA,NA,NA,8,Incendiary,18,Arson/Fire,NA,NA,NA,NA,NA,NA,NA,NA,NA,NA,NA,NA,NA,0,0,0,0,0,0,0,NA,NA,NA,NA,0,NA,NA,NA,NA,NA,NA,NA,NA,NA,NA,NA,NA,NA,NA,NA,NA,"""Police: Man who attacked Turkish shops in Bavaria motivated by hatred,"" Deutsche Presse-Agentur, May 10, 2020.","""Germany: Alleged attacker of Turkish shops was IS supporter,"" Deutsche Welle, May 10, 2020.",NA,START Primary Collection,-9,-9,0,-9,NA,Jihadi-inspired extremists ||  ||  ||  ||  || ,"04/00/2020: Sometime between April 19, 2020 and April 27, 2020, an assailant attempted to attack Sultan Ahmet Mosque in Waldkraiburg, Bavaria, Germany. The assailant then set a fire in a garbage bin nearby. There were no reported casualties in the attack. An assailant, identified as Muharrem D., was arrested in connection with the attack and stated that he was an Islamic State supporter and voiced hatred towards Turks and espoused an ""anti-Turkish worldview."" || Muharrem D, an unaffiliated individual, claimed responsibility for the incident and stated that he carried out the attack because he hated Turks and had ""an anti-Turkish worldview,"" and that he was a supporter of the Islamic State of Iraq and the Levant (ISIL). || ",2020,FALSE,TRUE,FALSE,TRUE,TRUE,FALSE,TRUE,TRUE,9,TRUE,FALSE,TRUE,probable_inspired,high_score_text_claim_signal
data/globalterrorismdb_0522dist.csv,202004270015,2020,4,27,NA,0,NA,69,France,8,Western Europe,Ile-de-France,Colombes,48.922517,2.246751,1,0,NA,"04/27/2020: An assailant rammed his vehicle into police motorcyclists in Colombes, Ile-de-France, France. Two police officers were injured in the attack. Youssef T., an unaffiliated individual, claimed responsibility for the incident and pledged allegiance to the Islamic State of Iraq and the Levant (ISIL).",1,1,1,0,NA,NA,0,1,0,8,Unarmed Assault,NA,NA,NA,NA,3,Police,23,Police Patrol (including vehicles and convoys),French Police,Motorcyclists,69,France,NA,NA,NA,NA,NA,NA,NA,NA,NA,NA,NA,NA,NA,NA,NA,NA,Jihadi-inspired extremists,NA,NA,NA,NA,NA,"Youssef T., an unaffiliated individual, claimed responsibility for the incident and pledged allegiance to the Islamic State of Iraq and the Levant (ISIL). Authorities also discovered a letter in his apartment in which he stated that he carried out the attack because he wanted to ""die a martyr.""",0,NA,NA,1,1,1,1,8,Personal claim,NA,NA,NA,NA,NA,NA,NA,10,"Vehicle (not to include vehicle-borne explosives, i.e., car or truck bombs)",NA,NA,NA,NA,NA,NA,NA,NA,NA,NA,NA,NA,NA,NA,A black BMW 1 Series hatchback was used in the attack.,0,0,0,2,0,0,1,3,Minor (likely < $1 million),-99,Motorcycles damaged,0,NA,NA,NA,NA,NA,NA,NA,NA,NA,NA,NA,NA,NA,NA,NA,NA,"""Car Rams Two Police Motorcyclists in Paris Suburb - Police,"" New York Times, April 27, 2020.","""Driver who rammed Paris police pledged allegiance to Islamic State,"" Reuters UK, April 28, 2020.","""IS-supporting attacker of French police charged,"" Expatica France, May 1, 2020.",START Primary Collection,-9,-9,0,-9,NA,Jihadi-inspired extremists ||  ||  ||  ||  || ,"04/27/2020: An assailant rammed his vehicle into police motorcyclists in Colombes, Ile-de-France, France. Two police officers were injured in the attack. Youssef T., an unaffiliated individual, claimed responsibility for the incident and pledged allegiance to the Islamic State of Iraq and the Levant (ISIL). || Youssef T., an unaffiliated individual, claimed responsibility for the incident and pledged allegiance to the Islamic State of Iraq and the Levant (ISIL). Authorities also discovered a letter in his apartment in which he stated that he carried out the attack because he wanted to ""die a martyr."" || ",2020,FALSE,TRUE,FALSE,TRUE,TRUE,FALSE,TRUE,TRUE,9,TRUE,FALSE,TRUE,probable_inspired,high_score_text_claim_signal
data/globalterrorismdb_0522dist.csv,202004270025,2020,4,27,NA,0,NA,75,Germany,8,Western Europe,Bavaria,Waldkraiburg,48.208606,12.404141,1,0,NA,"04/27/2020: An assailant set fire to a Turkish-owned fruit and vegetable shop/grocery store in Waldkraiburg, Bavaria, Germany. At least six people in an attached housing complex experienced smoke inhalation. An assailant, identified as Muharrem D., was arrested in connection with the attack and stated that he was an Islamic State supporter and voiced hatred towards Turks and espoused an ""anti-Turkish worldview.""",1,1,1,0,NA,NA,0,1,0,7,Facility/Infrastructure Attack,NA,NA,NA,NA,1,Business,7,Retail/Grocery/Bakery,Unknown,Turkish-Owned Shop,75,Germany,NA,NA,NA,NA,NA,NA,NA,NA,NA,NA,NA,NA,NA,NA,NA,NA,Jihadi-inspired extremists,NA,NA,NA,NA,NA,"Muharrem D, an unaffiliated individual, claimed responsibility for the incident and stated that he carried out the attack because he hated Turks and had ""an anti-Turkish worldview,"" and that he was a supporter of the Islamic State of Iraq and the Levant (ISIL).",0,NA,NA,1,1,1,1,8,Personal claim,NA,NA,NA,NA,NA,NA,NA,8,Incendiary,18,Arson/Fire,NA,NA,NA,NA,NA,NA,NA,NA,NA,NA,NA,NA,NA,0,0,0,6,0,0,1,3,Minor (likely < $1 million),-99,Shops damaged,0,NA,NA,NA,NA,NA,NA,NA,NA,NA,NA,NA,NA,NA,NA,NA,NA,"""Police: Man who attacked Turkish shops in Bavaria motivated by hatred,"" Deutsche Presse-Agentur, May 10, 2020.","""Germany: Alleged attacker of Turkish shops was IS supporter,"" Deutsche Welle, May 10, 2020.","""ISIL suspect held for attacking Turk shops in Germany,"" Turkish Daily, May 10, 2020.",START Primary Collection,-9,-9,0,-9,NA,Jihadi-inspired extremists ||  ||  ||  ||  || ,"04/27/2020: An assailant set fire to a Turkish-owned fruit and vegetable shop/grocery store in Waldkraiburg, Bavaria, Germany. At least six people in an attached housing complex experienced smoke inhalation. An assailant, identified as Muharrem D., was arrested in connection with the attack and stated that he was an Islamic State supporter and voiced hatred towards Turks and espoused an ""anti-Turkish worldview."" || Muharrem D, an unaffiliated individual, claimed responsibility for the incident and stated that he carried out the attack because he hated Turks and had ""an anti-Turkish worldview,"" and that he was a supporter of the Islamic State of Iraq and the Levant (ISIL). || ",2020,FALSE,TRUE,FALSE,TRUE,TRUE,FALSE,TRUE,TRUE,9,TRUE,FALSE,TRUE,probable_inspired,high_score_text_claim_signal
data/globalterrorismdb_0522dist.csv,202005290020,2020,5,29,NA,0,NA,217,United States,1,North America,Florida,Temple Terrace,28.043754,-82.377426,1,0,NA,"05/29/2020: An assailant armed with a kitchen knife attempted to stab a police officer outside the City Hall building in Temple Terrace, Florida, United States. The assailant was shot and killed while one officer was injured in the attack. The assailant was identified as Heba Momtaz Alazhari. Her brother, Muhammed Momtaz Al-Azhari, had been arrested five days earlier. In a reconstructed note found at her residence, she stated that she wanted to carry out a jihad in revenge for the arrest of her brother.",1,1,1,0,NA,NA,0,1,0,2,Armed Assault,NA,NA,NA,NA,3,Police,25,Police Security Forces/Officers,Temple Terrace Police Department,Officers,217,United States,NA,NA,NA,NA,NA,NA,NA,NA,NA,NA,NA,NA,NA,NA,NA,NA,Jihadi-inspired extremists,NA,NA,NA,NA,NA,"The specific motive is unknown; however, authorities reconstructed a torn-up note discovered the residence of Heba Momtaz Alazhari, an unaffiliated individual, stating ""I want to do jihad and I must but all I see I [missing piece] do is take the kitchen [missing piece] and [missing piece]ttack the police."" Authorities suspected that the attack was carried out in revenge for the arrest of her brother, Muhammed Momtaz Al-Azhari, who was detained five days prior to the attack for plotting an attack inspired by the Islamic State of Iraq and the Levant (ISIL).",0,NA,NA,1,1,0,0,NA,NA,NA,NA,NA,NA,NA,NA,NA,9,Melee,23,Knife or Other Sharp Object,NA,NA,NA,NA,NA,NA,NA,NA,NA,NA,NA,NA,An eight-inch kitchen knife was used in the attack.,1,1,1,1,1,0,0,NA,NA,NA,NA,0,NA,NA,NA,NA,NA,NA,NA,NA,NA,NA,NA,NA,NA,NA,NA,NA,"""Police: Woman killed after charging officer with knife,"" Associated Press Newswires, May 29, 2020.","""Woman killed in City Hall incident; Police officials say she charged with a knife at Temple Terrace officer.,"" Tampa Bay Times, May 30, 2020.",NA,START Primary Collection,-9,-9,0,-9,NA,Jihadi-inspired extremists ||  ||  ||  ||  || ,"05/29/2020: An assailant armed with a kitchen knife attempted to stab a police officer outside the City Hall building in Temple Terrace, Florida, United States. The assailant was shot and killed while one officer was injured in the attack. The assailant was identified as Heba Momtaz Alazhari. Her brother, Muhammed Momtaz Al-Azhari, had been arrested five days earlier. In a reconstructed note found at her residence, she stated that she wanted to carry out a jihad in revenge for the arrest of her brother. || The specific motive is unknown; however, authorities reconstructed a torn-up note discovered the residence of Heba Momtaz Alazhari, an unaffiliated individual, stating ""I want to do jihad and I must but all I see I [missing piece] do is take the kitchen [missing piece] and [missing piece]ttack the police."" Authorities suspected that the attack was carried out in revenge for the arrest of her brother, Muhammed Momtaz Al-Azhari, who was detained five days prior to the attack for plotting an attack inspired by the Islamic State of Iraq and the Levant (ISIL). || ",2020,FALSE,TRUE,FALSE,TRUE,TRUE,FALSE,FALSE,TRUE,7,TRUE,FALSE,TRUE,probable_inspired,high_score_text_claim_signal
data/globalterrorismdb_0522dist.csv,202006030007,2020,6,3,NA,0,NA,217,United States,1,North America,New York,New York City,40.694257,-73.93068,1,0,"The incident occurred in Flatbush, Brooklyn near Church Avenue.","06/03/2020: An assailant stabbed a police officer along Flatbush Avenue in Brooklyn, New York City, United States. After stabbing the officer, the assailant was able to steal his service weapon and shoot and injure two additional officers before the assailant was shot and injured by other officers responding to the scene. Dzenan Camovic, who allegedly shouted ""Allahu Akbar"" before carrying out the attack, was indicted in connection with the incident. Authorities stated that he possessed materials regarding violent extremism and specifically materials related to the Islamic State of Iraq and the Levant (ISIL).",1,1,1,0,NA,NA,0,1,0,2,Armed Assault,NA,NA,NA,NA,3,Police,25,Police Security Forces/Officers,New York Police Department (NYPD),Officer,217,United States,NA,NA,NA,NA,NA,NA,NA,NA,NA,NA,NA,NA,NA,NA,NA,NA,Jihadi-inspired extremists,NA,NA,NA,NA,NA,"Dzenan Camovic, an unaffiliated individual, shouted ""Allahu Akhbar"" during the attack and later confessed to hospital workers, stating ""religion made me do it."" Authorities found lectures from Anwar Al-Awlaki and Islamic State of Iraq and the Levant (ISIL) propaganda at Camovic's residence. A year prior to the attack, Camovic expressed interest in Syria-based extremist groups and the Islamic State of Iraq and the Levant (ISIL), and spoke about killing civilians according to an unnamed witness.",0,NA,NA,1,1,1,1,8,Personal claim,NA,NA,NA,NA,NA,NA,NA,5,Firearms,5,Unknown Gun Type,9,Melee,23,Knife or Other Sharp Object,NA,NA,NA,NA,NA,NA,NA,NA,A firearm and a knife were used in the attack.,0,0,0,4,4,1,0,NA,NA,NA,NA,0,NA,NA,NA,NA,NA,NA,NA,NA,NA,NA,NA,NA,NA,NA,NA,NA,"""NYPD releases footage of cop being stabbed during unprovoked Brooklyn attack,"" New York Post, June 7, 2020.","""Cops wounded in Brooklyn attack leave hospital to cheers from fellow officers,"" New York Post, June 5, 2020.","""FBI Investigates After  Shooting, Stabbing of NYPD Cops in Flatbush,"" Jewish Press, June 4, 2020.",START Primary Collection,-9,-9,0,-9,NA,Jihadi-inspired extremists ||  ||  ||  ||  || ,"06/03/2020: An assailant stabbed a police officer along Flatbush Avenue in Brooklyn, New York City, United States. After stabbing the officer, the assailant was able to steal his service weapon and shoot and injure two additional officers before the assailant was shot and injured by other officers responding to the scene. Dzenan Camovic, who allegedly shouted ""Allahu Akbar"" before carrying out the attack, was indicted in connection with the incident. Authorities stated that he possessed materials regarding violent extremism and specifically materials related to the Islamic State of Iraq and the Levant (ISIL). || Dzenan Camovic, an unaffiliated individual, shouted ""Allahu Akhbar"" during the attack and later confessed to hospital workers, stating ""religion made me do it."" Authorities found lectures from Anwar Al-Awlaki and Islamic State of Iraq and the Levant (ISIL) propaganda at Camovic's residence. A year prior to the attack, Camovic expressed interest in Syria-based extremist groups and the Islamic State of Iraq and the Levant (ISIL), and spoke about killing civilians according to an unnamed witness. || ",2020,FALSE,TRUE,FALSE,TRUE,TRUE,FALSE,TRUE,TRUE,9,TRUE,FALSE,TRUE,probable_inspired,high_score_text_claim_signal
data/globalterrorismdb_0522dist.csv,202006200014,2020,6,20,NA,0,NA,603,United Kingdom,8,Western Europe,England,Reading,51.456992,-0.967277,1,0,The incident occurred along Forbury Road.,"06/20/2020: An assailant armed with a knife stabbed civilians at Forbury Gardens park in Reading, England, United Kingdom. At least three civilians, including a US citizen, were killed and three civilians were injured in the attack. Authorities arrested Khairi Saadallah, a Libyan national who had been granted asylum, and Saadallah admitted to carrying out the attack.",1,1,1,0,NA,NA,0,1,0,2,Armed Assault,NA,NA,NA,NA,14,Private Citizens & Property,67,Unnamed Civilian/Unspecified,Not Applicable,Civilians,603,United Kingdom,14,Private Citizens & Property,68,Named Civilian,Not Applicable,Civilian: Joe Ritchie-Bennett,217,United States,NA,NA,NA,NA,NA,NA,NA,NA,Jihadi-inspired extremists,NA,NA,NA,NA,NA,"Khairi Saadallah, an unaffiliated individual, claimed responsibility for the incident and shouted ""Allahu Akbar"" and ""God accept my jihad"" during the attack. He later told police ""Those men I killed were wrong 'uns, they deserved it. I'm going to paradise for the jihad what I did to them."" Authorities discovered an image of the Islamic State of Iraq and the Levant (ISIL) flag and the Twin Towers, and links to videos about ""Jihadi John"" on his phone cache. Intelligence services believed that Saadallah had planned to travel to Syria, and it was later revealed in court proceedings that he received training from Ansar al-Sharia (Libya) during his time in Libya.",0,NA,NA,1,1,1,1,8,Personal claim,NA,NA,NA,NA,NA,NA,NA,9,Melee,23,Knife or Other Sharp Object,NA,NA,NA,NA,NA,NA,NA,NA,NA,NA,NA,NA,A 20-centimeter knife was used in the attack.,3,1,0,3,0,0,0,NA,NA,NA,NA,0,NA,NA,NA,NA,NA,NA,NA,NA,NA,NA,NA,NA,NA,NA,NA,"The victims included James Furlong and David Wails, both British citizens.","""Man charged over Reading stabbings,"" BBC, June 27, 2020.","""Libyan jailed for life for UK attack that killed three,"" The National Post, January 11, 2021.","""UK police: Park stabbing that killed 3 was a terror attack,"" ABC News, June 21, 2020.",START Primary Collection,-9,-9,1,1,NA,Jihadi-inspired extremists ||  ||  ||  ||  || ,"06/20/2020: An assailant armed with a knife stabbed civilians at Forbury Gardens park in Reading, England, United Kingdom. At least three civilians, including a US citizen, were killed and three civilians were injured in the attack. Authorities arrested Khairi Saadallah, a Libyan national who had been granted asylum, and Saadallah admitted to carrying out the attack. || Khairi Saadallah, an unaffiliated individual, claimed responsibility for the incident and shouted ""Allahu Akbar"" and ""God accept my jihad"" during the attack. He later told police ""Those men I killed were wrong 'uns, they deserved it. I'm going to paradise for the jihad what I did to them."" Authorities discovered an image of the Islamic State of Iraq and the Levant (ISIL) flag and the Twin Towers, and links to videos about ""Jihadi John"" on his phone cache. Intelligence services believed that Saadallah had planned to travel to Syria, and it was later revealed in court proceedings that he received training from Ansar al-Sharia (Libya) during his time in Libya. || The victims included James Furlong and David Wails, both British citizens.",2020,FALSE,TRUE,FALSE,TRUE,TRUE,FALSE,TRUE,TRUE,9,TRUE,FALSE,TRUE,probable_inspired,high_score_text_claim_signal
data/globalterrorismdb_0522dist.csv,202008190007,2020,8,19,NA,0,NA,75,Germany,8,Western Europe,Berlin,Berlin,52.501532,13.40185,1,0,The incident occurred at Detmolder Strasse and the A100 in Tempelhof-Schoeneberg neighborhood.,"08/19/2020: An assailant crashed his vehicle into at least three motorcycles along the A100 motorway in Tempelhof-Schoeneberg, Berlin, Germany. The assailant was apprehended after exiting his vehicle and placing a metal box on the roof and shouting ""no one come closer, or you will all die."" Authorities determined that the box did not contain explosives. At least six people were injured in the attack. Sarmad A, an unaffiliated individual, claimed responsibility for the incident through a social media post prior to the attack with an image of the vehicle he used and the term ""martyrs."" Authorities suspected that the assailant had prior contact with a person linked to the Islamic State of Iraq and the Levant (ISIL).",1,1,1,0,NA,NA,0,1,0,8,Unarmed Assault,NA,NA,NA,NA,14,Private Citizens & Property,73,Vehicles/Transportation,Not Applicable,Motorcycles,75,Germany,NA,NA,NA,NA,NA,NA,NA,NA,NA,NA,NA,NA,NA,NA,NA,NA,Jihadi-inspired extremists,NA,NA,NA,NA,NA,"Sarmad A., an unaffiliated individual, claimed responsibility for the incident through a social media post prior to the attack, which contained an image of the vehicle he used and the term ""martyrs."" Authorities suspected that the assailant had prior contact with a person linked to the Islamic State of Iraq and the Levant (ISIL).",0,NA,NA,1,1,1,1,7,"Posted to website, blog, etc.",NA,NA,NA,NA,NA,NA,NA,10,"Vehicle (not to include vehicle-borne explosives, i.e., car or truck bombs)",NA,NA,7,Fake Weapons,NA,NA,NA,NA,NA,NA,NA,NA,NA,NA,An Opel Astra and a fake explosive device were used in the attack.,0,0,0,6,0,0,1,3,Minor (likely < $1 million),-99,Motorcycles damaged,0,NA,NA,NA,NA,NA,NA,NA,NA,NA,NA,NA,NA,NA,NA,NA,NA,"""Suspected Islamist detained in Berlin over 'hunt' for motorcyclists,"" Deutsche Presse-Agentur, August 19, 2020.","""Man Causes Berlin Motorway Crashes In Suspected Islamist Attack,"" International Business Times Australia, August 19, 2020.","""Six injured as driver rams motorbikes in suspected terror attack in Berlin; Driver named as 30-year-old Iraqi who shouted 'Allahu akbar' and claimed to have a bomb,"" Telegraph, August 19, 2020.",START Primary Collection,-9,-9,0,-9,NA,Jihadi-inspired extremists ||  ||  ||  ||  || ,"08/19/2020: An assailant crashed his vehicle into at least three motorcycles along the A100 motorway in Tempelhof-Schoeneberg, Berlin, Germany. The assailant was apprehended after exiting his vehicle and placing a metal box on the roof and shouting ""no one come closer, or you will all die."" Authorities determined that the box did not contain explosives. At least six people were injured in the attack. Sarmad A, an unaffiliated individual, claimed responsibility for the incident through a social media post prior to the attack with an image of the vehicle he used and the term ""martyrs."" Authorities suspected that the assailant had prior contact with a person linked to the Islamic State of Iraq and the Levant (ISIL). || Sarmad A., an unaffiliated individual, claimed responsibility for the incident through a social media post prior to the attack, which contained an image of the vehicle he used and the term ""martyrs."" Authorities suspected that the assailant had prior contact with a person linked to the Islamic State of Iraq and the Levant (ISIL). || ",2020,FALSE,TRUE,FALSE,TRUE,TRUE,FALSE,TRUE,TRUE,9,TRUE,FALSE,TRUE,probable_inspired,high_score_text_claim_signal
data/globalterrorismdb_0522dist.csv,202009120020,2020,9,12,NA,0,NA,199,Switzerland,8,Western Europe,Vaud,Morges,46.508813,6.49613,1,0,NA,"09/12/2020: An assailant stabbed and killed a Portuguese man in Morges, Vaud, Switzerland. An unaffiliated individual claimed responsibility for the incident and stated that the victim was targeted ""out of vengeance against the Swiss state."" The assailant had previously been surveilled for his possible links to the Islamic State of Iraq and the Levant (ISIL) and other Islamist organizations.",1,1,1,0,NA,NA,0,1,0,2,Armed Assault,NA,NA,NA,NA,14,Private Citizens & Property,68,Named Civilian,Not Applicable,Civilian: Joao Azevedo,162,Portugal,NA,NA,NA,NA,NA,NA,NA,NA,NA,NA,NA,NA,NA,NA,NA,NA,Jihadi-inspired extremists,NA,NA,NA,NA,NA,"An unaffiliated individual claimed responsibility for the incident and stated that the victim was targeted ""out of vengeance against the Swiss state."" The assailant had previously been surveilled for his possible links to the Islamic State of Iraq and the Levant (ISIL) and other Islamist organizations.",0,NA,NA,1,1,1,1,8,Personal claim,NA,NA,NA,NA,NA,NA,NA,9,Melee,23,Knife or Other Sharp Object,NA,NA,NA,NA,NA,NA,NA,NA,NA,NA,NA,NA,A knife was used in the attack.,1,0,0,0,0,0,0,NA,NA,NA,NA,0,NA,NA,NA,NA,NA,NA,NA,NA,NA,NA,NA,NA,NA,NA,NA,NA,"""Swiss probe terrorism link to fatal stabbing of Portuguese man,"" Reuters News, September 14, 2020.","""Man who stabbed emigrant Portuguese out of jail in Switzerland,"" CE NoticiasFinancieras, September 16, 2020.",NA,START Primary Collection,-9,-9,1,1,NA,Jihadi-inspired extremists ||  ||  ||  ||  || ,"09/12/2020: An assailant stabbed and killed a Portuguese man in Morges, Vaud, Switzerland. An unaffiliated individual claimed responsibility for the incident and stated that the victim was targeted ""out of vengeance against the Swiss state."" The assailant had previously been surveilled for his possible links to the Islamic State of Iraq and the Levant (ISIL) and other Islamist organizations. || An unaffiliated individual claimed responsibility for the incident and stated that the victim was targeted ""out of vengeance against the Swiss state."" The assailant had previously been surveilled for his possible links to the Islamic State of Iraq and the Levant (ISIL) and other Islamist organizations. || ",2020,FALSE,TRUE,FALSE,TRUE,TRUE,FALSE,TRUE,TRUE,9,TRUE,FALSE,TRUE,probable_inspired,high_score_text_claim_signal
data/globalterrorismdb_0522dist.csv,202010040017,2020,10,4,NA,0,NA,75,Germany,8,Western Europe,Saxony,Dresden,51.050409,13.737262,1,0,NA,"10/04/2020: An assailant stabbed a homosexual couple in Dresden, Saxony, Germany. One victim was killed and the other was injured in the attack. No group claimed responsibility for the incident; however, authorities arrested and charged a Syrian national identified as Abdullah al-HH, who was a known supporter of the Islamic State of Iraq and the Levant (ISIL) and was reported to have been in contact with an ISIL recruiter. Sources suspected that the attack had homophobic and Islamist motivations.",1,1,1,0,NA,NA,0,1,0,2,Armed Assault,NA,NA,NA,NA,14,Private Citizens & Property,67,Unnamed Civilian/Unspecified,Not Applicable,Gay Couple,75,Germany,NA,NA,NA,NA,NA,NA,NA,NA,NA,NA,NA,NA,NA,NA,NA,NA,Jihadi-inspired extremists,NA,NA,NA,NA,NA,"The specific motive is unknown; however, sources stated that the assailant, Abdullah al-HH, was a known supporter of the Islamic State of Iraq and the Levant (ISIL) and was reported to have been in contact with an ISIL recruiter. Sources suspected that the attack had homophobic and Islamist motivations",0,NA,NA,1,1,0,0,NA,NA,NA,NA,NA,NA,NA,NA,NA,9,Melee,23,Knife or Other Sharp Object,NA,NA,NA,NA,NA,NA,NA,NA,NA,NA,NA,NA,A knife was used in the attack.,1,0,0,1,0,0,0,NA,NA,NA,NA,0,NA,NA,NA,NA,NA,NA,NA,NA,NA,NA,NA,NA,NA,NA,NA,NA,"""Deadly stabbing in Germany investigated as terrorist attack,"" MSN Philippines, October 21, 2020.",NA,NA,START Primary Collection,-9,-9,0,-9,NA,Jihadi-inspired extremists ||  ||  ||  ||  || ,"10/04/2020: An assailant stabbed a homosexual couple in Dresden, Saxony, Germany. One victim was killed and the other was injured in the attack. No group claimed responsibility for the incident; however, authorities arrested and charged a Syrian national identified as Abdullah al-HH, who was a known supporter of the Islamic State of Iraq and the Levant (ISIL) and was reported to have been in contact with an ISIL recruiter. Sources suspected that the attack had homophobic and Islamist motivations. || The specific motive is unknown; however, sources stated that the assailant, Abdullah al-HH, was a known supporter of the Islamic State of Iraq and the Levant (ISIL) and was reported to have been in contact with an ISIL recruiter. Sources suspected that the attack had homophobic and Islamist motivations || ",2020,FALSE,TRUE,FALSE,TRUE,TRUE,FALSE,FALSE,TRUE,7,TRUE,FALSE,TRUE,probable_inspired,high_score_text_claim_signal
data/globalterrorismdb_0522dist.csv,202010160007,2020,10,16,NA,0,NA,69,France,8,Western Europe,Ile-de-France,Paris,49.012327,2.118454,1,0,The incident occurred in the Conflans Sainte Honorine suburb.,"10/16/2020: An assailant armed with a knife attacked and beheaded a teacher, identified as Samuel Paty, outside of a school in Conflans Sainte Honorine suburb, Paris, France. The assailant was shot and killed by security forces shortly after the attack. Abdoulakh Anzorov, and unaffiliated individual, claimed responsibility for the incident and stated ""From Abdullah, the servant of Allah, to Macron, the leader of the infidels, I executed one of your hell dogs who dared to belittle Muhammad"" in reference to the victim, Samuel Paty, who showed cartoons of the Prophet Mohammed in his classroom. The Islamic State of Iraq and the Levant (ISIL) praised the incident and took responsibility for inspiring Anzorov to carrying out the attack, referring to him as a martyr with the name ""Abdallah al-Shishani.""",1,1,1,0,NA,NA,0,1,0,6,Hostage Taking (Kidnapping),NA,NA,NA,NA,8,Educational Institution,48,Teacher/Professor/Instructor,Unknown,Teacher: Samuel Paty,69,France,NA,NA,NA,NA,NA,NA,NA,NA,NA,NA,NA,NA,NA,NA,NA,NA,Jihadi-inspired extremists,NA,NA,NA,NA,NA,"Abdoulakh Anzorov, and unaffiliated individual, claimed responsibility for the incident and stated ""From Abdullah, the servant of Allah, to Macron, the leader of the infidels, I executed one of your hell dogs who dared to belittle Muhammad"" in reference to the victim, Samuel Paty, who showed cartoons of the Prophet Mohammed in his classroom. The Islamic State of Iraq and the Levant (ISIL) praised the incident and took responsibility for inspiring Anzorov to carrying out the attack, referring to him as a martyr with the name ""Abdallah al-Shishani.""",1,NA,NA,1,1,0,1,7,"Posted to website, blog, etc.",NA,NA,NA,NA,NA,NA,NA,5,Firearms,6,Other Gun Type,9,Melee,23,Knife or Other Sharp Object,NA,NA,NA,NA,NA,NA,NA,NA,A butcher's knife and an air gun were used in the attack.,2,0,1,0,0,0,0,NA,NA,NA,NA,1,1,0,-99,NA,NA,NA,0,NA,NA,NA,NA,NA,4,Hostage(s) killed (not during rescue attempt),0,NA,"""Teacher decapitated in France, suspect shot dead by police,"" Al Jazeera, October 16, 2020.","""French police arrest 9 people after 18-year-old decapitates teacher in terror attack,"" Telegraph, October 17, 2020.","""Teacher knifed to death in France after showing class cartoons of Prophet Mohammad,"" Reuters Canada, October 16, 2020.",START Primary Collection,-9,-9,0,-9,NA,Jihadi-inspired extremists ||  ||  ||  ||  || ,"10/16/2020: An assailant armed with a knife attacked and beheaded a teacher, identified as Samuel Paty, outside of a school in Conflans Sainte Honorine suburb, Paris, France. The assailant was shot and killed by security forces shortly after the attack. Abdoulakh Anzorov, and unaffiliated individual, claimed responsibility for the incident and stated ""From Abdullah, the servant of Allah, to Macron, the leader of the infidels, I executed one of your hell dogs who dared to belittle Muhammad"" in reference to the victim, Samuel Paty, who showed cartoons of the Prophet Mohammed in his classroom. The Islamic State of Iraq and the Levant (ISIL) praised the incident and took responsibility for inspiring Anzorov to carrying out the attack, referring to him as a martyr with the name ""Abdallah al-Shishani."" || Abdoulakh Anzorov, and unaffiliated individual, claimed responsibility for the incident and stated ""From Abdullah, the servant of Allah, to Macron, the leader of the infidels, I executed one of your hell dogs who dared to belittle Muhammad"" in reference to the victim, Samuel Paty, who showed cartoons of the Prophet Mohammed in his classroom. The Islamic State of Iraq and the Levant (ISIL) praised the incident and took responsibility for inspiring Anzorov to carrying out the attack, referring to him as a martyr with the name ""Abdallah al-Shishani."" || ",2020,FALSE,TRUE,FALSE,TRUE,TRUE,FALSE,TRUE,TRUE,9,TRUE,FALSE,TRUE,probable_inspired,high_score_text_claim_signal
data/globalterrorismdb_0522dist.csv,202011020007,2020,11,2,NA,0,NA,15,Austria,8,Western Europe,Vienna,Vienna,48.21141,16.380038,1,0,"The incident occurred at Seitenstettengasse 4, 1010 Wien.","11/02/2020: An assailant wearing a fake suicide vest opened fire on civilians outside of Seitenstettengasse Temple 4, 1010 Wien, in Vienna, Austria. The assailant continued to open fire on civilians in Salzgries, Fleischmarkt, Bauernmarkt, Graben and, Morzinplatz areas before being shot and killed by police. In addition to the assailant, four people were killed and 22 others were injured in the attack. Kujtim Fejzulai, an unaffiliated individual, claimed responsibility for the incident and pledged allegiance to the Islamic State of Iraq and the Levant (ISIL), using the name Abu Dujana al-Albani. Sources noted the Fejzulai was previously arrested for attempting to travel to Syria to join the group. The Islamic State of Iraq and the Levant (ISIL) claimed responsibility for the incident, calling Fejzulai a ""soldier of the caliphate.""",1,1,1,0,NA,NA,0,1,1,2,Armed Assault,NA,NA,NA,NA,14,Private Citizens & Property,67,Unnamed Civilian/Unspecified,Not Applicable,Civilians,999,Multinational,3,Police,25,Police Security Forces/Officers,Austrian Federal Police,Police Officer,15,Austria,NA,NA,NA,NA,NA,NA,NA,NA,Jihadi-inspired extremists,NA,NA,NA,NA,NA,"Kujtim Fejzulai, an unaffiliated individual, claimed responsibility for the incident and pledged allegiance to the Islamic State of Iraq and the Levant (ISIL) using the name Abu Dujana al-Albani. Sources noted the Fejzulai was previously arrested for attempting to travel to Syria to join the group. The Islamic State of Iraq and the Levant (ISIL) claimed responsibility for the incident, calling Fejzulai a ""soldier of the caliphate,"" but their links to the assailant could not be verified.",0,NA,NA,1,1,0,1,6,Video,NA,NA,NA,NA,NA,NA,NA,5,Firearms,2,Automatic or Semi-Automatic Rifle,5,Firearms,3,Handgun,9,Melee,23,Knife or Other Sharp Object,NA,NA,NA,NA,"An automatic rifle, a pistol, a machete, and a fake explosives-laden vest were used in the attack.",5,0,1,22,0,0,0,NA,NA,NA,NA,0,NA,NA,NA,NA,NA,NA,NA,NA,NA,NA,NA,NA,NA,NA,NA,"The victims included one German, three Austrians, one dual Portuguese-Luxembourger citizen, one dual Swiss-German citizen, one Bosnian, one Chinese, one Afghan, two Slovaks, two Germans, and thirteen Austrians.","""Four people 'killed in cold blood' in Vienna during night of terror,"" CNN, November 3, 2020.","""Vienna terror attack: Isis claims responsibility for shooting rampage that killed four victims,"" The Independent, November 3, 2020.","""Authorities in Vienna now believe shooter who killed 4 likely acted alone,"" ABC News, November 3, 2020.",START Primary Collection,-9,-9,1,1,NA,Jihadi-inspired extremists ||  ||  ||  ||  || ,"11/02/2020: An assailant wearing a fake suicide vest opened fire on civilians outside of Seitenstettengasse Temple 4, 1010 Wien, in Vienna, Austria. The assailant continued to open fire on civilians in Salzgries, Fleischmarkt, Bauernmarkt, Graben and, Morzinplatz areas before being shot and killed by police. In addition to the assailant, four people were killed and 22 others were injured in the attack. Kujtim Fejzulai, an unaffiliated individual, claimed responsibility for the incident and pledged allegiance to the Islamic State of Iraq and the Levant (ISIL), using the name Abu Dujana al-Albani. Sources noted the Fejzulai was previously arrested for attempting to travel to Syria to join the group. The Islamic State of Iraq and the Levant (ISIL) claimed responsibility for the incident, calling Fejzulai a ""soldier of the caliphate."" || Kujtim Fejzulai, an unaffiliated individual, claimed responsibility for the incident and pledged allegiance to the Islamic State of Iraq and the Levant (ISIL) using the name Abu Dujana al-Albani. Sources noted the Fejzulai was previously arrested for attempting to travel to Syria to join the group. The Islamic State of Iraq and the Levant (ISIL) claimed responsibility for the incident, calling Fejzulai a ""soldier of the caliphate,"" but their links to the assailant could not be verified. || The victims included one German, three Austrians, one dual Portuguese-Luxembourger citizen, one dual Swiss-German citizen, one Bosnian, one Chinese, one Afghan, two Slovaks, two Germans, and thirteen Austrians.",2020,FALSE,TRUE,FALSE,TRUE,TRUE,FALSE,TRUE,TRUE,9,TRUE,FALSE,TRUE,probable_inspired,high_score_text_claim_signal
data/globalterrorismdb_0522dist.csv,202011240016,2020,11,24,NA,0,NA,199,Switzerland,8,Western Europe,Ticino,Lugano,46.005324,8.950201,1,0,"The incident occurred at Salita M. e A. Chiattone 10, 6900.","11/24/2020: An assailant stabbed one civilian and attempted to strangle another at a department store in Lugano, Ticino, Switzerland. Two people were injured in the attack. The assailant, an unaffiliated individual, claimed responsibility for the incident and shouted slogans in reference to the Islamic State of Iraq and the Levant (ISIL) during the attack.. Sources also noted that the assailant had previously attempted to travel to Syria to allegedly connect with a Muslim extremist.",1,1,1,1,4,Lack of Intentionality,0,1,0,2,Armed Assault,NA,NA,NA,NA,14,Private Citizens & Property,67,Unnamed Civilian/Unspecified,Not Applicable,Civilians,199,Switzerland,NA,NA,NA,NA,NA,NA,NA,NA,NA,NA,NA,NA,NA,NA,NA,NA,Jihadi-inspired extremists,NA,NA,NA,NA,NA,"The assailant, an unaffiliated individual, claimed responsibility for the incident and shouted slogans in reference to the Islamic State of Iraq and the Levant (ISIL) during the attack.",0,NA,NA,1,1,1,1,8,Personal claim,NA,NA,NA,NA,NA,NA,NA,9,Melee,23,Knife or Other Sharp Object,9,Melee,22,"Hands, Feet, Fists",NA,NA,NA,NA,NA,NA,NA,NA,A knife was used in the attack.,0,0,0,2,0,0,0,NA,NA,NA,NA,0,NA,NA,NA,NA,NA,NA,NA,NA,NA,NA,NA,NA,NA,NA,NA,There is doubt that this incident meets terrorism-related criteria. The attack may have been spontaneous in nature as the weapon used was picked up from a shelf in the store.,"""Assailant in Swiss knife attack was jihadist - police,"" Today Online, November 25, 2020.","""Knife attack in Switzerland: the attacker on file for radicalization,"" Press From, November 25, 2020.","""Swiss police identify assailant in knife attack as jihadist,"" One News Page, November 25, 2020.",START Primary Collection,-9,-9,0,-9,NA,Jihadi-inspired extremists ||  ||  ||  ||  || ,"11/24/2020: An assailant stabbed one civilian and attempted to strangle another at a department store in Lugano, Ticino, Switzerland. Two people were injured in the attack. The assailant, an unaffiliated individual, claimed responsibility for the incident and shouted slogans in reference to the Islamic State of Iraq and the Levant (ISIL) during the attack.. Sources also noted that the assailant had previously attempted to travel to Syria to allegedly connect with a Muslim extremist. || The assailant, an unaffiliated individual, claimed responsibility for the incident and shouted slogans in reference to the Islamic State of Iraq and the Levant (ISIL) during the attack. || There is doubt that this incident meets terrorism-related criteria. The attack may have been spontaneous in nature as the weapon used was picked up from a shelf in the store.",2020,FALSE,TRUE,FALSE,TRUE,TRUE,FALSE,TRUE,TRUE,9,TRUE,FALSE,TRUE,probable_inspired,high_score_text_claim_signal
data/globalterrorismdb_0522dist.csv,202012160039,2020,12,16,NA,0,NA,14,Australia,12,Australasia & Oceania,Queensland,Brisbane,-27.636546,153.029997,1,0,The incident occurred in the Parkinson suburb.,"12/16/2020: An assailant armed with a knife attacked a couple in Parkinson suburb, Brisbane, Queensland, Australia. The couple, Zoe and Maurice Antill, were killed in the attack. No group claimed responsibility for the incident; however, sources identified the attacker as Raghe Mohammed Abdi, a Jihadi-inspired extremist .",1,1,1,1,4,Lack of Intentionality,0,1,0,2,Armed Assault,NA,NA,NA,NA,14,Private Citizens & Property,68,Named Civilian,Not Applicable,"Civilians: Zoe Antill, Maurice Antill",14,Australia,NA,NA,NA,NA,NA,NA,NA,NA,NA,NA,NA,NA,NA,NA,NA,NA,Jihadi-inspired extremists,NA,NA,NA,NA,NA,"The specific motive is unknown; however, sources noted that the assailant, Raghe Mohammed Abdi, may have been influenced by the Islamic State of Iraq and the Levant (ISIL) and noted that Abdi was arresting in 2019 on suspicion of attempting to join extremist groups after attempting to travel to Somalia.",0,NA,NA,1,1,1,0,NA,NA,NA,NA,NA,NA,NA,NA,NA,9,Melee,23,Knife or Other Sharp Object,NA,NA,NA,NA,NA,NA,NA,NA,NA,NA,NA,NA,A knife was used in the attack.,2,0,0,0,0,0,0,NA,NA,NA,NA,0,NA,NA,NA,NA,NA,NA,NA,NA,NA,NA,NA,NA,NA,NA,NA,There is doubt that this incident meets terrorism-related criteria. It was reported that the assailant was suffering from severe mental illness.,"""Knife link in terror rampage,"" The Courier Mail/The Sunday Mail (Australia), December 19, 2020.",NA,NA,START Primary Collection,-9,-9,0,-9,NA,Jihadi-inspired extremists ||  ||  ||  ||  || ,"12/16/2020: An assailant armed with a knife attacked a couple in Parkinson suburb, Brisbane, Queensland, Australia. The couple, Zoe and Maurice Antill, were killed in the attack. No group claimed responsibility for the incident; however, sources identified the attacker as Raghe Mohammed Abdi, a Jihadi-inspired extremist . || The specific motive is unknown; however, sources noted that the assailant, Raghe Mohammed Abdi, may have been influenced by the Islamic State of Iraq and the Levant (ISIL) and noted that Abdi was arresting in 2019 on suspicion of attempting to join extremist groups after attempting to travel to Somalia. || There is doubt that this incident meets terrorism-related criteria. It was reported that the assailant was suffering from severe mental illness.",2020,FALSE,TRUE,FALSE,TRUE,TRUE,FALSE,FALSE,TRUE,7,TRUE,FALSE,TRUE,probable_inspired,high_score_text_claim_signal
data/globalterrorismdb_0522dist.csv,202008180035,2020,8,18,NA,1,10/07/2020,123,Mali,11,Sub-Saharan Africa,Bamako,Bamako,12.612944,-7.980268,1,0,NA,"08/18/2020: Members of the Malian military staged a coup and abducted at least 19 government officials, including President Ibrahim Boubacar Keita and Prime Minister Boubou Cisse, in Bamako, Mali. At least four people were killed and 15 people were injured in the attack. Two officials were released as of August 21, 2020, and Keita was released on August 27, 2020. The remaining hostages were released on October 7, 2020. Colonel Assimi Goita, the leader of the National Committee for the Salvation of the People, claimed responsibility for the incident and stated ""By making this intervention, we have put Mali first"" and ""Mali is in a sociopolitical and security crisis, There is no more room for mistakes."" The group also promised elections in a ""reasonable time"" and forced President Keita to resign on a television broadcast the following day.",1,1,1,0,NA,NA,0,1,0,6,Hostage Taking (Kidnapping),NA,NA,NA,NA,2,Government (General),17,Head of State,Government of Mali,President: Ibrahim Boubacar Keita,123,Mali,2,Government (General),18,"Government Personnel (excluding police, military)",Government of Mali,Prime Minister: Boubou Cisse,123,Mali,2,Government (General),18,"Government Personnel (excluding police, military)",Government of Mali,Officials,123,Mali,National Committee for the Salvation of the People,NA,NA,NA,NA,NA,"Colonel Assimi Goita, the leader of the National Committee for the Salvation of the People, claimed responsibility for the incident and stated ""By making this intervention, we have put Mali first"" and ""Mali is in a sociopolitical and security crisis, There is no more room for mistakes."" The group also promised elections in a ""reasonable time"" and forced President Keita to resign on a television broadcast the following day.",0,NA,NA,0,-99,0,1,6,Video,NA,NA,NA,NA,NA,NA,NA,5,Firearms,5,Unknown Gun Type,NA,NA,NA,NA,NA,NA,NA,NA,NA,NA,NA,NA,NA,4,0,0,15,0,0,-9,NA,NA,NA,NA,1,19,0,NA,50,NA,NA,0,NA,NA,NA,NA,NA,2,Hostage(s) released by perpetrators,19,NA,"""Mutineer colonel at Mali's helm,"" The Star (South Africa), August 21, 2020.","""UN team gains access to Mali's Keita, other detainees after coup,"" Pulselive.co.ke, August 21, 2020.","""W. African Bloc To Send Envoys To Mali, Calls For Restoration Of Ousted Keita,"" International Business Times, August 20, 2020.",START Primary Collection,0,0,0,0,NA,National Committee for the Salvation of the People ||  ||  ||  ||  || ,"08/18/2020: Members of the Malian military staged a coup and abducted at least 19 government officials, including President Ibrahim Boubacar Keita and Prime Minister Boubou Cisse, in Bamako, Mali. At least four people were killed and 15 people were injured in the attack. Two officials were released as of August 21, 2020, and Keita was released on August 27, 2020. The remaining hostages were released on October 7, 2020. Colonel Assimi Goita, the leader of the National Committee for the Salvation of the People, claimed responsibility for the incident and stated ""By making this intervention, we have put Mali first"" and ""Mali is in a sociopolitical and security crisis, There is no more room for mistakes."" The group also promised elections in a ""reasonable time"" and forced President Keita to resign on a television broadcast the following day. || Colonel Assimi Goita, the leader of the National Committee for the Salvation of the People, claimed responsibility for the incident and stated ""By making this intervention, we have put Mali first"" and ""Mali is in a sociopolitical and security crisis, There is no more room for mistakes."" The group also promised elections in a ""reasonable time"" and forced President Keita to resign on a television broadcast the following day. || ",2020,FALSE,FALSE,FALSE,TRUE,FALSE,FALSE,TRUE,TRUE,5,FALSE,FALSE,TRUE,probable_inspired,high_score_text_claim_signal
data/globalterrorismdb_0522dist.csv,202005310021,2020,6,1,06/01/2020,0,NA,4,Afghanistan,6,South Asia,Badakhshan,Warduj district,36.757997,71.180628,3,0,NA,"06/01/2020: Assailants attacked and killed two Afghan Regional Army members in Warduj district, Badakhshan, Afghanistan. The Taliban claimed responsibility for the incident.",1,1,0,1,1,Insurgency/Guerilla Action,0,1,0,9,Unknown,NA,NA,NA,NA,4,Military,34,"Military Personnel (soldiers, troops, officers, forces)",Afghan National Army (ANA),Soldiers,4,Afghanistan,NA,NA,NA,NA,NA,NA,NA,NA,NA,NA,NA,NA,NA,NA,NA,NA,Taliban,NA,NA,NA,NA,NA,"The Taliban claimed responsibility for the attack and stated that one of the targeted soldiers was ""tasked by the Kabul administration to help in Daesh's [Islamic State group] activities in the area.""",0,NA,NA,0,-99,0,1,8,Personal claim,NA,NA,NA,NA,NA,NA,NA,13,Unknown,NA,NA,NA,NA,NA,NA,NA,NA,NA,NA,NA,NA,NA,NA,NA,2,0,0,0,0,0,0,NA,NA,NA,NA,0,NA,NA,NA,NA,NA,NA,NA,NA,NA,NA,NA,NA,NA,NA,NA,NA,"""Insurgents claims 7 lives in 3 separate attacks in Afghanistan,"" Global English (Middle East and North Africa Financial Network), June 1, 2020.","""Terrorism Digest: 1-2 Jun 20,"" BBC Monitoring, June 2, 2020.","""7 killed in separate attacks in Afghan provinces,"" China.org.cn, June 1, 2020.",START Primary Collection,0,0,0,0,NA,Taliban ||  ||  ||  ||  || ,"06/01/2020: Assailants attacked and killed two Afghan Regional Army members in Warduj district, Badakhshan, Afghanistan. The Taliban claimed responsibility for the incident. || The Taliban claimed responsibility for the attack and stated that one of the targeted soldiers was ""tasked by the Kabul administration to help in Daesh's [Islamic State group] activities in the area."" || ",2020,FALSE,FALSE,FALSE,TRUE,TRUE,FALSE,TRUE,TRUE,7,FALSE,FALSE,TRUE,probable_inspired,high_score_text_claim_signal
data/globalterrorismdb_0522dist.csv,202006120006,2020,6,12,NA,0,NA,4,Afghanistan,6,South Asia,Kabul,Kabul,34.523842,69.140304,1,0,The incident occurred in police district 3 and Karte 4 area.,"06/12/2020: Assailants detonated an explosive device during Friday prayer at Sher Shah Suri Mosque in Karte 4 area, Kabul, Afghanistan. Four people were killed, including Imam Azizullah Mofleh, while eight others were injured. The Khorasan Chapter of the Islamic State claimed responsibility for the incident. Sources also attributed the attack to the Taliban, which denied involvement.",1,1,1,0,NA,NA,0,1,0,3,Bombing/Explosion,NA,NA,NA,NA,15,Religious Figures/Institutions,86,Place of Worship,Sher Shah Suri Mosque,Mosque,4,Afghanistan,NA,NA,NA,NA,NA,NA,NA,NA,NA,NA,NA,NA,NA,NA,NA,NA,Taliban,NA,NA,NA,NA,NA,"The specific motive is unknown; however, sources suspected that the attack may have been part of an effort to disrupt the ongoing Afghan peace process.",1,NA,NA,0,-99,1,0,NA,NA,NA,NA,NA,NA,NA,NA,NA,6,Explosives,16,Unknown Explosive Type,NA,NA,NA,NA,NA,NA,NA,NA,NA,NA,NA,NA,NA,4,0,0,8,0,0,-9,NA,NA,NA,NA,0,NA,NA,NA,NA,NA,NA,NA,NA,NA,NA,NA,NA,NA,NA,NA,NA,"""Afghanistan Says It Has Arrested IS Militant Behind Clerics' Killings,"" Radio Free Europe, September 10, 2020.","""422 Security forces killed and wounded by the Taliban past week: NSC,"" Frontier Post, June 14, 2020.","""Afghanistan: Blast inside mosque kills 4, incl Imam,"" Muslim News, June 13, 2020.",START Primary Collection,0,0,0,0,NA,Taliban ||  ||  ||  ||  || ,"06/12/2020: Assailants detonated an explosive device during Friday prayer at Sher Shah Suri Mosque in Karte 4 area, Kabul, Afghanistan. Four people were killed, including Imam Azizullah Mofleh, while eight others were injured. The Khorasan Chapter of the Islamic State claimed responsibility for the incident. Sources also attributed the attack to the Taliban, which denied involvement. || The specific motive is unknown; however, sources suspected that the attack may have been part of an effort to disrupt the ongoing Afghan peace process. || ",2020,FALSE,FALSE,FALSE,TRUE,TRUE,FALSE,FALSE,TRUE,5,FALSE,FALSE,TRUE,probable_inspired,high_score_text_claim_signal
data/globalterrorismdb_0522dist.csv,202006130011,2020,6,13,NA,0,NA,95,Iraq,10,Middle East & North Africa,Saladin,Taji,33.540671,44.251268,1,0,NA,"06/13/2020: Assailants fired two rockets targeting Camp Taji in Taji, Saladin, Iraq. No casualties were reported. No group claimed responsibility for the incident.",1,1,0,1,1,Insurgency/Guerilla Action,0,1,0,3,Bombing/Explosion,NA,NA,NA,NA,4,Military,27,Military Barracks/Base/Headquarters/Checkpost,Combined Joint Task Force – Operation Inherent Resolve (CJTF-OIR),Camp Taji,422,International,NA,NA,NA,NA,NA,NA,NA,NA,NA,NA,NA,NA,NA,NA,NA,NA,Unknown,NA,NA,NA,NA,NA,"The specific motive is unknown; however, sources noted that the attack was the third attack that same week on sites with American personnel in Iraq. Sources also noted that attack occurred near the six-year anniversary of the fatwa (a formal ruling in Islam) by Iraqi Ayatollah Ali Sistani that contributed to the creation of the Popular Mobilization Units (PMU) to combat the Islamic State.",0,NA,NA,0,-99,0,0,NA,NA,NA,NA,NA,NA,NA,NA,NA,6,Explosives,11,"Projectile (rockets, mortars, RPGs, etc.)",NA,NA,NA,NA,NA,NA,NA,NA,NA,NA,NA,NA,Two Katyusha rockets were used in the attack.,0,0,0,0,0,0,0,NA,NA,NA,NA,0,NA,NA,NA,NA,NA,NA,NA,NA,NA,NA,NA,NA,NA,NA,NA,NA,"""Rocket attack near US base in Iraq amid US-Iraq dialogue - report,"" Jerusalem Post, June 13, 2020.","""Alliance: The rockets that bombed Taji fell away from our forces,"" Al-Sharqiya, June 14, 2020.",NA,START Primary Collection,-9,-9,1,1,NA,Unknown ||  ||  ||  ||  || ,"06/13/2020: Assailants fired two rockets targeting Camp Taji in Taji, Saladin, Iraq. No casualties were reported. No group claimed responsibility for the incident. || The specific motive is unknown; however, sources noted that the attack was the third attack that same week on sites with American personnel in Iraq. Sources also noted that attack occurred near the six-year anniversary of the fatwa (a formal ruling in Islam) by Iraqi Ayatollah Ali Sistani that contributed to the creation of the Popular Mobilization Units (PMU) to combat the Islamic State. || ",2020,FALSE,FALSE,TRUE,TRUE,TRUE,FALSE,FALSE,TRUE,6,FALSE,TRUE,TRUE,probable_inspired,high_score_text_claim_signal
data/globalterrorismdb_0522dist.csv,202012030006,2020,12,3,12/03/2020,0,NA,95,Iraq,10,Middle East & North Africa,Diyala,Al-Abbarah,33.813794,44.657236,1,0,The incident occurred in Al-Kubba neighborhood.,"12/03/2020: Two explosive devices detonated targeting a police patrol in Al-Kubba neighborhood, Al-Abbarah, Diyala, Iraq. At least three police officers were injured in the attack. No group claimed responsibility for the incident; however, sources attributed the attack to the Islamic State of Iraq and the Levant (ISIL).",1,1,1,0,NA,NA,0,1,0,3,Bombing/Explosion,7,Facility/Infrastructure Attack,NA,NA,3,Police,23,Police Patrol (including vehicles and convoys),Iraqi Police Service (IPS),Security Patrol,95,Iraq,NA,NA,NA,NA,NA,NA,NA,NA,NA,NA,NA,NA,NA,NA,NA,NA,Unknown,NA,NA,NA,NA,NA,NA,0,NA,NA,0,-99,0,0,NA,NA,NA,NA,NA,NA,NA,NA,NA,6,Explosives,16,Unknown Explosive Type,5,Firearms,4,Rifle/Shotgun (non-automatic),NA,NA,NA,NA,NA,NA,NA,NA,Two explosive devices and a sniper rifle were used in the attack.,0,0,0,3,0,0,1,3,Minor (likely < $1 million),-99,Patrol vehicle damaged,0,NA,NA,NA,NA,NA,NA,NA,NA,NA,NA,NA,NA,NA,NA,NA,NA,"""ISHM: NOVEMBER 19 - DECEMBER 3, 2020,"" Enabling Peace in Iraq Center, December 3, 2020.","""Two officers and a policeman were wounded by an explosive device northeast of Baqubah,"" Iraq News Gazette, December 3, 2020.",NA,START Primary Collection,-9,-9,0,-9,NA,Unknown ||  ||  ||  ||  || ,"12/03/2020: Two explosive devices detonated targeting a police patrol in Al-Kubba neighborhood, Al-Abbarah, Diyala, Iraq. At least three police officers were injured in the attack. No group claimed responsibility for the incident; however, sources attributed the attack to the Islamic State of Iraq and the Levant (ISIL). ||  || ",2020,FALSE,FALSE,TRUE,TRUE,TRUE,FALSE,FALSE,TRUE,6,FALSE,TRUE,TRUE,probable_inspired,high_score_text_claim_signal
data/globalterrorismdb_2021Jan-June_1222dist.csv,202101110011,2021,1,11,NA,0,NA,95,Iraq,10,Middle East & North Africa,Diyala,Muqdadiyah,33.95072,44.92118,1,1,The incident occurred in the Kassib area.,"01/11/2021: An explosive device detonated targeting an Iraqi Volunteer Forces vehicle near Kassib area, Muqdadiyah, Diyala, Iraq. Two people, including the commander of the 5th Battalion in the A’immat al-Baqee brigade and his deputy, were killed in the blast. No group claimed responsibility for the incident; however, sources attributed the attack to the Islamic State of Iraq and the Levant (ISIL).",1,1,0,1,1,Insurgency/Guerilla Action,0,1,0,3,Bombing/Explosion,NA,NA,NA,NA,4,Military,29,Military Unit/Patrol/Convoy,Iraqi Volunteer Forces,Paramilitary Patrol,95,Iraq,NA,NA,NA,NA,NA,NA,NA,NA,NA,NA,NA,NA,NA,NA,NA,NA,Unknown,NA,NA,NA,NA,NA,NA,0,NA,NA,0,-99,0,0,NA,NA,NA,NA,NA,NA,NA,NA,NA,6,Explosives,16,Unknown Explosive Type,NA,NA,NA,NA,NA,NA,NA,NA,NA,NA,NA,NA,A roadside bomb was used in the attack.,2,0,0,0,0,0,0,NA,NA,NA,NA,0,NA,NA,NA,NA,NA,NA,NA,NA,NA,NA,NA,NA,NA,NA,NA,NA,"""A commander of the ""Defense Mobilization"" killed by an IED in Diyala,"" Shafaaq.com, January 11, 2021.","""ISHM: JANUARY 7 - JANUARY 14, 2021,"" Enabling Peace in Iraq Center, January 14, 2021.","""Two members of the defense crowd were killed when an explosive device exploded in Diyala,"" National Iraqi News Agency (NINA), January 11, 2021.",START Primary Collection,-9,-9,0,-9,NA,Unknown ||  ||  ||  ||  || ,"01/11/2021: An explosive device detonated targeting an Iraqi Volunteer Forces vehicle near Kassib area, Muqdadiyah, Diyala, Iraq. Two people, including the commander of the 5th Battalion in the A’immat al-Baqee brigade and his deputy, were killed in the blast. No group claimed responsibility for the incident; however, sources attributed the attack to the Islamic State of Iraq and the Levant (ISIL). ||  || ",2021,FALSE,FALSE,TRUE,TRUE,TRUE,FALSE,FALSE,TRUE,6,FALSE,TRUE,TRUE,probable_inspired,high_score_text_claim_signal
data/globalterrorismdb_2021Jan-June_1222dist.csv,202101230017,2021,1,23,NA,0,NA,173,Saudi Arabia,10,Middle East & North Africa,Riyadh,Riyadh,24.684588,46.70267,1,0,NA,"01/23/2021: Security forces intercepted and destroyed an explosive device targeting Al-Yamamah Palace in Riyadh, Saudi Arabia. The Truthful Promise Brigades (Alwiya Al-Waad Al-Haq) claimed responsibility for the incident and stated that the attack was carried out in retaliation for a recent suicide bombing in Baghdad, Iraq carried out by the Islamic State of Iraq and the Levant (ISIL). However, sources attributed the attack to Houthi extremists (Ansar Allah), who denied any involvement in the incident.",1,1,1,0,NA,NA,0,0,0,3,Bombing/Explosion,NA,NA,NA,NA,14,Private Citizens & Property,75,Village/City/Town/Suburb,Riyadh City,City,173,Saudi Arabia,NA,NA,NA,NA,NA,NA,NA,NA,NA,NA,NA,NA,NA,NA,NA,NA,Alwiya Al-Waad Al-Haq (Truthful Promise Brigades),NA,Houthi extremists (Ansar Allah),NA,NA,NA,"Alwiya Al-Waad Al-Haq (Truthful Promise Brigades) claimed responsibility and stated that the attack was carried out in retaliation for a recent suicide bombing in Baghdad, Iraq carried out by the Islamic State of Iraq and the Levant (ISIL).",0,1,NA,0,-99,0,1,7,"Posted to website, blog, etc.",0,NA,NA,NA,NA,NA,NA,6,Explosives,12,Remote Trigger,NA,NA,NA,NA,NA,NA,NA,NA,NA,NA,NA,NA,A remote-controlled explosives-laden drone was used in the attack.,0,0,0,0,0,0,0,NA,NA,NA,NA,0,NA,NA,NA,NA,NA,NA,NA,NA,NA,NA,NA,NA,NA,NA,NA,NA,"""Egypt condemns Yemen's Houthis attacks on Saudi capital,"" Daily News Egypt, January 25, 2021.","""Saudi intercepts ‘hostile target’ over capital,"" Bangladesh Daily Star, January 23, 2021.","""Iraqi militant attack on Riyadh could signal a larger shift in Iran’s regional approach,"" Critical Threats, February 4, 2021.",START Primary Collection,1,1,0,1,NA,Alwiya Al-Waad Al-Haq (Truthful Promise Brigades) || Houthi extremists (Ansar Allah) ||  ||  ||  || ,"01/23/2021: Security forces intercepted and destroyed an explosive device targeting Al-Yamamah Palace in Riyadh, Saudi Arabia. The Truthful Promise Brigades (Alwiya Al-Waad Al-Haq) claimed responsibility for the incident and stated that the attack was carried out in retaliation for a recent suicide bombing in Baghdad, Iraq carried out by the Islamic State of Iraq and the Levant (ISIL). However, sources attributed the attack to Houthi extremists (Ansar Allah), who denied any involvement in the incident. || Alwiya Al-Waad Al-Haq (Truthful Promise Brigades) claimed responsibility and stated that the attack was carried out in retaliation for a recent suicide bombing in Baghdad, Iraq carried out by the Islamic State of Iraq and the Levant (ISIL). || ",2021,FALSE,FALSE,FALSE,TRUE,TRUE,FALSE,TRUE,TRUE,7,FALSE,FALSE,TRUE,probable_inspired,high_score_text_claim_signal
data/globalterrorismdb_2021Jan-June_1222dist.csv,202101260019,2021,1,26,NA,0,NA,173,Saudi Arabia,10,Middle East & North Africa,Riyadh,Riyadh,24.684588,46.70267,1,0,NA,"01/26/2021: Security forces intercepted and destroyed an explosive device targeting Riyadh, Riyadh, Saudi Arabia. There were no reported casualties in the attack. Alwiya Al-Waad Al-Haq (Truthful Promise Brigades) claimed responsibility and stated that the attack was carried out in retaliation for a recent suicide attack in Baghdad, Iraq carried out by the Islamic State of Iraq and the Levant (ISIL). Sources also suspected that Kata'ib Hezbollah was involved in the attack.",1,1,1,0,NA,NA,0,0,0,3,Bombing/Explosion,NA,NA,NA,NA,14,Private Citizens & Property,75,Village/City/Town/Suburb,Riyadh City,City,173,Saudi Arabia,NA,NA,NA,NA,NA,NA,NA,NA,NA,NA,NA,NA,NA,NA,NA,NA,Alwiya Al-Waad Al-Haq (Truthful Promise Brigades),NA,Kata'ib Hezbollah,NA,NA,NA,"Alwiya Al-Waad Al-Haq (Truthful Promise Brigades) claimed responsibility and stated that the attack was carried out in retaliation for a recent suicide bombing in Baghdad, Iraq carried out by the Islamic State of Iraq and the Levant (ISIL).",0,1,NA,0,-99,0,1,7,"Posted to website, blog, etc.",0,NA,NA,NA,NA,NA,NA,6,Explosives,12,Remote Trigger,NA,NA,NA,NA,NA,NA,NA,NA,NA,NA,NA,NA,A remote-controlled explosives-laden drone was used in the attack.,0,0,0,0,0,0,0,NA,NA,NA,NA,0,NA,NA,NA,NA,NA,NA,NA,NA,NA,NA,NA,NA,NA,NA,NA,NA,"""Houthis Blamed for 2nd Strike in 3 Days on Saudi Capital ,"" Media Line, January 27, 2021.","""World: Will Saudi Arabia become a new drone battleground?,"" Asia News Monitor, February 1, 2021.",NA,START Primary Collection,1,1,0,1,NA,Alwiya Al-Waad Al-Haq (Truthful Promise Brigades) || Kata'ib Hezbollah ||  ||  ||  || ,"01/26/2021: Security forces intercepted and destroyed an explosive device targeting Riyadh, Riyadh, Saudi Arabia. There were no reported casualties in the attack. Alwiya Al-Waad Al-Haq (Truthful Promise Brigades) claimed responsibility and stated that the attack was carried out in retaliation for a recent suicide attack in Baghdad, Iraq carried out by the Islamic State of Iraq and the Levant (ISIL). Sources also suspected that Kata'ib Hezbollah was involved in the attack. || Alwiya Al-Waad Al-Haq (Truthful Promise Brigades) claimed responsibility and stated that the attack was carried out in retaliation for a recent suicide bombing in Baghdad, Iraq carried out by the Islamic State of Iraq and the Levant (ISIL). || ",2021,FALSE,FALSE,FALSE,TRUE,TRUE,FALSE,TRUE,TRUE,7,FALSE,FALSE,TRUE,probable_inspired,high_score_text_claim_signal
data/globalterrorismdb_2021Jan-June_1222dist.csv,202101290002,2021,1,29,NA,0,NA,92,India,6,South Asia,Delhi,New Delhi,28.585837,77.153335,1,0,The incident occurred on APJ Abdul Kalam road.,"01/29/2021: An explosive device detonated near the Israeli embassy on APJ Abdul Kalam road in New Delhi, Dehli, India. There were no reported casualties in the attack. Sarallah India Hezbollah claimed responsibility for the incident in a letter found at the scene. The letter stated that the attack was carried out in retaliation for the deaths of Iranian Quds Force Commander Qassem Soleimani, Abu Mehdhi Al Muhandis, and Iranian nuclear scientist Mohsen Fakrizadeh. Jaish-ul-Hind also claimed responsibility for the incident, and their claim was disseminated in Islamic State of Iraq and the Levant (ISIL) Telegram channels; however, authorities could not verify a link between ISIL and the attack.",1,1,1,0,NA,NA,0,1,0,3,Bombing/Explosion,NA,NA,NA,NA,7,Government (Diplomatic),46,Embassy/Consulate,Israeli Ministry of Foreign Affairs,Embassy,92,India,NA,NA,NA,NA,NA,NA,NA,NA,NA,NA,NA,NA,NA,NA,NA,NA,Sarallah India Hezbollah,NA,Jaish-ul-Hind,NA,NA,NA,"Sarallah India Hezbollah claimed responsibility for the incident in a letter found at the scene, which addressed the Israeli ambassador as ""The Terrorist, Devil of Terrorist Nation Dr Ron Malka"" and warned of larger attacks in the future. The letter stated that the attack was carried out in retaliation for the deaths of Iranian Quds Force Commander Qassem Soleimani, Abu Mehdhi Al Muhandis, and Iranian nuclear scientist Mohsen Fakrizadeh. Jaish-ul-Hind also claimed responsibility for the incident, and their claim was disseminated in Islamic State of Iraq and the Levant (ISIL) Telegram channels; however, authorities could not verify a link between ISIL and the attack. Sources also noted that the attack occurred on the 29th anniversary of the establishment of diplomatic relations between Israel and India",0,0,NA,0,-99,0,1,5,Note left at scene,1,7,"Posted to website, blog, etc.",NA,NA,NA,1,6,Explosives,12,Remote Trigger,NA,NA,NA,NA,NA,NA,NA,NA,NA,NA,NA,NA,A tin can filled with ammonium nitrate fuel oil (ANFO) and ball bearings detonated by remote control was used in the attack.,0,0,0,0,0,0,1,3,Minor (likely < $1 million),-99,Three vehicles damaged,0,NA,NA,NA,NA,NA,NA,NA,NA,NA,NA,NA,NA,NA,NA,NA,NA,"""Delhi: A year on, little headway in Israeli Embassy blast probe,"" Hindustan Times, January 28, 2022.","""Blast near Israeli Embassy: Probe agencies keen on DNA fingerprinting,"" Economic Times, January 31, 2021.","""Iran angle with local connivance key line of Israel embassy blast probe,"" Hindustan Times, January 31, 2021.",START Primary Collection,0,0,0,0,NA,Sarallah India Hezbollah || Jaish-ul-Hind ||  ||  ||  || ,"01/29/2021: An explosive device detonated near the Israeli embassy on APJ Abdul Kalam road in New Delhi, Dehli, India. There were no reported casualties in the attack. Sarallah India Hezbollah claimed responsibility for the incident in a letter found at the scene. The letter stated that the attack was carried out in retaliation for the deaths of Iranian Quds Force Commander Qassem Soleimani, Abu Mehdhi Al Muhandis, and Iranian nuclear scientist Mohsen Fakrizadeh. Jaish-ul-Hind also claimed responsibility for the incident, and their claim was disseminated in Islamic State of Iraq and the Levant (ISIL) Telegram channels; however, authorities could not verify a link between ISIL and the attack. || Sarallah India Hezbollah claimed responsibility for the incident in a letter found at the scene, which addressed the Israeli ambassador as ""The Terrorist, Devil of Terrorist Nation Dr Ron Malka"" and warned of larger attacks in the future. The letter stated that the attack was carried out in retaliation for the deaths of Iranian Quds Force Commander Qassem Soleimani, Abu Mehdhi Al Muhandis, and Iranian nuclear scientist Mohsen Fakrizadeh. Jaish-ul-Hind also claimed responsibility for the incident, and their claim was disseminated in Islamic State of Iraq and the Levant (ISIL) Telegram channels; however, authorities could not verify a link between ISIL and the attack. Sources also noted that the attack occurred on the 29th anniversary of the establishment of diplomatic relations between Israel and India || ",2021,FALSE,FALSE,FALSE,TRUE,TRUE,FALSE,TRUE,TRUE,7,FALSE,FALSE,TRUE,probable_inspired,high_score_text_claim_signal
data/globalterrorismdb_2021Jan-June_1222dist.csv,202103250010,2021,3,25,NA,0,NA,182,Somalia,11,Sub-Saharan Africa,Banaadir,Mogadishu,2.059818,45.326114,1,0,NA,"03/25/2021: Assailants fired mortars at Camp Halane in Mogadishu, Banaadir, Somalia. At least three civilians were killed and at least four people were injured. Al-Shabaab claimed responsibility for the incident.",1,1,1,0,NA,NA,0,1,0,3,Bombing/Explosion,NA,NA,NA,NA,7,Government (Diplomatic),47,"International Organization (peacekeeper, aid agency, compound)",United Nations (UN),Halane Camp,422,International,4,Military,27,Military Barracks/Base/Headquarters/Checkpost,African Union Mission in Somalia (AMISOM),Halane Camp,422,International,14,Private Citizens & Property,67,Unnamed Civilian/Unspecified,Not Applicable,Civilians,182,Somalia,Al-Shabaab,NA,NA,NA,NA,NA,The specific motive is unknown; however sources noted that the compound targeted was hosting negotiations between Somali leaders to end the election crisis.,0,NA,NA,0,-99,0,1,10,Unknown,NA,NA,NA,NA,NA,NA,NA,6,Explosives,11,"Projectile (rockets, mortars, RPGs, etc.)",NA,NA,NA,NA,NA,NA,NA,NA,NA,NA,NA,NA,Mortars were used in the attack.,3,0,0,4,0,0,1,3,Minor (likely < $1 million),-99,Airport and multiple houses damaged,0,NA,NA,NA,NA,NA,NA,NA,NA,NA,NA,NA,NA,NA,NA,NA,"Casualty numbers conflict across sources. Following GTD protocol, the lowest reliable estimates are reported here.","""UN, African Union mission HQs targeted in Somali capital, 3 dead,"" Al Jazeera, March 25, 2021.","""Three killed in mortar shell attack near Somalia talks' venue,"" BBC Monitoring, March 25, 2021.",NA,START Primary Collection,0,1,1,1,NA,Al-Shabaab ||  ||  ||  ||  || ,"03/25/2021: Assailants fired mortars at Camp Halane in Mogadishu, Banaadir, Somalia. At least three civilians were killed and at least four people were injured. Al-Shabaab claimed responsibility for the incident. || The specific motive is unknown; however sources noted that the compound targeted was hosting negotiations between Somali leaders to end the election crisis. || Casualty numbers conflict across sources. Following GTD protocol, the lowest reliable estimates are reported here.",2021,FALSE,FALSE,FALSE,TRUE,FALSE,FALSE,TRUE,TRUE,5,FALSE,FALSE,TRUE,probable_inspired,high_score_text_claim_signal
data/globalterrorismdb_2021Jan-June_1222dist.csv,202105230044,2021,5,23,NA,0,NA,78,Greece,8,Western Europe,Attica,Athens,37.997492,23.762727,1,0,The incident occurred along Formionos street in Vyronas district.,"05/23/2021: An incendiary device ignited targeting a gym on Formionos Street in Athens, Attica, Greece. There were no reported casualties in the attack. This was one of two coordinated arsons in Vyronas on this date targeting businesses owned by the wife of Nikos Hardalias, the Deputy Minister for Civil Protection and Crisis Management. The Proletarian Core, an anarchist group, claimed responsibility for the incidents and stated that the attacks were retaliation for the government's handling of the coronavirus pandemic and its policies towards workers.",1,1,1,0,NA,NA,1,1,0,7,Facility/Infrastructure Attack,NA,NA,NA,NA,1,Business,7,Retail/Grocery/Bakery,Point of You - Fitness Hall I.K.E.,Fitness Center,78,Greece,NA,NA,NA,NA,NA,NA,NA,NA,NA,NA,NA,NA,NA,NA,NA,NA,Proletarian Core,NA,NA,NA,NA,NA,"Proletarian Core, an anarchist group, claimed responsibility for the incidents and stated that the attacks were retaliation for the government's handling of the coronavirus pandemic and its policies towards workers.",0,NA,NA,0,-99,0,1,7,"Posted to website, blog, etc.",NA,NA,NA,NA,NA,NA,NA,8,Incendiary,20,Gasoline or Alcohol,NA,NA,NA,NA,NA,NA,NA,NA,NA,NA,NA,NA,A homemade incendiary device consisting of gas canisters was used in the attack.,0,0,0,0,0,0,1,3,Minor (likely < $1 million),-99,Gym damaged,0,NA,NA,NA,NA,NA,NA,NA,NA,NA,NA,NA,NA,NA,NA,NA,"The targets included businesses owned by the spouse of Nikos Hardalia, the Deputy Minister of Civil Protection & Crisis Management.","""Group claims responsibility for Vyronas arson attacks,"" EKathimerini.com, July 28, 2021.",NA,NA,START Primary Collection,-9,-9,0,-9,"202105230044, 202105230045",Proletarian Core ||  ||  ||  ||  || ,"05/23/2021: An incendiary device ignited targeting a gym on Formionos Street in Athens, Attica, Greece. There were no reported casualties in the attack. This was one of two coordinated arsons in Vyronas on this date targeting businesses owned by the wife of Nikos Hardalias, the Deputy Minister for Civil Protection and Crisis Management. The Proletarian Core, an anarchist group, claimed responsibility for the incidents and stated that the attacks were retaliation for the government's handling of the coronavirus pandemic and its policies towards workers. || Proletarian Core, an anarchist group, claimed responsibility for the incidents and stated that the attacks were retaliation for the government's handling of the coronavirus pandemic and its policies towards workers. || The targets included businesses owned by the spouse of Nikos Hardalia, the Deputy Minister of Civil Protection & Crisis Management.",2021,FALSE,FALSE,FALSE,TRUE,FALSE,FALSE,TRUE,TRUE,5,FALSE,FALSE,TRUE,probable_inspired,high_score_text_claim_signal
data/globalterrorismdb_2021Jan-June_1222dist.csv,202105230045,2021,5,23,NA,0,NA,78,Greece,8,Western Europe,Attica,Athens,37.997492,23.762727,1,0,The incident occurred along Formionos street in Vyronas district.,"05/23/2021: An incendiary device ignited targeting a children's clothing store on Formionos Street in Athens, Attica, Greece. There were no reported casualties in the attack. This was one of two coordinated arsons in Vyronas on this date targeting businesses owned by the wife of Nikos Hardalias, the Deputy Minister for Civil Protection and Crisis Management. The Proletarian Core, an anarchist group, claimed responsibility for the incidents and stated that the attacks were retaliation for the government's handling of the coronavirus pandemic and its policies towards workers.",1,1,1,0,NA,NA,1,1,0,7,Facility/Infrastructure Attack,NA,NA,NA,NA,1,Business,7,Retail/Grocery/Bakery,Unknown,Store,78,Greece,NA,NA,NA,NA,NA,NA,NA,NA,NA,NA,NA,NA,NA,NA,NA,NA,Proletarian Core,NA,NA,NA,NA,NA,"Proletarian Core, an anarchist group, claimed responsibility for the incidents and stated that the attacks were retaliation for the government's handling of the coronavirus pandemic and its policies towards workers.",0,NA,NA,0,-99,0,1,7,"Posted to website, blog, etc.",NA,NA,NA,NA,NA,NA,NA,8,Incendiary,20,Gasoline or Alcohol,NA,NA,NA,NA,NA,NA,NA,NA,NA,NA,NA,NA,A homemade incendiary device consisting of gas canisters was used in the attack.,0,0,0,0,0,0,1,3,Minor (likely < $1 million),-99,Clothing store damaged,0,NA,NA,NA,NA,NA,NA,NA,NA,NA,NA,NA,NA,NA,NA,NA,"The targets included businesses owned by the spouse of Nikos Hardalia, the Deputy Minister of Civil Protection & Crisis Management.","""Group claims responsibility for Vyronas arson attacks,"" EKathimerini.com, July 28, 2021.",NA,NA,START Primary Collection,-9,-9,0,-9,"202105230044, 202105230045",Proletarian Core ||  ||  ||  ||  || ,"05/23/2021: An incendiary device ignited targeting a children's clothing store on Formionos Street in Athens, Attica, Greece. There were no reported casualties in the attack. This was one of two coordinated arsons in Vyronas on this date targeting businesses owned by the wife of Nikos Hardalias, the Deputy Minister for Civil Protection and Crisis Management. The Proletarian Core, an anarchist group, claimed responsibility for the incidents and stated that the attacks were retaliation for the government's handling of the coronavirus pandemic and its policies towards workers. || Proletarian Core, an anarchist group, claimed responsibility for the incidents and stated that the attacks were retaliation for the government's handling of the coronavirus pandemic and its policies towards workers. || The targets included businesses owned by the spouse of Nikos Hardalia, the Deputy Minister of Civil Protection & Crisis Management.",2021,FALSE,FALSE,FALSE,TRUE,FALSE,FALSE,TRUE,TRUE,5,FALSE,FALSE,TRUE,probable_inspired,high_score_text_claim_signal
data/globalterrorismdb_2021Jan-June_1222dist.csv,202101150037,2021,1,16,NA,0,NA,200,Syria,10,Middle East & North Africa,Al Hasakah,Al-Hawl,36.376611,41.134724,1,1,NA,"01/16/2021: Assailants attacked and beheaded an Iraqi refugee at a camp in Al-Hawl, Al Hasakah, Syria. No group claimed responsibility for the attack; however, sources attributed the attack to the Islamic State of Iraq and the Levant (ISIL).",1,1,1,0,NA,NA,0,1,0,6,Hostage Taking (Kidnapping),NA,NA,NA,NA,14,Private Citizens & Property,65,Refugee (including Camps/IDP/Asylum Seekers),Al-Hol Camp,Iraqi Refugee,200,Syria,NA,NA,NA,NA,NA,NA,NA,NA,NA,NA,NA,NA,NA,NA,NA,NA,Unknown,NA,NA,NA,NA,NA,NA,0,NA,NA,0,-99,0,0,NA,NA,NA,NA,NA,NA,NA,NA,NA,9,Melee,23,Knife or Other Sharp Object,NA,NA,NA,NA,NA,NA,NA,NA,NA,NA,NA,NA,NA,1,0,0,0,0,0,0,NA,NA,NA,NA,1,1,0,-99,NA,NA,NA,0,NA,NA,NA,NA,NA,4,Hostage(s) killed (not during rescue attempt),0,NA,"""Killings at refugee camp for IS surging,"" Irish Examiner, February 19, 2021.","""Islamic State sleeper cells blamed for string of beheadings in Syrian camp,"" Telegraph, February 8, 2021.",NA,START Primary Collection,-9,-9,0,-9,NA,Unknown ||  ||  ||  ||  || ,"01/16/2021: Assailants attacked and beheaded an Iraqi refugee at a camp in Al-Hawl, Al Hasakah, Syria. No group claimed responsibility for the attack; however, sources attributed the attack to the Islamic State of Iraq and the Levant (ISIL). ||  || ",2021,FALSE,FALSE,TRUE,TRUE,TRUE,FALSE,FALSE,TRUE,6,FALSE,TRUE,TRUE,probable_inspired,high_score_text_claim_signal
data/globalterrorismdb_2021Jan-June_1222dist.csv,202103310003,2021,3,31,NA,0,NA,93,Indonesia,5,Southeast Asia,Jakarta Raya,Jakarta,-6.208763,106.845599,1,0,NA,"03/31/2021: An assailant walked into the Indonesian National Police (INP) headquarters and opened fire in Jakarta, Jakarta Raya, Indonesia. Officers returned fire and killed the assailant. The assailant, an unaffiliated jihadi-inspired extremist, claimed responsibility for the incident and posted an Islamic State of Iraq and the Levant (ISIL) flag on social media hours before the attack.",1,1,1,0,NA,NA,0,0,0,2,Armed Assault,NA,NA,NA,NA,3,Police,22,"Police Building (headquarters, station, school)",Indonesian National Police (INP),Headquarters,93,Indonesia,NA,NA,NA,NA,NA,NA,NA,NA,NA,NA,NA,NA,NA,NA,NA,NA,Jihadi-inspired extremists,NA,NA,NA,NA,NA,"Zakiah Aini, an unaffiliated individual, posted an Islamic State of Iraq and the Levant (ISIL) flag on social media hours before the attack.",0,NA,NA,1,1,0,1,7,"Posted to website, blog, etc.",NA,NA,NA,NA,NA,NA,NA,5,Firearms,6,Other Gun Type,NA,NA,NA,NA,NA,NA,NA,NA,NA,NA,NA,NA,A nitro-piston air pistol was used in the attack.,1,0,1,0,0,0,0,NA,NA,NA,NA,0,NA,NA,NA,NA,NA,NA,NA,NA,NA,NA,NA,NA,NA,NA,NA,NA,"""Jokowi urges calm following Makassar, Police HQ attacks,"" Jakarta Post, April 2, 2021.","""Indonesia Police Say Female Attacker at Headquarters Was An IS Follower,"" Tempo.co, April 1, 2021.","""FEMALE ATTACKER SHOT DEAD IN SHOOTOUT AT INDONESIAN POLICE HEADQUARTERS,"" Malaysia General News, March 31, 2021.",START Primary Collection,-9,-9,0,-9,NA,Jihadi-inspired extremists ||  ||  ||  ||  || ,"03/31/2021: An assailant walked into the Indonesian National Police (INP) headquarters and opened fire in Jakarta, Jakarta Raya, Indonesia. Officers returned fire and killed the assailant. The assailant, an unaffiliated jihadi-inspired extremist, claimed responsibility for the incident and posted an Islamic State of Iraq and the Levant (ISIL) flag on social media hours before the attack. || Zakiah Aini, an unaffiliated individual, posted an Islamic State of Iraq and the Levant (ISIL) flag on social media hours before the attack. || ",2021,FALSE,TRUE,FALSE,TRUE,TRUE,FALSE,TRUE,TRUE,9,TRUE,FALSE,TRUE,probable_inspired,high_score_text_claim_signal
data/globalterrorismdb_2021Jan-June_1222dist.csv,202105270041,2021,5,27,05/27/2021,0,NA,95,Iraq,10,Middle East & North Africa,Diyala,Hamandaliyah,33.773349,45.14945,2,0,NA,"05/27/2021: Two explosive devices were discovered and defused at orchards in Hamandaliyah, Diyala, Iraq. No group claimed responsibility; however, sources attributed the incident to the Islamic State of Iraq and the Levant (ISIL).",1,1,1,0,NA,NA,0,0,0,3,Bombing/Explosion,NA,NA,NA,NA,14,Private Citizens & Property,72,Farmer,Not Applicable,Orchards,95,Iraq,NA,NA,NA,NA,NA,NA,NA,NA,NA,NA,NA,NA,NA,NA,NA,NA,Unknown,NA,NA,NA,NA,NA,NA,0,NA,NA,0,-99,0,0,NA,NA,NA,NA,NA,NA,NA,NA,NA,6,Explosives,16,Unknown Explosive Type,NA,NA,NA,NA,NA,NA,NA,NA,NA,NA,NA,NA,Two explosive devices were used in the attack.,0,0,0,0,0,0,0,NA,NA,NA,NA,0,NA,NA,NA,NA,NA,NA,NA,NA,NA,NA,NA,NA,NA,NA,NA,NA,"""Security forces thwart an attack against the Global coalition forces in al-Diwaniyah,"" Shafaaq.com, May 27, 2021.","""Detonation of two explosive devices northeast of Baqubah,"" Iraq News Gazette, May 27, 2021.",NA,START Primary Collection,-9,-9,0,-9,NA,Unknown ||  ||  ||  ||  || ,"05/27/2021: Two explosive devices were discovered and defused at orchards in Hamandaliyah, Diyala, Iraq. No group claimed responsibility; however, sources attributed the incident to the Islamic State of Iraq and the Levant (ISIL). ||  || ",2021,FALSE,FALSE,TRUE,TRUE,TRUE,FALSE,FALSE,TRUE,6,FALSE,TRUE,TRUE,probable_inspired,high_score_text_claim_signal
data/globalterrorismdb_2021Jan-June_1222dist.csv,202106270014,2021,6,27,NA,0,NA,182,Somalia,11,Sub-Saharan Africa,Mudug,Wisil,5.428547,48.122542,1,0,NA,"06/27/2021: Suicide bombers detonated explosives-laden vehicles and assailants opened fire on a military base in Wisil, Mudug, Somalia. At least 49 people, including 41 assailants, were killed and an unknown number of people were injured in the attack. Al-Shabaab claimed responsibility for the incident.",1,1,0,1,1,Insurgency/Guerilla Action,0,1,1,3,Bombing/Explosion,2,Armed Assault,NA,NA,4,Military,27,Military Barracks/Base/Headquarters/Checkpost,Somali Armed Forces (SAF),Base,182,Somalia,NA,NA,NA,NA,NA,NA,NA,NA,NA,NA,NA,NA,NA,NA,NA,NA,Al-Shabaab,NA,NA,NA,NA,NA,NA,0,NA,NA,0,41,0,1,8,Personal claim,NA,NA,NA,NA,NA,NA,NA,6,Explosives,15,Vehicle,6,Explosives,11,"Projectile (rockets, mortars, RPGs, etc.)",5,Firearms,5,Unknown Gun Type,NA,NA,NA,NA,Two explosives-laden vehicles and artillery were used in the attack.,49,0,41,NA,0,NA,1,4,Unknown,-99,Military vehicles damaged,0,NA,NA,NA,NA,NA,NA,NA,NA,NA,NA,NA,NA,NA,NA,NA,"Casualty numbers conflict across sources. Following GTD protocol, the majority reliable estimates are reported here.","""Somalia: Halted assault leaves 41 dead in Galmudug,"" MENAFN - Business & Finance News (English), June 28, 2021.","""At least 30 dead in Al Shabab siege in Somalia’s Galmudug,"" TRT World, June 28, 2021.","""41 militants killed in Somalia suicide attack,"" MENAFN - Business & Finance News (English), June 28, 2021.",START Primary Collection,0,0,0,0,NA,Al-Shabaab ||  ||  ||  ||  || ,"06/27/2021: Suicide bombers detonated explosives-laden vehicles and assailants opened fire on a military base in Wisil, Mudug, Somalia. At least 49 people, including 41 assailants, were killed and an unknown number of people were injured in the attack. Al-Shabaab claimed responsibility for the incident. ||  || Casualty numbers conflict across sources. Following GTD protocol, the majority reliable estimates are reported here.",2021,FALSE,FALSE,FALSE,TRUE,FALSE,FALSE,TRUE,TRUE,5,FALSE,FALSE,TRUE,probable_inspired,high_score_text_claim_signal
